10,9,9,29.50,3.26, 0.17,10,10,19.06,1.58, 0.16,10,10,11.91,1.05, 0.11,10,10,32.22,5.74, 0.17
10,6,6,45.09,8.67, 0.23,10,10,17.03,1.45, 0.13,10,10,14.34,1.23, 0.12,10,10,61.95,8.34, 0.31
10,9,9,33.67,4.29, 0.14,10,10,16.64,1.73, 0.11,10,10,10.53,1.07, 0.08,10,10,30.48,2.83, 0.16
10,6,6,33.92,9.02, 0.21,10,10,11.82,1.12, 0.20,10,10,8.02,0.71, 0.16,10,10,31.18,5.24, 0.18
10,10,10,54.37,6.02, 0.27,10,10,17.79,1.43, 0.15,10,10,13.14,1.11, 0.16,10,10,60.37,9.13, 0.27
10,8,8,32.54,4.65, 0.17,10,10,19.92,1.69, 0.15,10,10,13.04,1.05, 0.12,10,10,45.31,5.67, 0.22
10,10,10,44.38,7.38, 0.18,10,10,17.50,1.43, 0.13,10,10,12.67,1.07, 0.12,10,10,30.69,5.13, 0.26
10,10,10,54.37,6.22, 0.27,10,10,15.70,1.54, 0.14,10,10,8.70,0.88, 0.10,10,10,59.05,6.09, 0.26
10,10,10,34.13,6.99, 0.23,10,10,11.98,0.82, 0.12,10,10,11.75,0.81, 0.12,10,10,49.05,7.41, 0.26
10,10,10,36.16,6.41, 0.15,10,10,10.03,0.76, 0.08,10,10,9.33,0.73, 0.07,10,10,78.05,11.32, 0.26
10,10,10,22.32,2.13, 0.15,10,10,11.50,1.09, 0.14,10,10,9.63,0.99, 0.14,10,10,50.11,6.39, 0.28
10,9,9,28.29,4.68, 0.20,10,10,14.84,1.76, 0.19,10,10,10.17,1.12, 0.17,10,10,67.50,9.42, 0.36
10,9,9,30.30,3.39, 0.16,10,10,17.15,1.79, 0.12,10,10,12.03,1.17, 0.11,10,10,51.90,6.72, 0.25
10,8,8,45.07,5.90, 0.19,10,10,12.04,1.39, 0.10,10,10,8.81,0.79, 0.08,10,10,38.21,5.39, 0.17
10,10,10,33.10,3.86, 0.17,10,10,20.73,2.55, 0.13,10,10,7.35,0.61, 0.09,10,10,59.24,6.84, 0.26
10,8,8,38.79,4.99, 0.20,10,10,19.44,1.94, 0.15,10,10,12.27,1.23, 0.11,10,10,64.95,7.26, 0.30
10,10,10,53.71,8.36, 0.20,10,10,15.81,1.41, 0.13,10,10,9.51,0.85, 0.08,10,10,29.79,4.40, 0.20
10,10,10,32.46,2.90, 0.22,10,10,13.10,1.32, 0.19,10,10,7.92,0.58, 0.13,10,10,70.62,9.38, 0.37
10,10,10,46.57,5.92, 0.22,10,10,11.99,1.05, 0.09,10,10,7.95,0.70, 0.06,10,10,46.68,5.57, 0.25
10,10,10,35.63,4.94, 0.21,10,10,10.13,1.01, 0.17,10,10,7.76,0.76, 0.19,10,10,43.66,3.99, 0.24
20,18,18,59.01,7.08, 0.20,19,19,38.51,3.10, 0.14,20,20,35.75,5.07, 0.12,20,20,33.03,1.79, 0.15
20,17,17,57.65,6.00, 0.21,17,17,26.22,1.19, 0.10,17,17,18.71,0.74, 0.07,20,20,67.09,3.70, 0.19
20,19,19,63.91,5.37, 0.21,20,20,32.68,1.70, 0.16,20,20,19.79,0.78, 0.09,20,20,73.21,5.62, 0.21
20,20,20,60.32,5.17, 0.18,20,20,34.97,1.37, 0.15,20,20,20.91,0.87, 0.10,20,20,98.11,5.04, 0.32
20,20,20,61.68,6.35, 0.22,20,20,23.76,1.23, 0.17,20,20,16.32,0.79, 0.14,20,20,51.37,2.83, 0.22
20,20,20,107.52,6.97, 0.26,20,20,33.88,1.76, 0.09,20,20,23.77,1.24, 0.06,20,20,78.63,5.32, 0.20
20,20,20,62.08,4.49, 0.27,20,20,21.59,1.07, 0.13,20,20,19.13,0.86, 0.11,20,20,54.64,2.77, 0.26
20,20,20,83.33,4.50, 0.27,20,20,34.25,1.52, 0.10,20,20,20.83,0.87, 0.07,20,20,75.61,4.89, 0.23
20,20,20,69.99,3.96, 0.29,20,20,26.17,1.15, 0.12,20,20,20.46,0.94, 0.09,20,20,68.96,3.31, 0.21
20,20,20,75.85,5.39, 0.28,20,20,22.96,0.97, 0.11,20,20,15.63,0.68, 0.08,20,20,57.30,2.96, 0.20
20,19,19,49.24,4.82, 0.23,20,20,41.81,2.12, 0.21,20,20,33.62,1.85, 0.18,18,18,66.36,5.82, 0.30
20,20,20,48.15,2.74, 0.22,20,20,29.47,1.37, 0.16,20,20,14.35,0.64, 0.08,20,20,45.93,5.53, 0.14
20,16,16,59.23,5.36, 0.17,20,20,43.68,2.03, 0.14,19,19,34.85,1.95, 0.12,20,20,49.92,5.73, 0.14
20,20,20,80.90,6.63, 0.22,20,20,24.86,0.95, 0.09,20,20,18.85,0.78, 0.07,20,20,65.88,3.08, 0.25
20,20,20,73.25,6.39, 0.26,20,20,26.16,1.24, 0.14,20,20,12.58,0.69, 0.07,20,20,61.81,2.80, 0.27
20,17,17,73.10,6.04, 0.38,20,20,32.09,2.55, 0.29,20,20,22.14,1.19, 0.22,20,20,84.87,7.38, 0.42
20,15,15,95.95,8.58, 0.38,20,20,46.07,1.57, 0.19,20,20,24.80,0.80, 0.11,18,18,89.51,6.20, 0.41
20,20,20,75.35,7.05, 0.30,20,20,21.55,1.17, 0.13,20,20,18.24,0.88, 0.12,20,20,63.17,3.85, 0.27
20,20,20,89.34,6.02, 0.31,20,20,34.63,1.59, 0.15,20,20,21.12,1.00, 0.10,20,20,73.36,7.00, 0.25
20,20,20,76.58,6.00, 0.31,20,20,37.95,2.50, 0.18,20,20,23.16,1.13, 0.14,20,20,42.74,2.14, 0.19
30,30,30,73.69,3.83, 0.27,30,30,30.18,0.98, 0.14,30,30,21.42,0.63, 0.10,30,30,78.26,3.83, 0.27
30,22,22,98.91,5.44, 0.31,30,30,49.89,2.74, 0.21,30,30,31.52,0.86, 0.14,30,30,76.01,2.21, 0.25
30,29,29,92.83,4.60, 0.14,30,30,33.27,1.08, 0.07,30,30,22.83,0.73, 0.05,30,30,60.26,2.22, 0.13
30,29,29,133.07,7.60, 0.18,29,29,33.59,1.01, 0.06,29,29,20.98,0.74, 0.04,29,29,78.00,3.95, 0.14
30,29,29,73.56,4.54, 0.18,29,29,32.34,1.16, 0.09,29,29,30.95,1.00, 0.08,29,29,59.93,2.39, 0.18
30,30,30,117.08,5.18, 0.24,30,30,35.06,1.18, 0.10,30,30,29.76,1.01, 0.08,30,30,91.68,2.62, 0.26
30,30,30,123.03,5.16, 0.29,30,30,52.49,1.53, 0.16,30,30,40.14,1.08, 0.12,30,30,109.72,4.32, 0.23
30,30,30,77.38,4.90, 0.29,30,30,39.05,1.25, 0.15,30,30,23.24,0.79, 0.11,30,30,49.69,2.16, 0.19
30,30,30,128.62,6.37, 0.31,30,30,51.04,1.33, 0.14,30,30,40.59,1.03, 0.11,30,30,79.79,2.49, 0.20
30,30,30,121.63,4.82, 0.36,30,30,65.08,2.99, 0.22,30,30,38.05,1.41, 0.20,30,30,90.50,3.68, 0.27
30,23,23,68.62,5.89, 0.25,26,26,72.05,5.10, 0.20,30,30,35.59,1.70, 0.18,30,30,70.94,2.26, 0.27
30,30,30,78.62,2.56, 0.24,29,29,45.22,1.75, 0.15,30,30,28.25,0.99, 0.11,30,30,49.70,2.20, 0.17
30,29,29,105.73,5.94, 0.26,29,29,46.36,1.29, 0.13,30,30,36.89,1.16, 0.10,30,30,86.06,4.48, 0.21
30,26,26,94.23,6.00, 0.27,30,30,51.31,1.57, 0.21,30,30,33.31,0.95, 0.10,30,30,59.87,2.24, 0.19
30,30,30,84.96,4.73, 0.14,30,30,32.22,1.26, 0.05,30,30,15.28,0.50, 0.03,30,30,83.12,6.18, 0.20
30,25,25,89.77,4.70, 0.31,29,29,46.06,1.42, 0.19,30,30,31.77,0.98, 0.13,30,30,82.18,4.00, 0.34
30,30,30,130.45,6.55, 0.30,30,30,52.76,1.95, 0.16,30,30,43.96,0.96, 0.12,30,30,154.46,6.97, 0.37
30,29,29,69.56,3.82, 0.25,28,28,48.47,1.89, 0.19,28,28,40.51,1.57, 0.18,29,29,71.94,3.56, 0.22
30,24,24,56.50,2.80, 0.26,29,29,33.41,0.95, 0.15,29,29,24.61,0.69, 0.12,30,30,103.21,5.86, 0.36
30,26,26,101.95,6.05, 0.25,26,26,42.90,1.69, 0.13,26,26,36.78,1.13, 0.12,30,30,68.39,2.09, 0.22
40,33,33,150.33,6.39, 0.23,40,40,79.45,2.58, 0.12,40,40,59.35,1.33, 0.10,40,40,110.41,3.42, 0.22
40,34,34,98.53,4.51, 0.23,34,34,57.79,1.56, 0.14,34,34,36.27,1.04, 0.09,35,35,88.34,3.95, 0.25
40,39,39,122.18,5.06, 0.25,40,40,63.34,1.31, 0.14,40,40,47.26,0.97, 0.11,40,40,95.47,4.14, 0.20
40,35,35,101.02,4.57, 0.21,37,37,68.61,2.78, 0.17,40,40,33.95,0.80, 0.08,40,40,102.24,4.22, 0.23
40,38,38,102.64,3.87, 0.25,38,38,80.23,2.46, 0.19,39,39,51.03,1.59, 0.14,39,39,103.53,3.34, 0.29
40,38,38,131.72,3.97, 0.21,38,38,51.63,1.26, 0.09,38,38,45.56,1.12, 0.07,38,38,119.93,5.37, 0.20
40,32,32,126.39,4.79, 0.33,38,38,96.38,3.36, 0.28,35,35,74.14,2.24, 0.23,39,39,112.65,4.41, 0.26
40,39,39,121.78,4.55, 0.26,40,40,54.34,1.66, 0.12,40,40,37.92,1.22, 0.08,40,40,73.58,3.09, 0.19
40,39,39,104.31,3.17, 0.19,40,40,43.37,1.09, 0.10,40,40,31.30,0.74, 0.07,40,40,66.24,1.54, 0.12
40,40,40,113.19,3.94, 0.23,39,39,82.97,2.07, 0.19,40,40,77.67,1.95, 0.18,39,39,126.60,4.54, 0.33
40,29,29,92.04,5.68, 0.14,38,38,52.25,1.04, 0.09,38,38,47.06,0.90, 0.08,38,38,85.83,4.17, 0.19
40,39,39,152.42,4.61, 0.34,37,37,56.17,2.31, 0.20,38,38,43.50,1.41, 0.15,38,38,127.51,5.31, 0.30
40,40,40,135.18,4.42, 0.20,40,40,75.61,2.79, 0.13,40,40,36.58,0.75, 0.07,40,40,78.30,2.00, 0.13
40,37,37,133.01,5.44, 0.19,37,37,55.38,2.37, 0.08,38,38,40.36,0.98, 0.06,38,38,87.11,2.11, 0.12
40,35,35,147.06,5.40, 0.28,39,39,72.71,2.14, 0.15,39,39,40.66,1.08, 0.09,40,40,109.61,3.25, 0.25
40,38,38,154.69,6.68, 0.26,38,38,51.75,1.49, 0.11,38,38,46.30,1.36, 0.10,38,38,118.34,3.95, 0.26
40,27,27,95.12,4.93, 0.16,27,27,34.29,1.28, 0.07,33,33,60.16,1.98, 0.11,36,36,125.35,3.70, 0.28
40,38,38,116.98,4.73, 0.24,40,40,57.15,1.36, 0.14,40,40,43.44,1.00, 0.11,40,40,103.03,3.52, 0.22
40,39,39,145.60,5.58, 0.33,39,39,75.44,3.05, 0.18,39,39,35.18,0.81, 0.11,39,39,79.39,2.24, 0.22
40,40,40,132.10,5.70, 0.22,40,40,49.14,1.13, 0.10,40,40,35.41,0.85, 0.07,40,40,68.51,2.93, 0.14
50,48,48,178.33,4.81, 0.25,45,45,76.31,1.47, 0.10,48,48,76.42,1.51, 0.10,49,49,136.22,2.97, 0.22
50,48,48,172.30,6.12, 0.30,50,50,69.58,1.26, 0.20,50,50,57.57,1.16, 0.14,50,50,96.02,2.08, 0.25
50,50,50,149.62,4.55, 0.20,50,50,67.19,1.36, 0.10,50,50,51.42,0.94, 0.07,50,50,100.22,2.14, 0.19
50,45,45,189.13,6.14, 0.33,49,49,93.26,2.33, 0.17,50,50,72.83,2.09, 0.12,50,50,153.42,3.61, 0.27
50,46,46,152.74,4.98, 0.27,44,44,98.57,4.52, 0.17,49,49,70.32,2.65, 0.14,50,50,89.30,2.13, 0.18
50,50,50,187.89,5.16, 0.29,49,49,76.46,1.96, 0.14,50,50,61.88,1.41, 0.11,49,49,159.30,4.00, 0.24
50,44,44,177.89,7.91, 0.24,50,50,62.57,1.13, 0.11,50,50,44.03,0.76, 0.09,49,49,100.23,2.97, 0.20
50,48,48,134.92,3.66, 0.25,50,50,90.43,1.52, 0.16,50,50,56.61,0.93, 0.12,49,49,146.35,3.12, 0.27
50,46,46,180.72,5.27, 0.28,46,46,97.84,2.54, 0.16,46,46,61.90,1.10, 0.12,45,45,98.99,3.57, 0.18
50,50,50,149.00,5.28, 0.22,50,50,84.65,1.66, 0.14,50,50,59.91,1.82, 0.10,50,50,162.99,4.47, 0.28
50,41,41,130.28,4.53, 0.20,37,37,72.68,2.02, 0.11,37,37,44.73,1.03, 0.07,43,43,118.13,2.87, 0.22
50,48,48,155.59,4.66, 0.22,49,49,59.25,0.94, 0.09,49,49,48.91,0.99, 0.08,50,50,152.77,4.49, 0.29
50,47,47,186.57,6.63, 0.26,50,50,99.67,3.50, 0.18,50,50,54.26,1.03, 0.10,50,50,122.87,4.28, 0.31
50,44,44,159.00,5.88, 0.30,47,47,76.85,1.82, 0.18,50,50,50.96,0.84, 0.11,50,50,108.49,2.75, 0.22
50,43,43,164.27,4.73, 0.23,48,48,127.22,2.83, 0.21,50,50,74.38,1.17, 0.13,49,49,139.58,4.30, 0.25
50,50,50,152.98,4.40, 0.25,50,50,54.36,1.22, 0.10,50,50,35.86,0.68, 0.07,49,49,123.72,3.86, 0.28
50,49,49,170.11,5.47, 0.29,50,50,64.25,2.24, 0.14,50,50,38.35,0.69, 0.10,50,50,123.38,2.72, 0.27
50,38,38,160.84,6.48, 0.17,48,48,90.02,1.53, 0.10,48,48,49.18,0.81, 0.08,50,50,131.56,3.31, 0.22
50,49,49,143.81,3.63, 0.21,50,50,66.47,1.47, 0.11,50,50,48.47,0.95, 0.08,50,50,133.67,4.55, 0.24
50,34,34,139.59,5.51, 0.19,33,33,49.91,1.97, 0.12,33,33,24.73,0.61, 0.07,36,36,113.85,4.03, 0.17
60,58,58,201.39,5.11, 0.22,59,59,120.89,1.92, 0.14,60,60,100.43,2.07, 0.13,60,60,192.68,4.10, 0.27
60,57,57,184.87,4.43, 0.24,60,60,64.44,1.13, 0.10,60,60,51.06,1.09, 0.10,59,59,118.33,2.30, 0.21
60,50,50,148.30,3.62, 0.21,52,52,76.00,1.61, 0.18,52,52,55.03,0.89, 0.18,60,60,124.61,2.42, 0.24
60,56,56,189.24,5.06, 0.30,59,59,120.56,2.66, 0.21,59,59,94.56,2.65, 0.17,60,60,112.84,1.83, 0.19
60,46,46,158.56,6.19, 0.22,46,46,63.24,1.41, 0.08,46,46,51.72,1.05, 0.07,46,46,104.09,4.33, 0.14
60,57,57,204.43,5.65, 0.32,60,60,93.75,1.40, 0.13,60,60,78.13,1.27, 0.12,60,60,128.41,3.51, 0.22
60,59,59,208.97,5.15, 0.32,60,60,87.48,1.54, 0.13,58,58,56.61,0.88, 0.13,60,60,102.55,1.48, 0.19
60,57,57,191.16,4.68, 0.25,59,59,114.88,2.09, 0.18,60,60,91.72,1.51, 0.12,56,56,189.62,4.20, 0.31
60,40,40,124.92,5.58, 0.17,57,57,91.49,1.52, 0.13,57,57,61.02,1.07, 0.09,60,60,156.31,3.80, 0.27
60,52,52,187.23,6.45, 0.33,49,49,96.99,1.91, 0.22,50,50,81.45,1.31, 0.20,59,59,176.51,6.14, 0.30
60,58,58,184.68,5.13, 0.37,60,60,92.26,1.22, 0.21,60,60,70.26,0.94, 0.16,60,60,122.50,1.98, 0.21
60,58,58,199.85,4.54, 0.30,56,56,73.20,1.23, 0.14,56,56,56.30,0.95, 0.10,58,58,119.39,2.84, 0.24
60,59,59,227.73,4.23, 0.38,59,59,95.90,2.30, 0.18,58,58,72.27,1.15, 0.14,59,59,143.68,2.21, 0.27
60,56,56,211.56,5.73, 0.20,58,58,102.03,1.54, 0.10,58,58,87.37,2.37, 0.11,60,60,119.82,2.69, 0.14
60,59,59,181.95,4.08, 0.20,60,60,76.56,1.09, 0.09,60,60,60.72,0.84, 0.08,59,59,161.22,3.85, 0.21
60,55,55,203.27,4.95, 0.32,60,60,94.39,1.96, 0.15,58,58,68.12,1.06, 0.12,60,60,152.16,4.19, 0.26
60,57,57,172.69,4.21, 0.21,56,56,77.15,1.53, 0.12,58,58,67.70,1.25, 0.10,58,58,115.58,2.84, 0.15
60,58,58,208.84,4.31, 0.31,55,55,109.33,2.29, 0.17,60,60,74.10,1.06, 0.13,59,59,136.43,2.99, 0.30
60,49,49,200.53,7.00, 0.27,57,57,112.94,1.56, 0.17,59,59,88.13,1.27, 0.13,59,59,170.25,4.45, 0.30
60,59,59,211.77,5.61, 0.24,60,60,99.10,1.87, 0.13,60,60,59.24,0.84, 0.08,59,59,178.66,3.62, 0.24
70,66,66,249.84,5.83, 0.28,69,69,117.62,1.65, 0.17,69,69,98.75,1.24, 0.15,68,68,210.85,5.06, 0.31
70,65,65,271.25,6.06, 0.26,69,69,142.65,2.41, 0.14,70,70,125.57,1.94, 0.12,69,69,195.73,3.28, 0.21
70,64,64,230.40,5.15, 0.23,68,68,149.05,2.53, 0.16,68,68,86.23,1.34, 0.09,68,68,182.26,4.31, 0.24
70,67,67,229.02,3.85, 0.25,68,68,109.15,2.32, 0.14,68,68,68.15,0.83, 0.10,67,67,137.40,2.10, 0.17
70,66,66,224.92,5.20, 0.23,70,70,104.20,1.44, 0.12,70,70,77.33,1.02, 0.09,69,69,181.71,3.96, 0.22
70,62,62,239.62,5.73, 0.30,64,64,111.66,1.82, 0.15,64,64,87.51,1.25, 0.11,65,65,206.41,6.12, 0.32
70,66,66,206.36,5.25, 0.20,67,67,133.92,2.24, 0.16,69,69,101.90,1.89, 0.12,69,69,190.05,3.63, 0.21
70,63,63,215.95,5.00, 0.34,65,65,89.48,1.35, 0.16,66,66,59.72,0.81, 0.11,66,66,88.92,1.53, 0.18
70,65,65,204.64,3.48, 0.23,68,68,115.67,1.93, 0.13,65,65,75.80,1.55, 0.09,68,68,170.88,3.81, 0.26
70,69,69,220.88,4.58, 0.22,69,69,100.64,1.37, 0.12,69,69,80.81,1.05, 0.09,70,70,186.27,4.03, 0.25
70,65,65,254.09,5.41, 0.27,69,69,158.30,2.57, 0.18,69,69,95.63,1.20, 0.13,68,68,134.83,2.76, 0.19
70,64,64,247.45,6.67, 0.30,58,58,108.99,2.01, 0.14,63,63,75.08,1.33, 0.10,67,67,182.06,3.41, 0.25
70,70,70,230.40,4.37, 0.22,70,70,130.80,2.52, 0.15,70,70,83.53,1.11, 0.09,69,69,155.93,2.96, 0.18
70,68,68,244.09,4.40, 0.23,65,65,124.00,2.86, 0.14,65,65,65.86,1.01, 0.08,66,66,208.54,5.27, 0.28
70,67,67,256.16,4.68, 0.25,64,64,122.96,2.83, 0.13,70,70,70.45,0.95, 0.08,70,70,180.63,3.48, 0.22
70,68,68,187.07,2.89, 0.19,66,66,96.87,1.53, 0.15,70,70,64.84,0.93, 0.08,70,70,165.69,3.56, 0.27
70,65,65,196.70,4.39, 0.24,59,59,87.35,1.74, 0.12,61,61,83.70,1.45, 0.11,69,69,152.38,2.59, 0.21
70,67,67,233.49,4.92, 0.26,69,69,133.28,1.97, 0.14,70,70,97.89,1.18, 0.11,69,69,178.32,3.02, 0.22
70,69,69,240.51,5.08, 0.27,69,69,112.71,1.87, 0.14,69,69,74.52,0.76, 0.09,70,70,172.06,3.42, 0.22
70,66,66,203.06,3.46, 0.22,69,69,108.58,1.61, 0.12,70,70,91.77,1.44, 0.15,70,70,152.85,2.74, 0.23
80,76,76,252.04,5.00, 0.22,80,80,132.67,1.97, 0.14,80,80,86.09,1.00, 0.09,79,79,282.88,5.57, 0.28
80,76,76,198.41,3.07, 0.17,80,80,135.14,1.79, 0.12,80,80,98.11,1.19, 0.09,80,80,208.87,4.18, 0.20
80,74,74,214.23,4.25, 0.25,76,76,137.45,2.06, 0.15,78,78,96.83,1.16, 0.10,78,78,207.77,3.28, 0.22
80,61,61,186.51,4.63, 0.25,61,61,101.73,1.74, 0.15,66,66,72.21,0.95, 0.11,68,68,162.29,3.42, 0.24
80,74,74,324.94,5.55, 0.31,80,80,172.55,2.76, 0.21,80,80,111.32,1.48, 0.15,80,80,177.83,2.55, 0.22
80,69,69,209.63,4.90, 0.25,73,73,98.02,1.39, 0.13,73,73,65.92,0.89, 0.09,78,78,173.02,3.43, 0.27
80,74,74,209.73,4.32, 0.24,74,74,122.50,1.75, 0.13,75,75,75.26,0.87, 0.09,77,77,129.64,2.22, 0.17
80,66,66,226.96,4.31, 0.21,74,74,131.18,2.30, 0.15,75,75,95.31,1.06, 0.11,78,78,192.10,3.86, 0.22
80,79,79,261.30,3.51, 0.29,79,79,132.52,1.60, 0.19,79,79,104.54,1.34, 0.15,79,79,201.76,3.81, 0.23
80,68,68,205.24,4.41, 0.19,69,69,113.31,1.82, 0.12,70,70,56.88,0.74, 0.06,70,70,130.35,2.89, 0.15
80,70,70,290.35,6.93, 0.24,78,78,145.85,1.98, 0.15,78,78,100.82,1.30, 0.11,77,77,228.85,4.01, 0.23
80,80,80,267.32,4.37, 0.24,80,80,112.59,1.34, 0.11,80,80,77.90,0.85, 0.08,80,80,209.61,3.26, 0.20
80,77,77,268.99,4.05, 0.33,75,75,125.30,1.77, 0.17,80,80,101.52,1.24, 0.14,80,80,174.37,3.90, 0.25
80,75,75,285.19,5.13, 0.24,79,79,137.35,2.23, 0.13,79,79,83.47,1.02, 0.08,79,79,171.92,3.36, 0.18
80,80,80,236.03,3.80, 0.20,80,80,146.01,1.89, 0.14,80,80,88.17,1.01, 0.08,80,80,167.68,3.68, 0.20
80,70,70,200.22,4.64, 0.22,80,80,112.08,1.64, 0.13,80,80,75.03,0.96, 0.10,79,79,230.23,4.42, 0.29
80,74,74,248.22,4.87, 0.27,74,74,101.07,1.23, 0.13,77,77,90.23,0.94, 0.12,74,74,117.53,1.65, 0.15
80,62,62,213.59,4.60, 0.19,67,67,84.55,1.15, 0.09,68,68,68.12,0.91, 0.08,74,74,204.94,3.67, 0.24
80,73,73,231.97,4.65, 0.24,76,76,121.62,1.75, 0.14,76,76,73.13,0.96, 0.09,75,75,163.68,3.31, 0.19
80,80,80,278.91,5.46, 0.26,79,79,134.63,2.22, 0.16,80,80,68.13,0.81, 0.09,80,80,205.00,3.58, 0.27
90,70,70,271.49,4.67, 0.25,84,84,180.85,2.21, 0.21,90,90,147.64,1.32, 0.16,90,90,226.11,3.23, 0.22
90,87,87,251.62,4.96, 0.22,89,89,181.50,2.63, 0.17,89,89,116.71,1.08, 0.11,85,85,192.55,2.33, 0.19
90,77,77,274.69,5.46, 0.24,85,85,125.60,1.58, 0.10,87,87,112.96,1.15, 0.09,89,89,225.01,3.05, 0.21
90,88,88,280.99,5.70, 0.23,90,90,139.88,1.31, 0.14,90,90,103.74,1.06, 0.10,90,90,188.61,2.88, 0.17
90,87,87,288.73,4.65, 0.29,86,86,153.58,1.84, 0.17,86,86,134.33,1.58, 0.14,90,90,250.45,4.27, 0.27
90,73,73,256.83,5.09, 0.23,76,76,122.30,1.46, 0.11,77,77,94.91,1.11, 0.08,83,83,202.21,3.18, 0.17
90,85,85,269.80,4.35, 0.27,84,84,159.01,3.12, 0.18,87,87,96.93,1.60, 0.11,89,89,174.31,2.88, 0.22
90,85,85,283.08,5.19, 0.28,88,88,116.00,1.28, 0.12,90,90,90.92,0.95, 0.10,88,88,231.63,4.62, 0.24
90,88,88,285.89,4.19, 0.26,88,88,173.38,2.72, 0.20,90,90,120.13,1.43, 0.13,87,87,218.94,2.93, 0.27
90,71,71,274.09,6.58, 0.28,75,75,125.10,1.44, 0.14,75,75,97.47,1.14, 0.12,78,78,219.25,3.00, 0.26
90,84,84,291.15,5.78, 0.22,87,87,145.87,1.82, 0.13,87,87,95.62,0.94, 0.10,86,86,175.55,3.06, 0.16
90,86,86,267.65,4.06, 0.26,86,86,121.50,1.54, 0.13,89,89,84.77,0.92, 0.10,90,90,214.16,3.77, 0.29
90,81,81,262.38,4.96, 0.33,85,85,141.50,1.93, 0.21,87,87,114.75,2.01, 0.16,85,85,165.94,3.59, 0.23
90,88,88,242.37,3.76, 0.24,88,88,158.30,2.43, 0.17,88,88,103.34,1.35, 0.12,88,88,185.62,2.99, 0.22
90,87,87,293.33,4.61, 0.20,90,90,146.74,2.36, 0.10,89,89,91.23,1.57, 0.07,87,87,246.83,4.14, 0.18
90,89,89,291.06,4.27, 0.29,90,90,134.02,1.39, 0.15,90,90,98.95,1.07, 0.11,90,90,212.98,3.62, 0.30
90,85,85,234.01,3.64, 0.19,82,82,134.80,1.92, 0.19,81,81,83.39,0.91, 0.12,88,88,245.42,2.35, 0.22
90,77,77,265.89,4.59, 0.28,75,75,141.87,3.27, 0.19,76,76,82.29,0.94, 0.11,81,81,191.61,3.29, 0.24
90,81,81,233.58,4.90, 0.25,88,88,139.17,1.81, 0.14,88,88,121.27,1.46, 0.13,89,89,171.70,2.54, 0.23
90,83,83,283.13,4.99, 0.23,80,80,116.14,1.46, 0.11,81,81,90.48,0.84, 0.08,88,88,220.72,2.90, 0.23
100,87,87,358.40,6.29, 0.26,96,96,186.37,2.16, 0.14,98,98,163.46,2.08, 0.14,98,98,269.89,3.19, 0.26
100,96,96,243.61,3.50, 0.20,97,97,131.95,1.20, 0.11,97,97,99.62,0.94, 0.08,96,96,210.79,2.44, 0.23
100,88,88,315.00,4.04, 0.25,98,98,159.19,2.02, 0.15,100,100,92.65,0.82, 0.08,97,97,229.14,2.58, 0.18
100,99,99,339.85,4.72, 0.31,97,97,143.87,1.48, 0.13,100,100,99.13,0.92, 0.09,99,99,244.59,3.60, 0.24
100,93,93,285.55,4.73, 0.23,100,100,149.04,1.53, 0.13,97,97,110.10,1.02, 0.09,100,100,233.75,3.36, 0.26
100,87,87,285.73,4.04, 0.24,88,88,145.97,1.64, 0.13,93,93,119.84,1.17, 0.11,94,94,199.06,3.06, 0.20
100,87,87,294.90,4.97, 0.22,95,95,153.80,1.65, 0.13,95,95,108.59,1.18, 0.09,95,95,279.59,3.54, 0.21
100,93,93,285.03,4.20, 0.20,94,94,144.86,1.62, 0.12,94,94,87.85,0.76, 0.07,96,96,257.51,3.91, 0.22
100,97,97,299.39,3.51, 0.23,99,99,174.27,2.20, 0.14,98,98,110.06,0.98, 0.10,100,100,256.18,4.42, 0.25
100,89,89,297.94,4.93, 0.23,95,95,179.08,3.02, 0.17,100,100,139.69,1.36, 0.13,94,94,252.97,4.12, 0.24
100,82,82,263.38,4.52, 0.24,86,86,137.57,1.57, 0.14,90,90,114.94,1.21, 0.12,95,95,223.97,3.47, 0.23
100,77,77,261.69,5.21, 0.25,92,92,171.56,2.21, 0.17,92,92,118.08,1.17, 0.12,98,98,267.49,4.79, 0.28
100,93,93,280.64,4.84, 0.22,94,94,131.43,1.41, 0.12,94,94,96.18,0.99, 0.10,100,100,259.37,4.24, 0.25
100,90,90,326.23,4.70, 0.23,92,92,131.98,1.79, 0.12,92,92,87.78,0.80, 0.08,100,100,235.15,3.02, 0.20
100,87,87,291.21,4.58, 0.25,93,93,171.49,1.95, 0.17,98,98,121.51,1.03, 0.13,100,100,209.52,2.27, 0.21
100,91,91,262.77,3.46, 0.22,86,86,137.80,2.31, 0.12,86,86,91.78,0.88, 0.08,87,87,263.52,4.98, 0.25
100,91,91,305.37,4.92, 0.23,96,96,157.06,1.69, 0.13,100,100,91.36,0.83, 0.08,94,94,268.77,3.63, 0.21
100,95,95,272.16,3.53, 0.22,93,93,118.77,1.63, 0.11,95,95,82.99,0.89, 0.07,99,99,211.31,2.48, 0.18
100,97,97,297.16,4.76, 0.19,95,95,156.85,3.09, 0.12,98,98,110.65,1.12, 0.08,100,100,235.06,3.57, 0.15
100,100,100,346.35,5.34, 0.24,99,99,160.42,2.14, 0.13,99,99,98.50,1.45, 0.08,100,100,226.52,3.09, 0.18
200,192,192,617.60,4.08, 0.25,193,193,343.60,2.23, 0.15,196,196,271.05,1.47, 0.12,199,199,449.82,3.30, 0.22
200,176,176,613.81,4.74, 0.25,178,178,339.17,2.31, 0.15,180,180,202.61,1.22, 0.09,187,187,456.31,3.12, 0.21
200,181,181,535.63,4.02, 0.22,180,180,276.18,1.94, 0.12,181,181,187.55,0.96, 0.08,189,189,459.06,3.15, 0.21
200,189,189,677.33,5.35, 0.29,188,188,341.71,1.96, 0.16,190,190,264.13,1.72, 0.11,196,196,498.82,3.31, 0.24
200,185,185,673.87,5.07, 0.26,194,194,363.48,2.46, 0.15,197,197,242.52,1.28, 0.09,197,197,527.07,4.39, 0.23
200,185,185,628.72,4.79, 0.25,191,191,309.54,2.06, 0.13,189,189,200.49,1.08, 0.09,192,192,482.13,3.75, 0.23
200,190,190,652.76,4.69, 0.25,193,193,301.61,1.83, 0.13,194,194,222.43,1.20, 0.10,190,190,443.29,3.10, 0.20
200,190,190,641.55,4.02, 0.27,196,196,362.29,2.70, 0.17,192,192,227.67,1.09, 0.11,192,192,407.90,2.74, 0.19
200,193,193,629.75,4.89, 0.24,196,196,319.13,1.68, 0.14,198,198,212.73,1.13, 0.09,198,198,562.93,4.14, 0.26
200,168,168,575.81,4.17, 0.27,186,186,313.40,1.56, 0.16,186,186,247.12,1.53, 0.13,186,186,430.03,2.70, 0.21
200,179,179,549.31,4.61, 0.24,190,190,347.79,1.75, 0.15,188,188,234.02,1.37, 0.10,197,197,472.83,2.87, 0.24
200,179,179,542.90,4.07, 0.24,187,187,293.33,1.59, 0.14,193,193,238.58,1.30, 0.12,199,199,475.23,3.55, 0.24
200,185,185,595.41,4.39, 0.25,196,196,311.35,1.60, 0.14,191,191,193.56,1.05, 0.09,196,196,413.67,2.54, 0.21
200,191,191,622.96,4.66, 0.22,197,197,308.39,1.75, 0.13,197,197,212.46,1.04, 0.09,197,197,432.91,2.74, 0.18
200,169,169,564.68,4.08, 0.27,174,174,311.49,1.90, 0.16,177,177,220.87,1.29, 0.11,186,186,476.85,3.56, 0.24
200,170,170,577.80,3.95, 0.26,188,188,330.28,2.06, 0.16,187,187,224.80,1.09, 0.11,198,198,396.93,2.32, 0.21
200,184,184,597.45,4.66, 0.26,186,186,320.95,1.96, 0.16,188,188,258.01,1.43, 0.12,189,189,502.84,3.30, 0.23
200,192,192,610.55,4.56, 0.27,194,194,367.68,2.46, 0.16,199,199,255.30,1.37, 0.11,198,198,448.71,2.70, 0.22
200,197,197,637.19,4.48, 0.30,193,193,351.69,2.92, 0.18,197,197,242.19,1.13, 0.11,199,199,518.29,4.06, 0.26
200,178,178,596.78,4.90, 0.29,191,191,319.12,2.29, 0.14,195,195,200.84,0.94, 0.11,189,189,496.53,3.44, 0.27
300,265,265,862.33,4.38, 0.27,268,268,459.43,1.71, 0.15,269,269,325.15,1.06, 0.11,279,279,647.63,2.85, 0.23
300,285,285,926.37,4.02, 0.29,291,291,487.22,1.81, 0.16,296,296,364.55,1.14, 0.12,296,296,751.37,3.18, 0.28
300,272,272,911.83,4.41, 0.27,282,282,503.54,2.30, 0.18,289,289,354.31,1.21, 0.12,289,289,669.09,2.93, 0.24
300,285,285,851.14,4.05, 0.25,289,289,507.43,2.11, 0.16,295,295,341.00,1.11, 0.11,294,294,718.51,3.34, 0.24
300,270,270,933.00,4.84, 0.26,277,277,542.39,2.41, 0.16,276,276,362.78,1.29, 0.11,284,284,726.10,3.46, 0.21
300,280,280,977.67,5.14, 0.28,294,294,520.81,2.09, 0.16,296,296,366.23,1.19, 0.11,296,296,812.26,3.79, 0.25
300,266,266,873.64,4.53, 0.24,276,276,443.74,1.78, 0.14,281,281,316.94,1.03, 0.11,290,290,727.13,3.54, 0.25
300,265,265,892.82,4.96, 0.27,283,283,517.61,2.25, 0.17,292,292,400.48,1.21, 0.13,291,291,603.89,2.71, 0.22
300,287,287,1028.04,5.25, 0.30,290,290,507.59,1.99, 0.15,296,296,360.37,1.32, 0.11,294,294,836.38,3.72, 0.26
300,282,282,907.56,4.07, 0.26,278,278,517.07,2.26, 0.16,286,286,383.50,1.48, 0.12,292,292,771.39,3.68, 0.27
300,277,277,896.95,4.62, 0.29,294,294,524.10,2.14, 0.18,298,298,334.54,1.00, 0.12,296,296,639.86,2.94, 0.24
300,283,283,874.92,4.47, 0.27,289,289,564.83,2.28, 0.19,291,291,374.66,1.27, 0.12,293,293,646.99,2.54, 0.23
300,266,266,871.22,4.55, 0.26,276,276,524.30,2.10, 0.17,288,288,392.87,1.33, 0.13,289,289,648.75,3.08, 0.22
300,279,279,931.26,4.67, 0.27,290,290,459.51,1.90, 0.14,291,291,324.88,1.15, 0.10,289,289,678.01,3.27, 0.21
300,281,281,856.31,4.05, 0.28,285,285,417.21,1.53, 0.15,290,290,326.85,1.40, 0.12,295,295,660.15,2.88, 0.25
300,260,260,801.28,4.19, 0.22,276,276,447.46,1.86, 0.13,277,277,299.19,1.02, 0.09,285,285,598.31,2.88, 0.21
300,286,286,931.37,4.25, 0.27,294,294,481.96,1.81, 0.15,296,296,342.94,1.15, 0.11,292,292,650.46,2.82, 0.21
300,282,282,901.84,4.10, 0.26,288,288,465.81,2.25, 0.15,290,290,317.77,0.99, 0.10,299,299,654.69,3.16, 0.23
300,272,272,889.08,5.07, 0.25,283,283,425.85,1.56, 0.12,286,286,321.14,1.05, 0.09,294,294,652.91,2.73, 0.20
300,265,265,973.80,5.18, 0.31,277,277,530.50,2.43, 0.17,282,282,366.49,1.15, 0.12,282,282,728.70,3.94, 0.27
400,357,357,1297.14,4.70, 0.28,377,377,659.91,2.13, 0.15,377,377,468.21,1.07, 0.11,383,383,1059.15,3.55, 0.26
400,367,367,1318.27,4.72, 0.27,383,383,722.56,2.17, 0.16,388,388,450.91,1.06, 0.10,389,389,947.12,3.32, 0.22
400,373,373,1258.47,4.56, 0.24,387,387,680.99,2.12, 0.13,388,388,442.93,1.60, 0.09,391,391,937.99,3.60, 0.21
400,373,373,1152.40,4.09, 0.26,376,376,680.49,2.30, 0.17,388,388,484.50,1.29, 0.12,384,384,840.54,2.84, 0.22
400,359,359,1168.17,4.53, 0.25,382,382,688.16,2.46, 0.16,391,391,434.03,1.01, 0.10,383,383,861.79,3.18, 0.22
400,373,373,1174.40,4.15, 0.26,382,382,624.01,2.11, 0.15,383,383,411.93,1.05, 0.10,382,382,765.02,2.85, 0.19
400,377,377,1209.41,4.47, 0.26,379,379,589.12,1.61, 0.13,379,379,455.02,1.09, 0.10,393,393,980.26,3.29, 0.24
400,374,374,1257.24,4.98, 0.26,376,376,707.12,2.29, 0.16,375,375,461.01,1.08, 0.10,391,391,1018.81,3.37, 0.24
400,373,373,1274.33,4.69, 0.27,378,378,655.57,1.93, 0.15,387,387,457.86,1.20, 0.11,384,384,949.23,3.39, 0.24
400,350,350,1115.81,4.54, 0.23,378,378,665.34,1.90, 0.14,381,381,449.36,1.11, 0.10,388,388,1030.81,3.37, 0.22
400,366,366,1211.75,4.69, 0.27,381,381,690.51,2.12, 0.17,390,390,480.89,1.30, 0.11,385,385,846.35,2.71, 0.20
400,356,356,1162.93,5.20, 0.27,373,373,623.22,1.76, 0.15,371,371,424.15,1.13, 0.10,384,384,847.04,3.29, 0.22
400,366,366,1230.56,4.82, 0.30,366,366,653.51,2.13, 0.17,367,367,425.35,1.04, 0.10,380,380,794.94,2.59, 0.22
400,354,354,1198.80,4.49, 0.27,377,377,732.25,2.74, 0.17,384,384,518.95,1.50, 0.13,396,396,915.10,3.35, 0.24
400,355,355,1052.78,4.25, 0.24,372,372,535.45,1.57, 0.13,372,372,450.36,1.28, 0.11,395,395,1020.48,3.38, 0.25
400,352,352,1231.21,4.68, 0.28,378,378,713.39,2.03, 0.17,380,380,529.67,1.32, 0.13,387,387,914.38,3.17, 0.22
400,365,365,1150.15,4.48, 0.21,365,365,658.37,1.86, 0.13,380,380,476.85,1.25, 0.10,386,386,931.18,3.32, 0.23
400,366,366,1256.65,4.74, 0.27,377,377,630.47,1.72, 0.14,379,379,452.54,1.18, 0.10,383,383,865.41,3.28, 0.22
400,374,374,1180.07,4.20, 0.25,384,384,589.31,1.59, 0.13,386,386,429.53,1.18, 0.10,394,394,886.17,2.58, 0.20
400,370,370,1150.25,4.45, 0.26,373,373,600.22,2.11, 0.15,381,381,445.50,1.10, 0.11,382,382,934.74,2.74, 0.25
500,470,470,1542.58,4.90, 0.26,486,486,795.96,2.15, 0.14,487,487,575.90,1.24, 0.10,488,488,1181.44,3.19, 0.21
500,460,460,1472.06,4.96, 0.28,470,470,808.74,1.96, 0.16,478,478,577.55,1.21, 0.11,482,482,1206.37,3.47, 0.25
500,462,462,1485.32,4.40, 0.25,483,483,838.29,1.98, 0.14,481,481,571.28,1.13, 0.10,488,488,1123.79,3.36, 0.21
500,455,455,1425.87,4.24, 0.27,467,467,775.30,1.87, 0.15,468,468,592.36,1.46, 0.12,479,479,1082.04,2.41, 0.23
500,469,469,1596.51,4.64, 0.26,476,476,808.25,2.18, 0.14,478,478,584.52,1.32, 0.10,482,482,1144.46,3.20, 0.21
500,469,469,1533.36,4.47, 0.24,470,470,757.38,1.92, 0.13,469,469,529.79,1.06, 0.09,480,480,1159.53,3.16, 0.21
500,440,440,1367.71,4.19, 0.24,458,458,736.22,1.72, 0.14,463,463,539.50,1.14, 0.10,462,462,1044.15,2.52, 0.20
500,467,467,1519.82,4.38, 0.26,464,464,812.78,1.85, 0.15,468,468,525.14,0.99, 0.10,475,475,1075.26,3.42, 0.20
500,463,463,1494.40,4.41, 0.25,482,482,870.63,2.33, 0.16,481,481,572.73,1.16, 0.10,489,489,1331.45,3.65, 0.26
500,469,469,1661.87,5.47, 0.27,487,487,779.32,1.70, 0.13,489,489,585.42,1.30, 0.10,488,488,1009.25,2.48, 0.18
500,478,478,1602.37,4.71, 0.24,483,483,785.71,1.72, 0.12,497,497,611.73,1.24, 0.09,491,491,1201.11,3.23, 0.19
500,454,454,1663.05,5.15, 0.25,471,471,860.84,2.13, 0.14,483,483,601.67,1.24, 0.10,485,485,1392.01,4.05, 0.24
500,464,464,1505.52,4.34, 0.27,475,475,816.02,1.95, 0.16,484,484,590.09,1.21, 0.12,484,484,1050.77,2.83, 0.20
500,455,455,1642.00,4.93, 0.28,475,475,846.88,2.26, 0.15,472,472,596.81,1.29, 0.10,479,479,1078.96,3.05, 0.21
500,452,452,1524.98,4.71, 0.27,476,476,911.01,2.29, 0.17,483,483,673.75,1.35, 0.12,481,481,1171.01,3.49, 0.23
500,451,451,1339.54,4.22, 0.24,480,480,802.80,2.18, 0.16,482,482,606.63,1.32, 0.12,484,484,942.36,2.54, 0.19
500,469,469,1471.24,4.26, 0.28,474,474,819.45,1.82, 0.16,480,480,665.26,1.32, 0.13,490,490,1151.81,3.42, 0.24
500,475,475,1508.78,4.20, 0.28,479,479,791.96,1.89, 0.15,481,481,534.58,1.00, 0.10,486,486,1124.10,3.07, 0.22
500,461,461,1466.16,4.80, 0.24,464,464,767.86,1.71, 0.13,466,466,602.02,1.35, 0.11,483,483,1231.12,3.33, 0.24
500,440,440,1393.47,4.22, 0.23,455,455,761.61,1.93, 0.13,451,451,542.45,1.24, 0.09,458,458,1141.57,3.95, 0.22
600,561,561,1862.93,4.56, 0.28,570,570,978.63,1.86, 0.15,578,578,688.94,1.33, 0.12,576,576,1308.13,3.15, 0.21
600,542,542,1934.08,4.94, 0.26,574,574,926.25,2.00, 0.13,584,584,638.64,1.05, 0.09,588,588,1435.84,3.43, 0.22
600,543,543,1614.09,3.92, 0.23,555,555,850.39,1.72, 0.12,567,567,634.96,1.01, 0.09,575,575,1359.46,3.34, 0.23
600,556,556,1768.06,4.13, 0.25,562,562,959.13,1.98, 0.15,578,578,706.97,1.20, 0.10,583,583,1386.18,2.92, 0.23
600,547,547,1845.85,5.24, 0.27,566,566,954.36,2.09, 0.15,576,576,690.00,1.10, 0.11,586,586,1384.64,3.37, 0.22
600,561,561,1762.81,4.51, 0.26,588,588,887.74,1.56, 0.14,588,588,666.44,1.22, 0.10,587,587,1306.18,2.79, 0.21
600,537,537,1654.82,4.62, 0.24,562,562,906.63,1.85, 0.14,570,570,612.37,1.06, 0.10,579,579,1391.68,3.52, 0.23
600,550,550,1713.85,4.17, 0.24,578,578,999.57,2.13, 0.15,587,587,708.65,1.11, 0.11,587,587,1285.20,3.05, 0.20
600,566,566,1962.67,4.57, 0.29,576,576,1031.60,1.88, 0.16,580,580,725.90,1.25, 0.11,585,585,1439.84,2.74, 0.23
600,584,584,1807.40,4.09, 0.25,585,585,964.85,1.88, 0.14,585,585,710.25,1.43, 0.10,596,596,1469.76,3.36, 0.24
600,548,548,1636.27,4.03, 0.21,587,587,964.20,2.02, 0.13,587,587,667.21,1.18, 0.09,581,581,1320.68,2.79, 0.19
600,535,535,1676.77,4.87, 0.25,583,583,957.16,1.80, 0.15,581,581,719.96,1.28, 0.11,590,590,1409.65,3.22, 0.25
600,557,557,1806.19,4.64, 0.26,560,560,1038.46,2.13, 0.16,555,555,700.06,1.24, 0.11,569,569,1319.54,3.28, 0.22
600,559,559,1823.45,4.26, 0.25,584,584,1099.32,2.21, 0.16,579,579,785.42,1.40, 0.12,585,585,1299.61,3.00, 0.21
600,542,542,1800.37,4.34, 0.27,567,567,977.54,2.03, 0.16,568,568,634.84,1.10, 0.10,579,579,1235.36,2.94, 0.20
600,541,541,1653.89,4.44, 0.27,567,567,957.87,1.86, 0.17,575,575,742.59,1.33, 0.14,588,588,1222.09,2.74, 0.24
600,558,558,1812.37,4.39, 0.24,559,559,987.92,2.09, 0.14,571,571,724.23,1.35, 0.11,591,591,1355.90,3.04, 0.22
600,531,531,1772.01,4.68, 0.27,560,560,1018.66,1.93, 0.16,571,571,731.47,1.31, 0.11,587,587,1371.33,3.13, 0.22
600,556,556,1864.48,4.51, 0.25,582,582,1035.03,1.85, 0.14,584,584,714.74,1.13, 0.10,590,590,1556.74,3.47, 0.24
600,563,563,1745.91,4.35, 0.28,568,568,959.40,1.96, 0.16,577,577,683.99,1.24, 0.12,577,577,1339.97,2.97, 0.24
700,616,616,1972.67,4.47, 0.25,646,646,1030.71,1.64, 0.14,642,642,711.53,1.23, 0.09,655,655,1379.59,2.99, 0.21
700,650,650,2206.51,4.56, 0.29,677,677,1171.95,1.99, 0.17,677,677,856.76,1.34, 0.12,681,681,1597.86,2.96, 0.23
700,638,638,2056.05,4.32, 0.23,662,662,1133.68,2.03, 0.14,669,669,706.96,0.91, 0.08,672,672,1412.61,2.84, 0.18
700,629,629,2023.71,4.38, 0.25,657,657,1243.03,2.43, 0.16,673,673,832.88,1.30, 0.11,672,672,1595.79,2.91, 0.23
700,646,646,2018.95,4.47, 0.25,682,682,1077.12,1.73, 0.13,687,687,754.12,1.02, 0.09,691,691,1508.74,3.14, 0.22
700,639,639,2080.90,4.56, 0.25,662,662,1108.73,2.04, 0.14,666,666,860.22,1.19, 0.11,683,683,1693.74,3.02, 0.24
700,629,629,2075.16,4.47, 0.27,651,651,1158.27,2.10, 0.16,665,665,813.54,1.24, 0.11,676,676,1664.31,3.34, 0.25
700,663,663,2073.58,3.99, 0.25,666,666,1114.97,1.87, 0.14,673,673,853.89,1.36, 0.11,685,685,1558.63,3.25, 0.23
700,643,643,2113.26,4.61, 0.29,672,672,1166.54,1.84, 0.17,669,669,830.25,1.18, 0.12,677,677,1591.94,3.07, 0.25
700,622,622,1949.39,3.98, 0.24,639,639,1100.18,1.85, 0.14,648,648,787.93,1.15, 0.10,649,649,1422.05,3.27, 0.20
700,646,646,2174.44,4.89, 0.26,660,660,1285.32,2.42, 0.16,662,662,899.80,1.46, 0.11,682,682,1663.70,3.22, 0.23
700,633,633,2181.51,4.92, 0.26,650,650,1190.33,1.95, 0.15,659,659,871.58,1.33, 0.11,664,664,1643.62,3.24, 0.23
700,670,670,2082.47,4.37, 0.28,684,684,1100.79,1.94, 0.16,695,695,768.27,1.08, 0.11,693,693,1466.04,2.99, 0.23
700,642,642,2005.29,4.23, 0.24,656,656,1087.45,1.69, 0.14,651,651,743.72,1.03, 0.09,665,665,1543.94,3.18, 0.20
700,641,641,2077.40,4.72, 0.29,654,654,1015.64,1.88, 0.15,670,670,781.39,1.26, 0.12,678,678,1531.90,2.73, 0.23
700,641,641,2107.19,4.42, 0.26,649,649,1196.45,2.00, 0.15,652,652,865.03,1.47, 0.11,668,668,1653.87,3.22, 0.23
700,649,649,2089.31,4.80, 0.24,673,673,1063.96,1.86, 0.13,670,670,724.80,1.00, 0.09,677,677,1528.78,2.81, 0.20
700,629,629,2190.38,4.88, 0.26,667,667,1181.75,2.06, 0.15,675,675,890.36,1.38, 0.11,683,683,1587.23,3.10, 0.23
700,620,620,2020.30,4.29, 0.25,648,648,1146.82,2.10, 0.15,657,657,815.27,1.28, 0.11,673,673,1618.34,3.30, 0.24
700,654,654,2086.19,4.31, 0.25,672,672,1125.78,1.69, 0.14,668,668,820.28,1.17, 0.10,686,686,1554.72,2.82, 0.20
800,724,724,2216.98,4.26, 0.24,762,762,1248.17,1.78, 0.14,764,764,886.60,1.09, 0.10,761,761,1759.83,3.27, 0.23
800,737,737,2437.43,5.08, 0.26,749,749,1345.43,1.94, 0.16,765,765,1006.23,1.25, 0.12,777,777,1793.65,3.16, 0.22
800,732,732,2298.00,4.59, 0.26,756,756,1285.42,1.81, 0.16,769,769,915.08,1.11, 0.11,775,775,1615.61,2.81, 0.20
800,730,730,2357.92,4.38, 0.26,743,743,1230.05,1.68, 0.14,751,751,943.04,1.29, 0.11,769,769,1993.68,3.48, 0.24
800,718,718,2216.31,4.39, 0.25,760,760,1244.97,1.93, 0.15,763,763,797.69,1.01, 0.10,757,757,1650.54,2.98, 0.21
800,734,734,2414.26,4.48, 0.25,751,751,1374.12,2.33, 0.16,757,757,988.20,1.41, 0.11,777,777,1811.35,3.12, 0.22
800,717,717,2314.13,4.24, 0.24,753,753,1350.53,1.94, 0.14,757,757,967.85,1.30, 0.10,773,773,1802.77,3.28, 0.22
800,709,709,2340.71,4.67, 0.28,752,752,1372.58,2.11, 0.18,755,755,981.19,1.28, 0.13,775,775,1706.04,2.93, 0.23
800,717,717,2188.14,4.21, 0.25,742,742,1180.08,1.65, 0.13,752,752,868.57,1.03, 0.10,753,753,1643.51,3.11, 0.21
800,753,753,2584.28,4.87, 0.29,783,783,1332.16,1.83, 0.16,781,781,956.25,1.20, 0.11,775,775,1928.59,3.26, 0.24
800,718,718,2450.10,4.90, 0.27,771,771,1369.72,2.11, 0.15,779,779,942.82,1.21, 0.10,779,779,1870.20,3.40, 0.22
800,730,730,2309.39,4.39, 0.24,737,737,1261.84,1.91, 0.14,746,746,923.87,1.37, 0.10,768,768,1926.26,3.71, 0.23
800,743,743,2528.67,4.75, 0.28,773,773,1321.40,1.95, 0.16,781,781,895.96,1.18, 0.11,781,781,1980.88,3.35, 0.25
800,724,724,2445.95,4.79, 0.26,759,759,1332.28,2.04, 0.14,762,762,929.34,1.16, 0.10,777,777,1905.14,3.23, 0.22
800,736,736,2329.02,4.53, 0.27,745,745,1212.54,2.00, 0.15,757,757,915.07,1.19, 0.11,759,759,1814.84,3.61, 0.24
800,738,738,2250.25,4.29, 0.25,738,738,1136.05,1.82, 0.13,757,757,894.01,1.20, 0.10,781,781,1732.30,3.33, 0.22
800,727,727,2274.67,4.43, 0.25,760,760,1332.14,1.91, 0.15,761,761,933.60,1.27, 0.10,786,786,1945.80,3.45, 0.24
800,727,727,2416.61,4.50, 0.25,762,762,1343.74,2.19, 0.14,773,773,938.28,1.15, 0.10,777,777,1818.25,3.32, 0.21
800,730,730,2390.75,5.17, 0.25,758,758,1340.85,1.98, 0.15,773,773,980.05,1.22, 0.11,780,780,1823.45,3.02, 0.22
800,737,737,2589.21,4.92, 0.28,771,771,1344.27,2.00, 0.16,772,772,952.71,1.18, 0.11,779,779,1762.43,2.92, 0.21
900,851,851,2822.46,4.87, 0.27,861,861,1555.82,2.31, 0.16,882,882,1147.59,1.31, 0.11,870,870,2061.61,3.23, 0.22
900,844,844,2677.82,4.65, 0.27,871,871,1389.49,1.63, 0.14,871,871,959.94,1.04, 0.10,877,877,1912.00,2.87, 0.22
900,835,835,2765.68,4.47, 0.26,850,850,1410.95,1.82, 0.14,857,857,1011.40,1.14, 0.10,871,871,2276.02,3.88, 0.24
900,822,822,2633.09,4.46, 0.26,862,862,1402.09,1.66, 0.14,865,865,1032.15,1.22, 0.11,869,869,1977.46,3.18, 0.23
900,821,821,2588.04,4.32, 0.26,857,857,1526.45,2.24, 0.16,857,857,1091.13,1.34, 0.11,873,873,1868.94,3.00, 0.20
900,836,836,2779.16,5.08, 0.27,855,855,1383.00,1.82, 0.15,859,859,1006.16,1.09, 0.10,885,885,2057.36,3.02, 0.23
900,817,817,2574.76,4.11, 0.26,848,848,1530.07,2.12, 0.16,854,854,1098.20,1.25, 0.11,854,854,1890.41,2.68, 0.20
900,776,776,2638.17,5.19, 0.29,826,826,1433.28,1.88, 0.16,834,834,1049.22,1.22, 0.12,846,846,2104.97,3.39, 0.25
900,820,820,2647.96,4.83, 0.27,842,842,1431.51,1.74, 0.15,848,848,998.14,1.14, 0.10,859,859,2055.94,3.35, 0.24
900,809,809,2614.25,4.52, 0.26,827,827,1389.14,1.96, 0.14,845,845,1058.28,1.42, 0.11,860,860,1912.79,2.72, 0.21
900,838,838,2642.53,4.22, 0.25,864,864,1464.81,2.11, 0.15,871,871,969.87,1.03, 0.10,884,884,2085.97,2.97, 0.22
900,812,812,2459.86,3.93, 0.25,829,829,1408.45,1.91, 0.15,839,839,1001.63,1.25, 0.11,879,879,1965.21,3.09, 0.24
900,805,805,2769.36,4.85, 0.26,845,845,1520.67,2.24, 0.15,850,850,1099.36,1.29, 0.11,865,865,2073.88,3.37, 0.22
900,819,819,2670.52,4.67, 0.28,840,840,1684.06,2.51, 0.19,862,862,1140.23,1.30, 0.13,865,865,2074.65,3.32, 0.24
900,802,802,2586.30,4.82, 0.26,809,809,1360.95,1.76, 0.14,816,816,1036.36,1.23, 0.11,850,850,1946.90,3.35, 0.23
900,849,849,2788.79,4.38, 0.27,863,863,1436.32,1.92, 0.15,869,869,1024.59,1.16, 0.10,870,870,2021.26,3.19, 0.22
900,808,808,2659.68,4.67, 0.24,850,850,1567.08,2.25, 0.14,853,853,1117.42,1.32, 0.10,875,875,2094.04,3.27, 0.21
900,809,809,2713.84,4.76, 0.28,861,861,1479.76,1.93, 0.16,871,871,1082.06,1.27, 0.12,880,880,2051.16,2.94, 0.23
900,813,813,2737.54,4.77, 0.27,849,849,1459.84,2.01, 0.15,869,869,1049.68,1.13, 0.11,883,883,2047.29,3.05, 0.23
900,824,824,2680.73,4.74, 0.26,829,829,1486.48,2.02, 0.15,830,830,1051.05,1.34, 0.10,872,872,1939.31,2.78, 0.21
1000,914,914,2865.23,4.42, 0.27,928,928,1569.72,2.09, 0.16,942,942,1079.10,1.13, 0.11,956,956,2105.04,2.66, 0.23
1000,899,899,3160.52,4.72, 0.26,958,958,1789.82,2.16, 0.16,985,985,1264.24,1.14, 0.12,981,981,2482.06,3.68, 0.24
1000,899,899,2917.95,4.56, 0.27,940,940,1691.85,2.03, 0.16,965,965,1236.02,1.37, 0.12,965,965,2233.62,3.26, 0.23
1000,897,897,2876.33,4.64, 0.24,939,939,1516.66,1.77, 0.13,947,947,1074.57,1.05, 0.09,953,953,2112.28,2.95, 0.20
1000,946,946,2964.97,4.18, 0.25,935,935,1541.27,1.97, 0.14,941,941,1072.02,1.11, 0.10,980,980,2389.45,3.22, 0.24
1000,908,908,2829.95,4.20, 0.24,927,927,1518.64,2.06, 0.13,930,930,1048.33,1.03, 0.09,946,946,2234.92,3.02, 0.22
1000,932,932,2983.90,4.34, 0.26,951,951,1539.55,1.85, 0.15,969,969,1132.68,1.16, 0.11,968,968,2260.53,3.22, 0.22
1000,938,938,3147.13,4.63, 0.29,929,929,1731.14,2.62, 0.17,962,962,1124.39,1.20, 0.11,977,977,2270.12,2.96, 0.24
1000,943,943,2925.97,4.29, 0.24,969,969,1706.10,2.20, 0.15,970,970,1233.12,1.27, 0.11,974,974,2344.82,3.36, 0.23
1000,918,918,3033.88,4.44, 0.26,963,963,1700.82,2.03, 0.16,964,964,1220.64,1.31, 0.11,968,968,2251.18,3.19, 0.22
1000,889,889,2894.13,4.39, 0.27,945,945,1721.68,2.12, 0.17,947,947,1174.68,1.24, 0.11,970,970,2188.24,3.06, 0.23
1000,886,886,2858.72,4.25, 0.25,941,941,1598.66,1.95, 0.15,973,973,1194.13,1.19, 0.11,979,979,2376.00,3.41, 0.25
1000,872,872,2947.89,4.91, 0.25,949,949,1715.92,2.07, 0.15,946,946,1161.84,1.18, 0.10,974,974,2124.34,2.98, 0.22
1000,956,956,2953.30,4.10, 0.25,962,962,1502.71,1.89, 0.13,962,962,1118.83,1.22, 0.10,964,964,2269.30,3.23, 0.23
1000,904,904,2911.82,4.70, 0.25,935,935,1678.52,2.22, 0.15,969,969,1215.89,1.23, 0.11,976,976,2412.51,3.37, 0.23
1000,935,935,2940.63,4.32, 0.26,964,964,1829.80,2.24, 0.17,966,966,1258.22,1.32, 0.11,982,982,2033.59,2.90, 0.20
1000,918,918,3064.33,4.63, 0.25,941,941,1613.83,2.14, 0.14,951,951,1094.62,1.12, 0.09,971,971,2358.51,3.29, 0.23
1000,917,917,3014.28,4.51, 0.26,957,957,1544.68,1.69, 0.13,961,961,1121.59,1.14, 0.10,980,980,2310.93,3.16, 0.22
1000,909,909,2912.60,4.20, 0.27,936,936,1554.27,1.86, 0.15,940,940,1099.83,1.11, 0.11,952,952,2212.00,3.18, 0.22
1000,947,947,2970.74,4.37, 0.25,956,956,1710.43,2.13, 0.15,966,966,1224.12,1.36, 0.10,962,962,2146.28,3.11, 0.21
2000,1839,1839,5912.60,4.44, 0.26,1875,1875,3175.77,1.85, 0.15,1897,1897,2232.13,1.12, 0.10,1898,1898,4408.85,3.12, 0.23
2000,1810,1810,5712.64,4.25, 0.24,1882,1882,3209.87,1.95, 0.14,1884,1884,2177.34,1.09, 0.10,1911,1911,4377.96,3.21, 0.22
2000,1889,1889,6168.77,4.48, 0.26,1926,1926,3158.07,1.86, 0.14,1951,1951,2332.87,1.13, 0.10,1950,1950,4598.13,3.20, 0.22
2000,1793,1793,5872.18,4.57, 0.25,1886,1886,3268.93,2.10, 0.15,1903,1903,2299.79,1.17, 0.11,1921,1921,4785.64,3.42, 0.23
2000,1821,1821,5911.52,4.44, 0.27,1856,1856,3188.60,2.04, 0.15,1876,1876,2353.17,1.22, 0.11,1939,1939,4672.09,3.07, 0.24
2000,1872,1872,6080.73,4.47, 0.26,1920,1920,3165.72,1.98, 0.14,1943,1943,2174.20,1.05, 0.10,1938,1938,4488.93,2.90, 0.22
2000,1768,1768,5775.59,4.40, 0.25,1853,1853,3225.78,2.00, 0.15,1866,1866,2357.45,1.28, Infinity,1924,1924,4423.46,3.00, 0.22
2000,1830,1830,6128.50,4.77, 0.27,1888,1888,3317.87,2.00, 0.15,1902,1902,2310.51,1.15, 0.10,1924,1924,4622.42,3.10, 0.22
2000,1853,1853,6209.36,4.54, 0.28,1895,1895,3541.17,2.21, 0.17,1922,1922,2512.36,1.33, 0.12,1935,1935,4676.90,3.27, 0.24
2000,1834,1834,6099.58,4.69, 0.28,1917,1917,3497.10,2.12, 0.16,1942,1942,2480.98,1.31, 0.12,1953,1953,4369.39,2.97, 0.22
2000,1775,1775,6083.31,4.83, 0.27,1870,1870,3297.59,2.11, 0.15,1891,1891,2395.97,1.30, 0.11,1912,1912,4613.66,3.43, 0.23
2000,1860,1860,6010.08,4.35, 0.26,1908,1908,3297.64,1.92, 0.15,1916,1916,2440.74,1.24, 0.11,1950,1950,4625.78,3.17, 0.23
2000,1838,1838,5914.98,4.45, 0.25,1866,1866,3212.07,2.02, 0.14,1913,1913,2262.68,1.14, 0.10,1933,1933,4484.65,3.10, 0.22
2000,1824,1824,6109.03,4.68, 0.27,1893,1893,3273.45,1.99, 0.15,1919,1919,2351.27,1.20, 0.11,1965,1965,4760.81,3.21, 0.24
2000,1843,1843,6189.83,4.68, 0.26,1886,1886,3300.81,1.99, 0.14,1916,1916,2503.31,1.31, 0.11,1932,1932,4473.31,3.00, 0.22
2000,1833,1833,6117.56,4.84, 0.26,1897,1897,3248.35,1.91, 0.14,1919,1919,2254.89,1.18, 0.10,1932,1932,4712.17,3.19, 0.23
2000,1818,1818,5945.42,4.48, 0.27,1928,1928,3381.21,1.93, 0.16,1927,1927,2303.70,1.13, 0.11,1938,1938,4549.48,3.07, 0.23
2000,1820,1820,6060.14,4.51, 0.27,1899,1899,3449.92,2.19, 0.16,1920,1920,2488.50,1.33, 0.12,1918,1918,4589.00,3.32, 0.23
2000,1808,1808,5980.17,4.51, 0.26,1869,1869,3324.89,2.22, 0.15,1906,1906,2359.83,1.29, 0.11,1933,1933,4632.52,3.08, 0.22
2000,1828,1828,6081.81,4.45, 0.27,1913,1913,3437.00,2.05, 0.16,1924,1924,2447.99,1.30, 0.12,1930,1930,4527.44,3.09, 0.23
3000,2736,2736,9019.90,4.49, 0.26,2859,2859,4890.88,1.99, 0.15,2906,2906,3521.47,1.24, 0.11,2922,2922,7022.19,3.28, 0.23
3000,2739,2739,9030.05,4.52, 0.26,2830,2830,4942.79,1.89, 0.15,2858,2858,3620.69,1.26, 0.11,2899,2899,6784.68,3.14, 0.22
3000,2738,2738,8987.04,4.57, 0.26,2807,2807,4967.30,2.04, 0.15,2837,2837,3528.68,1.32, 0.11,2898,2898,6788.71,3.26, 0.23
3000,2753,2753,8696.00,4.21, 0.25,2834,2834,4821.63,1.95, 0.15,2852,2852,3397.95,1.18, 0.10,2928,2928,6764.65,3.13, 0.22
3000,2762,2762,8983.85,4.57, 0.26,2843,2843,4742.65,1.93, 0.14,2881,2881,3553.82,1.22, 0.11,2935,2935,6996.07,3.26, 0.23
3000,2693,2693,8825.95,4.48, 0.24,2804,2804,4913.62,2.00, 0.14,2854,2854,3332.66,1.14, 0.10,2889,2889,6987.18,3.41, 0.22
3000,2820,2820,8980.82,4.34, 0.26,2899,2899,4792.09,1.87, 0.15,2909,2909,3334.43,1.12, 0.10,2889,2889,6905.80,3.09, 0.23
3000,2692,2692,8733.32,4.63, 0.26,2823,2823,5073.36,2.18, 0.16,2860,2860,3666.31,1.27, 0.12,2887,2887,6545.99,3.04, 0.22
3000,2664,2664,8728.13,4.55, 0.27,2805,2805,5051.51,2.12, 0.16,2851,2851,3689.72,1.36, 0.12,2880,2880,6908.29,3.14, 0.23
3000,2708,2708,8968.05,4.70, 0.26,2820,2820,4872.37,2.02, 0.15,2842,2842,3403.12,1.17, 0.10,2898,2898,7196.75,3.43, 0.24
3000,2767,2767,9157.95,4.71, 0.26,2873,2873,4902.10,2.00, 0.15,2896,2896,3282.28,1.08, 0.10,2903,2903,6625.22,3.03, 0.21
3000,2731,2731,9136.30,4.51, 0.27,2860,2860,5087.00,2.06, 0.16,2902,2902,3638.69,1.27, 0.11,2935,2935,7230.53,3.20, 0.24
3000,2729,2729,8892.52,4.45, 0.25,2806,2806,4868.73,2.03, 0.15,2817,2817,3513.97,1.25, 0.11,2884,2884,6820.69,3.25, 0.23
3000,2735,2735,8502.81,4.33, 0.25,2794,2794,4644.31,1.83, 0.15,2822,2822,3406.36,1.27, 0.11,2879,2879,6505.43,3.06, 0.22
3000,2729,2729,8725.11,4.49, 0.25,2813,2813,4844.90,1.86, 0.15,2857,2857,3619.03,1.27, 0.11,2905,2905,6708.83,3.08, 0.22
3000,2746,2746,9312.76,4.76, 0.27,2876,2876,5119.24,2.07, 0.16,2890,2890,3601.18,1.29, 0.11,2914,2914,7083.55,3.30, 0.23
3000,2806,2806,9219.52,4.47, 0.27,2863,2863,5062.59,2.07, 0.16,2884,2884,3571.65,1.27, 0.11,2918,2918,7311.45,3.45, 0.24
3000,2730,2730,8863.19,4.65, 0.26,2847,2847,4971.39,1.98, 0.15,2871,2871,3680.43,1.26, 0.11,2917,2917,6731.98,3.13, 0.23
3000,2703,2703,8689.68,4.49, 0.26,2784,2784,4832.53,1.99, 0.15,2813,2813,3502.13,1.23, 0.11,2887,2887,6663.26,3.03, 0.23
3000,2750,2750,9113.49,4.63, 0.27,2859,2859,5195.48,2.16, 0.16,2880,2880,3705.01,1.34, 0.12,2912,2912,6564.69,3.06, 0.22
4000,3644,3644,12030.12,4.51, 0.27,3774,3774,6322.47,1.92, 0.15,3786,3786,4400.04,1.14, 0.10,3864,3864,8745.15,3.19, 0.22
4000,3626,3626,11685.41,4.48, 0.26,3767,3767,6393.85,1.93, 0.15,3785,3785,4696.48,1.20, 0.11,3831,3831,8837.95,3.14, 0.22
4000,3645,3645,11777.18,4.50, 0.26,3796,3796,6640.74,2.03, 0.16,3837,3837,4838.06,1.24, 0.11,3862,3862,8837.26,3.06, 0.22
4000,3730,3730,11768.74,4.38, 0.26,3799,3799,6441.68,1.90, 0.15,3839,3839,4623.50,1.19, 0.11,3895,3895,8984.71,3.07, 0.22
4000,3631,3631,11937.96,4.54, 0.27,3741,3741,6593.56,2.12, 0.16,3780,3780,4658.76,1.24, 0.11,3853,3853,8956.47,3.17, 0.23
4000,3667,3667,12206.68,4.65, 0.26,3787,3787,6598.68,1.95, 0.15,3840,3840,4813.48,1.21, 0.11,3875,3875,9041.06,3.00, 0.22
4000,3603,3603,12162.16,4.72, 0.26,3775,3775,6508.20,1.94, 0.14,3816,3816,4668.04,1.22, 0.10,3843,3843,9204.47,3.23, 0.22
4000,3678,3678,11782.97,4.33, 0.26,3800,3800,6425.77,1.94, 0.15,3826,3826,4587.10,1.28, 0.11,3876,3876,8575.67,2.89, 0.21
4000,3533,3533,11670.94,4.60, 0.25,3705,3705,6545.10,2.00, 0.15,3739,3739,4759.02,1.32, 0.11,3827,3827,9350.03,3.24, 0.23
4000,3725,3725,12098.57,4.39, 0.27,3789,3789,6607.85,1.98, 0.15,3835,3835,4768.23,1.30, 0.11,3883,3883,8926.05,3.01, 0.22
4000,3666,3666,11730.41,4.46, 0.26,3781,3781,6747.85,2.08, 0.16,3833,3833,4915.83,1.29, 0.11,3867,3867,8913.01,2.98, 0.23
4000,3682,3682,11775.21,4.45, 0.25,3800,3800,6670.17,1.98, 0.15,3821,3821,4888.03,1.31, 0.11,3869,3869,9288.17,3.32, 0.23
4000,3688,3688,11916.70,4.44, 0.25,3783,3783,6570.69,1.96, 0.14,3808,3808,4678.13,1.22, 0.10,3888,3888,9068.97,3.26, 0.22
4000,3653,3653,11856.35,4.56, 0.26,3808,3808,6524.24,2.00, 0.15,3834,3834,4786.92,1.25, 0.11,3855,3855,9386.54,3.21, 0.23
4000,3651,3651,11845.02,4.55, 0.27,3782,3782,6551.51,2.07, 0.16,3822,3822,4655.30,1.22, 0.11,3867,3867,9037.35,3.12, 0.23
4000,3652,3652,11763.82,4.37, 0.25,3767,3767,6556.90,2.03, 0.15,3855,3855,4710.85,1.20, 0.11,3858,3858,9017.26,3.02, 0.22
4000,3620,3620,11775.79,4.35, 0.25,3753,3753,6441.20,1.99, 0.15,3809,3809,4893.22,1.38, 0.11,3879,3879,9100.01,3.23, 0.22
4000,3639,3639,11524.78,4.21, 0.26,3766,3766,6549.09,1.92, 0.15,3785,3785,4736.44,1.23, 0.11,3844,3844,8652.54,3.02, 0.22
4000,3658,3658,11996.40,4.50, 0.25,3748,3748,6876.81,2.04, 0.15,3789,3789,4986.21,1.35, 0.11,3864,3864,9497.27,3.44, 0.23
4000,3686,3686,11945.01,4.62, 0.26,3816,3816,6503.95,1.94, 0.15,3852,3852,4644.13,1.22, 0.10,3865,3865,8928.00,3.03, 0.22
5000,4591,4591,15089.14,4.63, 0.26,4731,4731,8127.06,1.97, 0.15,4780,4780,5890.25,1.25, 0.11,4842,4842,11298.92,3.21, 0.22
5000,4539,4539,14748.62,4.46, 0.26,4686,4686,8271.55,2.01, 0.15,4734,4734,5948.70,1.26, 0.11,4777,4777,10991.84,3.17, 0.22
5000,4643,4643,15188.02,4.54, 0.26,4767,4767,8352.71,2.03, 0.15,4808,4808,5983.42,1.26, 0.11,4854,4854,11350.91,3.08, 0.23
5000,4617,4617,14980.97,4.45, 0.26,4791,4791,8366.94,2.03, 0.15,4841,4841,6032.67,1.24, 0.11,4855,4855,11253.97,3.16, 0.22
5000,4548,4548,14595.67,4.32, 0.26,4715,4715,8268.45,1.99, 0.16,4759,4759,5977.23,1.27, 0.11,4801,4801,10988.78,3.11, 0.22
5000,4612,4612,14996.19,4.62, 0.26,4756,4756,8379.97,2.10, 0.15,4802,4802,6042.81,1.27, 0.11,4862,4862,11405.89,3.12, 0.22
5000,4536,4536,14878.60,4.58, 0.26,4690,4690,8394.35,2.06, 0.15,4760,4760,6192.44,1.35, 0.11,4836,4836,11649.28,3.12, 0.23
5000,4630,4630,15071.88,4.43, 0.26,4782,4782,8025.16,1.87, 0.14,4822,4822,5856.29,1.22, 0.11,4860,4860,10742.18,2.92, 0.21
5000,4599,4599,15080.39,4.63, 0.26,4764,4764,8272.64,1.98, 0.15,4807,4807,5902.43,1.21, 0.11,4838,4838,11431.23,3.28, 0.22
5000,4548,4548,14467.26,4.39, 0.27,4661,4661,8097.51,1.98, 0.16,4693,4693,5883.11,1.26, 0.11,4763,4763,11080.44,3.12, 0.23
5000,4637,4637,15007.72,4.46, 0.26,4801,4801,7961.18,1.93, 0.14,4839,4839,5729.25,1.20, 0.10,4858,4858,11666.38,3.30, 0.23
5000,4510,4510,14760.57,4.56, 0.25,4693,4693,8454.49,2.14, 0.15,4757,4757,6017.81,1.26, 0.11,4803,4803,11568.10,3.23, 0.22
5000,4584,4584,14920.38,4.56, 0.25,4704,4704,8269.18,2.02, 0.15,4764,4764,5756.65,1.16, 0.10,4805,4805,11577.45,3.27, 0.23
5000,4560,4560,14869.78,4.52, 0.26,4775,4775,8174.04,1.88, 0.15,4848,4848,5856.62,1.17, 0.11,4869,4869,11246.42,3.00, 0.22
5000,4531,4531,15003.21,4.64, 0.26,4742,4742,8434.36,2.06, 0.16,4799,4799,6080.35,1.23, 0.11,4859,4859,11312.27,3.07, 0.22
5000,4613,4613,15254.29,4.52, 0.27,4794,4794,8370.66,1.95, 0.15,4829,4829,5832.20,1.16, 0.11,4847,4847,11629.05,3.26, 0.23
5000,4595,4595,14832.42,4.48, 0.25,4739,4739,8188.21,1.98, 0.15,4792,4792,5793.74,1.13, 0.10,4833,4833,10712.45,3.01, 0.21
5000,4564,4564,14465.83,4.27, 0.25,4685,4685,8116.66,2.00, 0.15,4764,4764,5591.84,1.18, 0.10,4804,4804,10915.85,2.97, 0.21
5000,4510,4510,14787.72,4.40, 0.26,4672,4672,8602.53,2.21, 0.16,4747,4747,6228.54,1.35, 0.12,4822,4822,11270.35,3.16, 0.23
5000,4581,4581,15081.06,4.51, 0.27,4716,4716,8548.10,2.12, 0.16,4807,4807,6041.68,1.27, 0.11,4836,4836,10985.95,3.04, 0.22
6000,5534,5534,17915.43,4.61, 0.26,5716,5716,9727.64,1.95, 0.15,5804,5804,6997.68,1.18, 0.11,5832,5832,13540.42,3.08, 0.22
6000,5482,5482,17849.71,4.52, 0.26,5653,5653,9940.36,1.99, 0.15,5721,5721,7387.83,1.28, 0.11,5798,5798,13891.65,3.34, 0.23
6000,5525,5525,18146.34,4.52, 0.26,5706,5706,9537.64,2.00, 0.14,5749,5749,6940.75,1.21, 0.10,5821,5821,13910.44,3.15, 0.22
6000,5449,5449,17669.81,4.52, 0.26,5586,5586,9870.58,2.09, 0.15,5644,5644,7082.38,1.25, 0.11,5747,5747,13898.79,3.21, 0.23
6000,5505,5505,17855.90,4.57, 0.26,5696,5696,9960.05,1.99, 0.15,5768,5768,7055.19,1.18, 0.11,5828,5828,13479.94,3.06, 0.23
6000,5465,5465,17590.98,4.42, 0.25,5641,5641,9460.07,1.95, 0.14,5692,5692,6599.73,1.13, 0.10,5757,5757,13204.51,3.08, 0.21
6000,5467,5467,17610.36,4.51, 0.26,5619,5619,9653.81,2.02, 0.15,5702,5702,6890.05,1.21, 0.10,5751,5751,13742.13,3.30, 0.23
6000,5476,5476,17668.17,4.57, 0.26,5619,5619,9633.55,1.89, 0.15,5689,5689,7034.95,1.22, 0.11,5804,5804,13806.16,3.14, 0.23
6000,5484,5484,18100.14,4.53, 0.26,5677,5677,10004.37,1.99, 0.15,5719,5719,7131.94,1.25, 0.11,5810,5810,14078.76,3.26, 0.22
6000,5509,5509,18359.39,4.59, 0.27,5720,5720,9926.64,2.05, 0.15,5760,5760,6933.96,1.20, 0.10,5786,5786,13516.26,3.01, 0.22
6000,5531,5531,18140.64,4.49, 0.26,5680,5680,9883.25,2.05, 0.15,5739,5739,7041.80,1.18, 0.11,5818,5818,13628.56,3.09, 0.23
6000,5579,5579,18124.13,4.52, 0.26,5747,5747,9738.54,1.93, 0.15,5780,5780,6987.25,1.22, 0.11,5838,5838,13364.46,3.12, 0.22
6000,5505,5505,17856.16,4.47, 0.26,5646,5646,9996.99,2.07, 0.15,5699,5699,7065.78,1.26, 0.11,5764,5764,13062.63,2.98, 0.22
6000,5494,5494,17962.10,4.54, 0.26,5662,5662,10050.69,2.00, 0.15,5725,5725,7412.25,1.29, 0.11,5801,5801,14146.92,3.25, 0.23
6000,5538,5538,18049.79,4.47, 0.27,5749,5749,9770.26,1.97, 0.15,5798,5798,6977.65,1.18, 0.11,5838,5838,13872.72,3.08, 0.23
6000,5557,5557,18089.56,4.51, 0.27,5730,5730,9786.86,1.96, 0.16,5771,5771,7061.25,1.24, 0.11,5838,5838,13601.19,3.17, 0.23
6000,5574,5574,17973.24,4.43, 0.27,5718,5718,9579.25,1.89, 0.15,5774,5774,6869.15,1.15, 0.11,5786,5786,13452.98,3.09, 0.22
6000,5444,5444,17811.04,4.44, 0.26,5610,5610,9789.63,2.01, 0.15,5708,5708,7094.55,1.26, 0.11,5768,5768,13443.11,3.13, 0.22
6000,5586,5586,17828.31,4.50, 0.26,5718,5718,9547.35,1.90, 0.14,5754,5754,6792.57,1.16, 0.10,5844,5844,13577.90,3.11, 0.22
6000,5454,5454,17861.90,4.49, 0.26,5671,5671,10081.05,2.13, 0.15,5738,5738,7100.59,1.21, 0.11,5810,5810,13792.16,3.08, 0.22
7000,6427,6427,20872.96,4.53, 0.26,6643,6643,11854.98,2.07, 0.16,6698,6698,8419.76,1.25, 0.11,6772,6772,16174.82,3.27, 0.23
7000,6325,6325,20984.59,4.56, 0.26,6528,6528,11574.77,2.04, 0.15,6635,6635,8307.11,1.22, 0.11,6736,6736,16054.62,3.31, 0.22
7000,6424,6424,20978.92,4.47, 0.26,6563,6563,11696.15,2.08, 0.15,6621,6621,8344.62,1.28, 0.11,6750,6750,15908.00,3.10, 0.23
7000,6377,6377,20991.46,4.62, 0.27,6608,6608,11529.29,2.03, 0.15,6696,6696,8337.44,1.24, 0.11,6750,6750,15680.48,3.09, 0.23
7000,6397,6397,20893.41,4.53, 0.26,6566,6566,11380.07,2.05, 0.15,6637,6637,8212.82,1.28, 0.11,6755,6755,15989.45,3.17, 0.23
7000,6499,6499,20846.03,4.38, 0.26,6642,6642,11645.01,2.12, 0.16,6730,6730,8173.69,1.30, 0.11,6801,6801,15746.76,3.09, 0.23
7000,6455,6455,21068.89,4.51, 0.26,6611,6611,11391.66,2.03, 0.15,6661,6661,8035.10,1.18, 0.11,6742,6742,15763.65,3.08, 0.22
7000,6335,6335,20940.83,4.55, 0.25,6611,6611,11588.89,2.05, 0.15,6726,6726,8338.00,1.27, 0.11,6772,6772,15565.89,3.04, 0.22
7000,6405,6405,20805.51,4.52, 0.27,6529,6529,11311.85,2.00, 0.15,6608,6608,8210.24,1.28, 0.11,6775,6775,15860.93,3.07, 0.22
7000,6511,6511,20673.92,4.46, 0.25,6654,6654,11320.27,2.02, 0.14,6702,6702,7997.16,1.18, 0.10,6793,6793,16059.52,3.16, 0.22
7000,6384,6384,20109.57,4.27, 0.25,6560,6560,11331.59,1.98, 0.15,6654,6654,8164.93,1.15, 0.11,6745,6745,16067.25,3.17, 0.23
7000,6382,6382,20409.41,4.39, 0.26,6599,6599,11327.34,1.95, 0.15,6649,6649,8144.80,1.21, 0.11,6732,6732,15597.70,3.13, 0.22
7000,6379,6379,20573.08,4.35, 0.26,6590,6590,11226.58,1.90, 0.15,6652,6652,8163.50,1.27, 0.11,6752,6752,15558.04,3.16, 0.22
7000,6470,6470,20974.42,4.49, 0.26,6579,6579,11302.97,2.01, 0.15,6676,6676,8235.60,1.24, 0.11,6748,6748,15858.49,3.31, 0.22
7000,6390,6390,20221.82,4.31, 0.25,6557,6557,10953.08,1.89, 0.14,6646,6646,7939.87,1.19, 0.11,6717,6717,15077.46,3.08, 0.21
7000,6387,6387,20275.87,4.53, 0.26,6566,6566,11047.41,1.90, 0.15,6631,6631,8026.20,1.22, 0.11,6741,6741,15318.06,3.14, 0.22
7000,6461,6461,20552.13,4.37, 0.26,6667,6667,11560.86,2.01, 0.15,6725,6725,7994.50,1.19, 0.10,6807,6807,15961.08,3.14, 0.23
7000,6426,6426,20361.88,4.42, 0.25,6616,6616,11161.52,1.88, 0.14,6664,6664,8183.03,1.23, 0.10,6780,6780,15577.90,3.13, 0.22
7000,6380,6380,20191.57,4.37, 0.26,6598,6598,11379.28,1.97, 0.15,6626,6626,8231.62,1.25, 0.11,6741,6741,15807.12,3.16, 0.23
7000,6451,6451,20764.86,4.45, 0.26,6584,6584,11471.28,2.02, 0.15,6618,6618,8330.42,1.28, 0.11,6725,6725,15870.33,3.13, 0.23
8000,7378,7378,24135.80,4.56, 0.26,7624,7624,13246.43,1.94, 0.15,7695,7695,9675.49,1.27, 0.11,7775,7775,18586.06,3.27, 0.23
8000,7374,7374,24166.48,4.48, 0.26,7608,7608,13348.60,2.04, 0.15,7676,7676,9569.60,1.26, 0.11,7742,7742,18431.42,3.17, 0.23
8000,7303,7303,23668.79,4.51, 0.26,7477,7477,13332.80,2.05, 0.15,7565,7565,9481.09,1.30, 0.11,7719,7719,18515.41,3.27, 0.23
8000,7364,7364,24154.12,4.52, 0.26,7608,7608,13276.16,2.05, 0.15,7688,7688,9409.84,1.25, 0.11,7776,7776,18277.09,3.20, 0.22
8000,7283,7283,23391.32,4.44, 0.26,7539,7539,13240.37,2.08, 0.16,7621,7621,9566.42,1.26, 0.11,7696,7696,17679.97,3.05, 0.22
8000,7204,7204,23489.64,4.48, 0.26,7495,7495,12846.61,1.91, 0.15,7577,7577,9161.25,1.17, 0.10,7643,7643,18102.18,3.18, 0.22
8000,7311,7311,23641.48,4.47, 0.25,7542,7542,12927.54,1.95, 0.15,7625,7625,9194.61,1.20, 0.10,7743,7743,17931.98,3.07, 0.22
8000,7353,7353,23429.24,4.24, 0.25,7544,7544,13237.69,2.09, 0.15,7631,7631,9460.26,1.27, 0.11,7721,7721,17769.23,3.09, 0.22
8000,7308,7308,24219.51,4.60, 0.26,7605,7605,13100.12,1.98, 0.15,7697,7697,9320.91,1.19, 0.10,7769,7769,18489.02,3.17, 0.23
8000,7320,7320,23185.00,4.33, 0.25,7481,7481,12876.90,2.05, 0.15,7589,7589,9357.03,1.22, 0.11,7762,7762,18220.39,3.24, 0.22
8000,7285,7285,23222.73,4.43, 0.25,7511,7511,12830.71,1.93, 0.14,7606,7606,9301.82,1.23, 0.10,7720,7720,18376.03,3.20, 0.22
8000,7329,7329,24108.08,4.53, 0.26,7535,7535,13152.42,2.06, 0.15,7638,7638,9246.99,1.25, 0.10,7738,7738,17858.31,3.13, 0.22
8000,7342,7342,24255.74,4.55, 0.26,7580,7580,13280.43,2.00, 0.15,7669,7669,9436.75,1.21, 0.11,7724,7724,18368.62,3.07, 0.22
8000,7252,7252,23144.74,4.36, 0.26,7487,7487,12992.42,1.96, 0.15,7599,7599,9444.23,1.22, 0.11,7706,7706,17750.55,3.11, 0.23
8000,7385,7385,23484.51,4.37, 0.26,7597,7597,13201.13,2.06, 0.15,7687,7687,9582.57,1.28, 0.11,7740,7740,17327.40,2.93, 0.22
8000,7355,7355,23974.58,4.49, 0.27,7550,7550,12986.42,1.99, 0.15,7657,7657,9348.39,1.23, 0.11,7732,7732,17659.33,3.08, 0.23
8000,7348,7348,24176.75,4.61, 0.27,7570,7570,13115.73,1.96, 0.15,7630,7630,9560.23,1.24, 0.11,7692,7692,17966.03,3.19, 0.23
8000,7279,7279,23681.01,4.49, 0.26,7481,7481,13180.99,1.99, 0.15,7606,7606,9526.27,1.23, 0.11,7726,7726,18432.53,3.26, 0.23
8000,7234,7234,23570.65,4.48, 0.26,7491,7491,13434.99,2.14, 0.16,7629,7629,9642.05,1.26, 0.11,7687,7687,17909.28,3.10, 0.23
8000,7339,7339,23729.28,4.45, 0.25,7579,7579,12823.77,1.92, 0.14,7663,7663,9234.28,1.18, 0.10,7745,7745,18193.09,3.13, 0.22
9000,8196,8196,26686.02,4.49, 0.26,8521,8521,14502.88,1.95, 0.15,8584,8584,10332.45,1.18, 0.11,8700,8700,20539.79,3.23, 0.23
9000,8306,8306,26910.56,4.56, 0.26,8624,8624,15013.35,1.94, 0.15,8668,8668,10678.46,1.21, 0.11,8766,8766,20873.72,3.19, 0.23
9000,8081,8081,26046.12,4.41, 0.26,8364,8364,14906.90,2.08, 0.16,8480,8480,10550.90,1.22, 0.11,8645,8645,20209.84,3.22, 0.23
9000,8254,8254,27080.25,4.55, 0.26,8537,8537,14903.13,2.05, 0.15,8613,8613,10389.34,1.21, 0.10,8721,8721,20544.30,3.20, 0.22
9000,8174,8174,26133.85,4.36, 0.26,8476,8476,14620.39,1.97, 0.15,8545,8545,10190.82,1.20, 0.10,8670,8670,20236.46,3.09, 0.22
9000,8230,8230,26604.19,4.42, 0.26,8529,8529,14586.95,1.94, 0.15,8604,8604,10428.97,1.17, 0.11,8685,8685,20199.60,3.17, 0.22
9000,8336,8336,26946.89,4.42, 0.26,8575,8575,14944.23,1.98, 0.15,8658,8658,10639.02,1.22, 0.11,8719,8719,21186.18,3.28, 0.23
9000,8226,8226,26866.55,4.47, 0.26,8461,8461,14513.77,2.06, 0.15,8519,8519,10446.71,1.27, 0.10,8656,8656,20527.25,3.26, 0.22
9000,8269,8269,26508.96,4.41, 0.25,8518,8518,14723.43,2.02, 0.15,8595,8595,10679.27,1.30, 0.11,8708,8708,20240.91,3.13, 0.22
9000,8264,8264,27235.13,4.54, 0.26,8532,8532,14820.55,1.97, 0.15,8619,8619,10511.04,1.22, 0.10,8720,8720,20840.80,3.17, 0.22
9000,8302,8302,26828.89,4.49, 0.26,8577,8577,14889.38,2.00, 0.15,8651,8651,10620.04,1.24, 0.11,8748,8748,20258.70,3.07, 0.22
9000,8240,8240,27410.67,4.55, 0.26,8479,8479,14835.21,2.05, 0.15,8624,8624,10824.93,1.26, 0.11,8708,8708,21412.35,3.28, 0.23
9000,8213,8213,26705.48,4.60, 0.26,8525,8525,14515.31,1.93, 0.15,8580,8580,10584.33,1.24, 0.11,8686,8686,20799.80,3.22, 0.23
9000,8311,8311,26964.17,4.63, 0.27,8550,8550,14855.01,2.03, 0.16,8621,8621,10590.19,1.24, 0.11,8707,8707,20478.08,3.02, 0.23
9000,8296,8296,26642.52,4.38, 0.25,8579,8579,14650.42,1.95, 0.14,8645,8645,10521.72,1.22, 0.10,8712,8712,20293.38,3.16, 0.21
9000,8289,8289,27101.67,4.65, 0.27,8527,8527,14794.74,1.99, 0.15,8618,8618,10705.32,1.25, 0.11,8745,8745,20733.53,3.13, 0.23
9000,8200,8200,27009.67,4.57, 0.26,8516,8516,15169.22,2.05, 0.15,8626,8626,11068.11,1.34, 0.11,8723,8723,20603.41,3.09, 0.22
9000,8345,8345,27149.24,4.54, 0.26,8539,8539,14939.60,2.01, 0.15,8595,8595,10508.84,1.22, 0.11,8752,8752,20261.98,3.06, 0.22
9000,8184,8184,26331.84,4.49, 0.25,8443,8443,14588.57,2.08, 0.15,8506,8506,10245.82,1.23, 0.10,8704,8704,20645.68,3.26, 0.22
9000,8322,8322,27251.23,4.55, 0.26,8538,8538,15076.69,2.03, 0.15,8629,8629,10612.10,1.23, 0.11,8747,8747,20706.00,3.23, 0.23
10000,9184,9184,30243.55,4.50, 0.27,9487,9487,16508.18,1.97, 0.15,9573,9573,11873.09,1.23, 0.11,9635,9635,22912.93,3.18, 0.23
10000,9167,9167,29504.48,4.50, 0.26,9520,9520,16742.17,2.05, 0.16,9570,9570,11914.07,1.27, 0.11,9682,9682,22390.56,3.08, 0.22
10000,9152,9152,30173.83,4.55, 0.27,9431,9431,16609.66,2.06, 0.15,9595,9595,11887.10,1.24, 0.11,9624,9624,22250.21,3.15, 0.22
10000,9090,9090,29795.55,4.59, 0.26,9404,9404,16321.43,2.04, 0.15,9516,9516,11698.95,1.24, 0.11,9634,9634,22374.38,3.08, 0.22
10000,9115,9115,29735.98,4.62, 0.26,9475,9475,16278.93,1.96, 0.15,9550,9550,11648.24,1.21, 0.11,9689,9689,23149.26,3.20, 0.23
10000,9104,9104,29740.37,4.56, 0.26,9522,9522,16761.49,2.02, 0.16,9632,9632,11891.53,1.21, 0.11,9702,9702,22456.23,3.15, 0.22
10000,9101,9101,29805.19,4.50, 0.26,9428,9428,16196.08,1.97, 0.15,9525,9525,11634.50,1.21, 0.11,9645,9645,22385.87,3.06, 0.23
10000,9140,9140,29423.37,4.53, 0.26,9376,9376,16223.94,1.96, 0.15,9412,9412,11631.68,1.22, 0.11,9618,9618,22493.46,3.16, 0.23
10000,9108,9108,29156.84,4.48, 0.26,9399,9399,16264.13,1.92, 0.15,9483,9483,11675.57,1.23, 0.11,9621,9621,22861.25,3.21, 0.23
10000,9140,9140,29288.36,4.39, 0.26,9438,9438,16266.43,2.03, 0.15,9527,9527,11684.92,1.21, 0.11,9676,9676,22204.06,3.12, 0.22
10000,9123,9123,29060.49,4.38, 0.25,9439,9439,16526.60,2.03, 0.15,9557,9557,11688.50,1.23, 0.11,9692,9692,22085.94,3.03, 0.22
10000,9202,9202,30020.36,4.50, 0.26,9453,9453,16081.68,1.98, 0.15,9572,9572,11581.68,1.23, 0.11,9671,9671,22374.68,3.10, 0.22
10000,9153,9153,30074.34,4.55, 0.25,9451,9451,16129.93,1.93, 0.14,9529,9529,11477.88,1.20, 0.10,9633,9633,23000.87,3.22, 0.22
10000,9168,9168,29915.18,4.45, 0.26,9426,9426,16490.09,2.02, 0.15,9534,9534,11624.75,1.22, 0.11,9651,9651,22513.80,3.11, 0.22
10000,9131,9131,29886.74,4.53, 0.26,9431,9431,16748.74,2.10, 0.15,9562,9562,11983.74,1.28, 0.11,9654,9654,22575.41,3.17, 0.23
10000,9203,9203,29962.98,4.49, 0.26,9490,9490,16306.90,1.97, 0.15,9599,9599,11695.15,1.21, 0.11,9691,9691,22618.76,3.20, 0.22
10000,9143,9143,29959.43,4.61, 0.25,9470,9470,16391.49,2.00, 0.15,9593,9593,11988.59,1.24, 0.11,9689,9689,22965.95,3.20, 0.22
10000,9231,9231,29866.47,4.48, 0.26,9463,9463,16542.78,2.04, 0.15,9534,9534,12016.82,1.27, 0.11,9646,9646,23167.42,3.19, 0.23
10000,9156,9156,29893.50,4.60, 0.26,9469,9469,16600.40,2.02, 0.15,9541,9541,11852.06,1.26, 0.11,9677,9677,22747.42,3.13, 0.22
10000,9173,9173,30152.99,4.65, 0.26,9470,9470,16533.82,2.00, 0.15,9573,9573,11912.15,1.21, 0.11,9668,9668,23061.39,3.30, 0.23
20000,18364,18364,59113.38,4.38, 0.26,18965,18965,32039.52,1.95, 0.15,19174,19174,22881.14,1.18, 0.10,19355,19355,45578.11,3.20, 0.23
20000,18345,18345,59061.66,4.48, 0.26,18949,18949,32340.96,1.96, 0.15,19184,19184,23546.77,1.26, 0.11,19343,19343,45052.70,3.09, 0.22
20000,18257,18257,59438.84,4.49, 0.25,18925,18925,32979.28,1.97, 0.15,19153,19153,23665.49,1.23, 0.11,19380,19380,45694.52,3.17, 0.22
20000,18165,18165,58466.65,4.43, 0.25,18799,18799,32916.29,2.03, 0.15,18968,18968,23175.43,1.22, 0.11,19220,19220,45652.23,3.23, 0.23
20000,18127,18127,59568.99,4.55, 0.26,18762,18762,32984.48,2.00, 0.15,18977,18977,23550.69,1.25, 0.11,19193,19193,45174.11,3.21, 0.23
20000,18429,18429,60073.14,4.55, 0.26,18932,18932,32800.56,1.95, 0.15,19147,19147,23607.87,1.25, 0.11,19290,19290,46410.65,3.27, 0.23
20000,18211,18211,58840.76,4.47, 0.26,18809,18809,32309.71,1.96, 0.15,19065,19065,23450.35,1.23, 0.11,19344,19344,45593.61,3.17, 0.23
20000,18251,18251,59823.54,4.53, 0.26,18896,18896,32983.11,2.03, 0.15,19121,19121,23389.55,1.23, 0.10,19347,19347,46478.94,3.23, 0.23
20000,18314,18314,59052.37,4.44, 0.26,18894,18894,32195.54,1.91, 0.15,19044,19044,23389.31,1.26, 0.11,19344,19344,45265.25,3.09, 0.22
20000,18222,18222,59410.94,4.55, 0.27,18834,18834,32674.59,2.05, 0.15,19043,19043,23330.52,1.22, 0.11,19298,19298,44570.51,3.11, 0.22
20000,18362,18362,60040.84,4.55, 0.26,18998,18998,32982.92,2.05, 0.15,19191,19191,23297.54,1.22, 0.11,19414,19414,44696.99,3.10, 0.22
20000,18353,18353,59478.69,4.47, 0.26,18943,18943,32656.83,2.00, 0.15,19183,19183,23432.78,1.23, 0.11,19406,19406,44307.48,3.11, 0.22
20000,18155,18155,59063.39,4.51, 0.26,18769,18769,32478.87,2.00, 0.15,18992,18992,23098.33,1.22, 0.11,19254,19254,44727.90,3.13, 0.22
20000,18044,18044,58785.31,4.54, 0.26,18738,18738,32342.22,1.99, 0.15,18959,18959,23745.41,1.27, 0.11,19243,19243,45887.62,3.18, 0.23
20000,18321,18321,59307.78,4.49, 0.26,18894,18894,32524.89,1.93, 0.15,19138,19138,23685.94,1.22, 0.11,19325,19325,44493.45,3.05, 0.22
20000,18239,18239,59388.62,4.48, 0.26,18866,18866,32773.80,2.00, 0.15,19051,19051,23328.78,1.21, 0.11,19275,19275,45720.97,3.20, 0.22
20000,18282,18282,59632.33,4.49, 0.26,18909,18909,33600.08,2.09, 0.15,19138,19138,23550.63,1.24, 0.11,19354,19354,46755.36,3.23, 0.23
20000,18422,18422,60282.96,4.54, 0.26,18963,18963,32758.32,1.99, 0.15,19160,19160,23429.86,1.24, 0.11,19356,19356,45795.80,3.15, 0.23
20000,18420,18420,59845.22,4.47, 0.26,19005,19005,33117.59,1.98, 0.15,19210,19210,23815.88,1.24, 0.11,19440,19440,46235.91,3.15, 0.23
20000,18408,18408,59466.30,4.49, 0.26,18984,18984,32314.29,1.94, 0.15,19154,19154,23166.11,1.20, 0.10,19310,19310,46228.76,3.27, 0.23
30000,27386,27386,88508.96,4.45, 0.26,28150,28150,49521.32,2.07, 0.15,28534,28534,35298.33,1.25, 0.11,28955,28955,67721.63,3.11, 0.23
30000,27538,27538,90472.34,4.57, 0.26,28321,28321,48676.10,1.97, 0.15,28587,28587,34839.59,1.22, 0.11,28956,28956,67936.65,3.14, 0.22
30000,27466,27466,89596.25,4.50, 0.26,28426,28426,49467.82,2.01, 0.15,28745,28745,35057.70,1.21, 0.11,29035,29035,68261.33,3.13, 0.22
30000,27563,27563,90213.79,4.55, 0.26,28367,28367,48333.36,1.97, 0.15,28591,28591,34713.94,1.21, 0.11,28932,28932,68820.68,3.22, 0.23
30000,27433,27433,89311.48,4.51, 0.26,28299,28299,49174.14,1.97, 0.15,28555,28555,34997.36,1.22, 0.11,28937,28937,68310.83,3.11, 0.23
30000,27363,27363,89026.76,4.54, 0.26,28275,28275,49501.51,2.02, 0.15,28576,28576,35236.59,1.21, 0.11,29006,29006,68270.75,3.10, 0.23
30000,27616,27616,89195.05,4.42, 0.26,28474,28474,49013.64,2.02, 0.15,28771,28771,34823.35,1.20, 0.10,29074,29074,67556.03,3.13, 0.22
30000,27518,27518,89570.35,4.54, 0.26,28355,28355,49852.63,2.06, 0.15,28699,28699,35452.51,1.22, 0.11,29079,29079,69076.17,3.19, 0.23
30000,27501,27501,89173.80,4.43, 0.26,28394,28394,49145.57,1.98, 0.15,28728,28728,35341.83,1.23, 0.11,29080,29080,68474.53,3.15, 0.22
30000,27387,27387,88960.62,4.45, 0.26,28409,28409,48916.03,2.02, 0.15,28576,28576,34580.33,1.21, 0.10,28981,28981,69035.99,3.20, 0.23
30000,27650,27650,90462.60,4.51, 0.26,28469,28469,49797.75,2.04, 0.15,28769,28769,35243.56,1.22, 0.11,29025,29025,68597.71,3.19, 0.22
30000,27557,27557,90614.35,4.56, 0.26,28416,28416,50059.86,2.04, 0.15,28675,28675,35252.20,1.22, 0.11,29056,29056,68985.57,3.13, 0.22
30000,27462,27462,88652.86,4.44, 0.26,28238,28238,48934.03,2.02, 0.15,28544,28544,34935.24,1.22, 0.11,28936,28936,67982.12,3.15, 0.22
30000,27520,27520,89786.40,4.46, 0.26,28529,28529,49833.43,2.05, 0.15,28812,28812,35782.73,1.27, 0.11,29122,29122,68020.30,3.13, 0.22
30000,27504,27504,88549.73,4.47, 0.26,28452,28452,48339.23,1.94, 0.15,28707,28707,35005.16,1.21, 0.11,29023,29023,67778.61,3.10, 0.22
30000,27396,27396,88707.76,4.44, 0.26,28234,28234,48881.22,2.00, 0.15,28527,28527,34919.73,1.23, 0.11,28961,28961,67749.90,3.16, 0.22
30000,27376,27376,88496.01,4.47, 0.26,28375,28375,48749.68,1.98, 0.15,28680,28680,35017.64,1.23, 0.11,29004,29004,67790.19,3.17, 0.22
30000,27466,27466,89300.11,4.54, 0.26,28312,28312,48489.69,1.95, 0.15,28643,28643,34800.40,1.22, 0.11,28974,28974,68222.08,3.21, 0.22
30000,27587,27587,89305.95,4.48, 0.26,28510,28510,49625.49,2.02, 0.15,28765,28765,35690.50,1.25, 0.11,29023,29023,68695.26,3.23, 0.23
30000,27468,27468,89631.17,4.54, 0.26,28386,28386,48866.84,1.99, 0.15,28660,28660,34426.22,1.20, 0.10,29041,29041,68455.60,3.12, 0.22
40000,36521,36521,119128.36,4.52, 0.26,37774,37774,65509.17,2.01, 0.15,38277,38277,46914.90,1.21, 0.11,38736,38736,91726.43,3.16, 0.23
40000,36648,36648,118850.14,4.53, 0.26,37876,37876,65273.00,1.98, 0.15,38254,38254,47010.04,1.23, 0.11,38690,38690,90878.36,3.17, 0.22
40000,36456,36456,119028.61,4.51, 0.26,37736,37736,65560.20,1.98, 0.15,38187,38187,46955.04,1.23, 0.11,38602,38602,91288.34,3.20, 0.22
40000,36567,36567,119041.23,4.49, 0.26,37766,37766,66155.86,2.02, 0.15,38212,38212,47207.41,1.23, 0.11,38581,38581,90512.92,3.13, 0.22
40000,36715,36715,118874.49,4.48, 0.26,37814,37814,65589.78,1.99, 0.15,38221,38221,47356.92,1.25, 0.11,38695,38695,90856.44,3.13, 0.22
40000,36850,36850,119678.41,4.49, 0.26,37887,37887,66165.48,2.04, 0.15,38243,38243,47262.08,1.23, 0.11,38647,38647,91346.31,3.16, 0.23
40000,36496,36496,118775.69,4.51, 0.26,37656,37656,65511.79,2.03, 0.15,38184,38184,46517.42,1.21, 0.11,38754,38754,90929.78,3.18, 0.22
40000,36607,36607,118664.77,4.52, 0.26,37913,37913,65355.32,1.97, 0.15,38345,38345,47217.30,1.24, 0.11,38726,38726,90683.61,3.13, 0.23
40000,36543,36543,117964.67,4.43, 0.26,37664,37664,65945.45,2.03, 0.15,38142,38142,47298.69,1.24, 0.11,38558,38558,90848.49,3.15, 0.22
40000,36434,36434,118384.43,4.46, 0.26,37854,37854,65887.33,2.03, 0.15,38149,38149,46787.90,1.24, 0.11,38737,38737,91707.46,3.17, 0.23
40000,36715,36715,120263.77,4.53, 0.26,37808,37808,66127.81,2.02, 0.15,38217,38217,47097.68,1.23, 0.11,38597,38597,91051.82,3.18, 0.23
40000,36652,36652,119872.53,4.53, 0.26,37812,37812,65753.74,2.03, 0.15,38267,38267,47333.36,1.25, 0.11,38639,38639,89217.87,3.10, 0.22
40000,36670,36670,118576.67,4.49, 0.26,37907,37907,65043.08,1.97, 0.15,38282,38282,46258.66,1.20, 0.11,38743,38743,90648.37,3.15, 0.22
40000,36392,36392,118901.47,4.52, 0.26,37691,37691,65307.62,1.97, 0.15,38078,38078,47522.21,1.25, 0.11,38535,38535,90679.55,3.21, 0.22
40000,36697,36697,118953.51,4.48, 0.26,37777,37777,64926.63,2.00, 0.15,38121,38121,46629.33,1.22, 0.11,38611,38611,90463.26,3.14, 0.22
40000,36644,36644,119010.00,4.53, 0.26,37734,37734,64819.57,1.95, 0.15,38119,38119,46966.02,1.23, 0.11,38639,38639,90336.21,3.14, 0.22
40000,36829,36829,119722.44,4.50, 0.26,37868,37868,65352.35,2.01, 0.15,38268,38268,46581.88,1.21, 0.11,38631,38631,89928.36,3.16, 0.22
40000,36600,36600,118186.97,4.49, 0.26,37834,37834,65730.81,2.02, 0.15,38279,38279,46633.22,1.23, 0.11,38697,38697,89841.21,3.08, 0.22
40000,36442,36442,118840.41,4.53, 0.26,37622,37622,65679.70,2.01, 0.15,38006,38006,46801.29,1.22, 0.11,38589,38589,90932.49,3.13, 0.22
40000,36570,36570,118643.28,4.50, 0.26,37692,37692,65675.67,1.96, 0.15,38214,38214,47151.88,1.21, 0.11,38688,38688,91350.46,3.18, 0.23
50000,45865,45865,149537.77,4.51, 0.26,47292,47292,81744.70,1.97, 0.15,47796,47796,58717.73,1.22, 0.11,48368,48368,114514.54,3.23, 0.23
50000,45620,45620,148715.13,4.49, 0.26,47101,47101,82011.20,2.02, 0.15,47720,47720,59558.81,1.25, 0.11,48383,48383,113543.06,3.15, 0.23
50000,45725,45725,148279.01,4.50, 0.26,47344,47344,82982.01,2.05, 0.15,47931,47931,59198.15,1.24, 0.11,48401,48401,113751.95,3.16, 0.23
50000,46113,46113,149984.00,4.50, 0.26,47351,47351,80864.33,1.94, 0.15,47820,47820,58309.46,1.23, 0.11,48509,48509,113429.59,3.16, 0.22
50000,45689,45689,147980.67,4.49, 0.26,47251,47251,82771.60,2.04, 0.15,47659,47659,59259.15,1.24, 0.11,48176,48176,112854.38,3.12, 0.22
50000,45601,45601,148670.61,4.50, 0.26,47130,47130,82331.34,2.03, 0.15,47714,47714,58267.96,1.20, 0.11,48250,48250,113280.56,3.16, 0.22
50000,46034,46034,149604.38,4.50, 0.26,47360,47360,81714.12,1.99, 0.15,47892,47892,58272.41,1.21, 0.11,48413,48413,114321.90,3.20, 0.23
50000,45850,45850,149688.81,4.53, 0.26,47320,47320,82460.90,2.00, 0.15,47821,47821,58875.86,1.22, 0.11,48379,48379,113986.84,3.18, 0.23
50000,45804,45804,149562.71,4.55, 0.26,47331,47331,81793.50,1.99, 0.15,47779,47779,58838.92,1.24, 0.11,48316,48316,113041.24,3.13, 0.23
50000,45775,45775,148053.04,4.49, 0.26,47311,47311,81193.41,1.99, 0.15,47794,47794,58719.22,1.25, 0.11,48325,48325,113919.55,3.16, 0.23
50000,45940,45940,149350.92,4.54, 0.26,47381,47381,81492.08,1.98, 0.15,47803,47803,58033.85,1.21, 0.11,48348,48348,112772.89,3.13, 0.22
50000,45924,45924,148304.26,4.47, 0.26,47284,47284,81001.37,1.96, 0.15,47871,47871,58897.88,1.25, 0.11,48418,48418,113223.42,3.15, 0.22
50000,45786,45786,149772.33,4.58, 0.26,47328,47328,82684.48,2.03, 0.15,47820,47820,58693.05,1.22, 0.11,48378,48378,114745.31,3.18, 0.23
50000,45693,45693,149003.16,4.53, 0.26,47164,47164,81702.27,2.03, 0.15,47731,47731,58998.75,1.23, 0.11,48226,48226,113232.44,3.16, 0.22
50000,45729,45729,149897.57,4.51, 0.26,47280,47280,82489.77,2.01, 0.15,47798,47798,59257.90,1.25, 0.11,48322,48322,112869.06,3.10, 0.22
50000,45734,45734,148270.16,4.50, 0.26,47316,47316,81504.39,1.99, 0.15,47819,47819,58695.17,1.25, 0.11,48329,48329,113237.72,3.13, 0.22
50000,45782,45782,148526.12,4.52, 0.26,47310,47310,81375.89,1.97, 0.15,47890,47890,58914.49,1.24, 0.11,48453,48453,113595.69,3.15, 0.23
50000,45786,45786,148600.70,4.53, 0.26,47307,47307,82333.56,2.00, 0.15,47761,47761,58504.58,1.22, 0.11,48457,48457,113169.59,3.12, 0.22
50000,45737,45737,148973.14,4.46, 0.26,47199,47199,82833.61,2.06, 0.15,47755,47755,59528.43,1.26, 0.11,48327,48327,114475.68,3.18, 0.23
50000,45511,45511,147896.76,4.55, 0.26,47182,47182,82054.40,1.98, 0.15,47658,47658,59045.91,1.25, 0.11,48298,48298,112727.21,3.14, 0.22
