1,0.1,100,43.4,43.2,43.4,43.2,0.438,0.126,0.094,0.03,1.545148754,1.104194263,1.682185741,1.687941176,68.74602643,67.9417381
1,0.2,100.8,62.4,62.4,62.4,62.4,0.463668026,0.223683168,0.032,0.032,1.343642951,1.178730237,2.085397845,2.082800442,63.59344369,64.52529048
1,0.3,100.8,69.4,69.4,69.4,69.4,0.183853621,0.244481072,0.092,0.122758688,1.310165805,0.859625046,2.497311375,2.486755819,53.55543538,54.11104333
1,0.4,100.6,82.4,82.2,82.4,82.2,0.493089109,0.281840031,0.15770297,0.03,1.215877939,1.278152627,3.048713541,3.066398726,46.49840555,46.81800671
1,0.5,101,83.4,83.4,83.4,83.4,0.531046399,0.464049699,0.218111435,0.152467482,1.79699977,1.84978511,3.597994752,3.600375705,44.42584948,45.0157276
1,0.6,100.2,86.2,86.2,86.2,86.2,0.535366337,0.596772277,0.187683168,0.032,1.767685881,2.317684486,4.33169636,4.33169636,36.82977725,37.11685393
1,0.7,100.8,88,88,88,88,0.489152009,0.74310697,0.126738886,0.156758688,2.341522712,2.092501219,4.584006231,4.584006231,38.01594796,38.21584772
1,0.8,100.4,90.2,90,90.2,90,0.712313725,0.685411765,0.124,0.193333333,1.834069031,2.328053063,4.536145143,4.54520216,36.49504325,36.74968181
1,0.9,100.6,90.6,90.6,90.6,90.6,0.869553485,0.558934964,0.061372549,0.184461658,2.549704118,2.612573292,5.729657066,5.725401747,34.74949946,35.07782108
1,1,100.4,93.4,93.4,93.4,93.4,0.814196078,0.767098039,0.283411765,0.281411765,2.918314426,2.974798189,6.046005161,6.046005161,35.68753935,36.01869798
1,2,100.2,99,99,99,99,1.645861386,1.33049505,0.374138614,0.469049505,5.889384869,5.969457844,11.83820779,11.83820779,24.28107469,24.33148625
1,3,100.2,98.8,98.8,98.8,98.8,2.41449505,2.808435644,0.401405941,0.541049505,8.62137415,9.074998557,16.12126283,16.11505875,22.72692145,23.09349428
1,4,100.2,97.6,97.6,97.6,97.6,3.730712871,3.076831683,0.591089109,0.877089109,11.98595732,10.9410127,22.25633673,22.25837755,20.26540007,20.28941429
1,5,100.2,100,100,100,100,3.852336634,3.548415842,0.710158416,0.932910891,13.12412821,13.81859646,26.01189619,26.01189619,18.46029481,18.52171356
1,6,100.4,100.2,100.2,100.2,100.2,5.349137255,4.992509804,1.147686275,0.996901961,16.75809982,16.66848723,34.56449911,34.56449911,17.64751034,17.6831375
1,7,100.2,99.8,99.8,99.8,99.8,5.611960396,5.004712871,1.428930693,1.220574257,19.36107031,19.53871847,38.76556096,38.77556096,16.30677223,16.36391223
1,8,100.8,100.6,100.6,100.6,100.6,5.398671153,5.058066712,1.373292704,1.244540229,21.69067177,21.74047998,42.05403243,42.05985768,15.03074776,15.17685024
1,9,100.4,100,100,100,100,6.656509804,5.758313725,1.611568627,1.419960784,23.8339936,23.76233883,45.01228643,45.01028643,14.77055018,14.87256278
1,10,100.4,100,100,100,100,7.114178218,6.637069307,1.51029703,1.86990099,27.23694869,27.38044464,54.2799542,54.2779542,13.51070039,13.54947922
1,20,100.8,100.6,100.6,100.6,100.6,10.7545162,10.29953014,3.5755186,4.126628473,54.52147544,54.51060648,111.3472728,111.3472728,10.73791014,10.76203563
1,30,100.8,100.8,100.8,100.8,100.8,12.88027451,12.21909804,4.900470588,5.161411765,81.88964706,82.13701961,158.9477255,158.9496863,8.901101569,8.917395686
1,40,100.2,99.8,99.8,99.8,99.8,13.1789703,13.47936634,6.825089109,6.828910891,107.4907273,108.2528889,200.7267071,200.7267071,7.615904646,7.615904646
1,50,100.6,100.4,100.4,100.4,100.4,14.13843564,14.15639604,7.395940594,8.060158416,130.0537294,131.1971261,260.7679002,260.7678804,7.241379932,7.305631021
2,0.1,100.8,34.8,34.8,34.8,34.8,0.248772277,0.186467482,0.061386139,0,0.936811678,1.059597639,1.940417906,1.940417906,61.97091901,62.94599013
2,0.2,101.2,59.8,59.2,59.8,59.2,0.650559823,0.407619906,0.095366337,0.06170297,1.384253118,1.240127592,2.102445134,2.137711619,58.33004263,61.76681948
2,0.3,101.2,72.4,72,72.4,72,0.340074767,0.407347364,0.089910527,0.062,1.551303274,1.390990199,2.703613193,2.69741938,47.51552477,49.62511739
2,0.4,100.2,79.4,79.4,79.4,79.4,0.468752475,0.413980198,0.09170297,0.155366337,1.645794016,1.58432284,2.96490931,2.972930435,43.95474713,44.85316118
2,0.5,100.8,81.2,81.6,81.2,81.6,0.406125024,0.384376238,0.123055717,0.032,1.639819529,1.879485853,3.085519495,3.077549535,40.01643821,40.54829029
2,0.6,101,82.8,83,82.8,83,0.59807083,0.554384615,0.064,0.153692308,1.690412516,1.874739736,3.825826084,3.777854599,39.98165013,42.16048469
2,0.7,101.2,89.4,89.4,89.4,89.4,0.60932285,0.375337604,0.149310813,0.187490196,1.795005078,1.539465641,3.62594459,3.614767938,35.71049934,37.01896346
2,0.8,100.8,91.4,91.4,91.4,91.4,0.869476218,0.460962532,0.061094933,0.311239759,1.891300774,2.291387018,4.039592522,4.044036967,35.61927112,36.08375477
2,0.9,100.4,89.4,89.4,89.4,89.4,0.929089109,0.532138614,0.125386139,0.093386139,2.838171601,2.863944759,5.097644401,5.097644401,36.76876282,37.53043462
2,1,101,92.8,92.8,92.8,92.8,0.860841104,0.874605979,0.061067961,0.093386139,2.893569805,3.104062082,6.323935412,6.310315166,27.6628758,28.31891581
2,2,101,97.4,97.4,97.4,97.4,1.311565133,1.485405552,0.618194137,0.431713454,5.625790168,5.4462578,11.06030558,11.06026217,25.82360546,26.11913785
2,3,101.4,100.2,100.2,100.2,100.2,2.299875036,2.343939248,0.494645775,0.765452273,7.550845065,7.68304985,15.48017015,15.46630877,22.61633892,22.63255284
2,4,101.2,99.8,99.8,99.8,99.8,3.333291101,2.669390649,0.625491704,0.804487179,10.26154045,10.10195793,20.11060841,20.11060841,21.62733916,21.78092118
2,5,101,100,100,100,100,3.961087571,3.748123234,0.928483322,0.779874652,13.1300347,13.15221806,26.22322122,26.22728475,17.75311102,18.05616579
2,6,101.6,100.8,100.8,100.8,100.8,5.110547877,5.025993528,1.162866172,0.97398972,17.24188703,17.80370012,35.76052666,35.76048744,17.68020276,17.79102285
2,7,101.2,100.6,100.6,100.6,100.6,4.752413557,4.185536177,1.487360244,1.29358949,17.49626129,17.3753633,34.04407361,34.04593846,17.38204169,17.5264039
2,8,101,100.4,100.4,100.4,100.4,4.929178412,5.243377597,1.231086003,1.322660843,20.09430146,19.93883267,41.11834602,41.11834602,15.79806788,15.85380178
2,9,101.2,100.6,100.6,100.6,100.6,6.194584006,5.659588584,1.350477174,1.578047381,23.39554077,22.86532082,48.34134872,48.35763443,14.71895981,14.81142498
2,10,100.8,100.4,100.4,100.4,100.4,5.967520715,5.878970105,1.707583389,1.952421417,24.65515399,25.14952116,48.84547764,48.84547764,14.35628211,14.40739885
2,20,100.8,100.2,100.2,100.2,100.2,9.857803922,10.10618404,3.455618327,3.205922345,49.87807249,50.36061913,103.9702745,103.9702745,10.86951052,10.88219739
2,30,102,102,102,102,102,11.99639362,12.0636674,5.091401015,5.130613631,76.07248649,76.94304207,149.0584383,149.0584383,8.552494621,8.555057728
2,40,101.4,101.2,101.2,101.2,101.2,13.29991188,12.9236503,6.76864576,7.046321491,98.21207716,98.13688594,210.5061412,210.5161994,8.673671787,8.681901435
2,50,101,101,101,101,101,13.66138614,13.66336634,6.813861386,7.283168317,118.9623762,120.1881188,223.7841584,223.7841584,7.769267327,7.769267327
3,0.1,101.4,38.8,38.8,38.8,38.8,0.276196078,0.190745098,0.029411765,0.064,1.817614569,0.899978127,1.965041528,1.951894976,51.9555905,54.31158403
3,0.2,101,57,57.2,57,57.2,0.773824888,0.218738886,0.091411765,0.03,1.735352924,1.334542457,1.951141067,1.94240597,56.28187405,58.16850226
3,0.3,101.2,57.4,57.4,57.4,57.4,0.404482651,0.311639708,0.031683168,0.06,1.12040569,1.399798804,2.10347887,2.099063286,57.92271546,59.76575015
3,0.4,102.6,73.6,73.8,73.6,73.8,0.872259863,0.489417527,0.093013006,0.062751129,1.958406985,1.336619569,2.446434466,2.457451381,50.23172135,51.03494911
3,0.5,101.4,73.4,73,73.4,73,0.774481976,0.310071518,0.121897145,0.093683168,2.050527096,1.839051971,3.207100149,3.176370816,45.64485686,47.20269505
3,0.6,100.6,75.4,75.4,75.4,75.4,0.520660194,0.499398058,0.091262136,0.122,1.82572296,1.664330256,2.817224823,2.822911989,46.7695225,47.90185027
3,0.7,104,86.6,86.8,86.6,86.8,0.940652155,0.566531386,0.205165377,0.060382733,2.46407131,1.925085574,3.736483441,3.773351572,39.19661544,39.96657908
3,0.8,103.4,86.4,85.6,86.4,85.6,0.777001839,0.424166575,0.122999695,0.180430422,2.689941538,2.146701962,3.677487512,3.739091616,38.66401361,39.92603684
3,0.9,101,84.2,85,84.2,85,0.894245389,0.613602019,0.186441856,0.275550767,2.080663046,2.274679066,4.094698782,4.02132218,37.62089266,38.49861207
3,1,100.8,91.2,90.8,91.2,90.8,0.825666861,0.67879635,0.185055717,0.247847797,2.599330837,2.743540393,5.002697802,5.055676123,34.309966,35.04220142
3,2,101.4,94.8,95,94.8,95,1.447346154,1.189658096,0.308507342,0.3336458,4.838868239,4.469813683,8.424748733,8.380442312,27.8606446,27.89466505
3,3,101,98.2,98.2,98.2,98.2,2.226927199,1.693447874,0.21691555,0.401422248,6.908827073,6.920866468,13.59321475,13.5890922,24.23200043,24.58039196
3,4,101.8,100.8,100.8,100.8,100.8,2.857921297,2.770486421,0.701565879,0.584118409,9.359648224,9.735357018,20.14013473,20.14205591,20.80510539,21.14149478
3,5,102.8,102.2,102.2,102.2,102.2,2.746108699,3.056102019,0.790745032,0.672274821,11.1700866,11.27260476,21.58516275,21.58541263,20.27998808,20.48138865
3,6,101.4,99.6,99.6,99.6,99.6,4.029625315,3.700407688,0.767870316,0.890448457,13.20716504,12.89462836,26.37815337,26.37615337,19.96156928,20.0974467
3,7,101,100.4,100.4,100.4,100.4,4.288544451,4.291768513,1.181395393,1.332923663,15.34350472,15.49483816,31.12171573,31.09351136,17.48205293,17.89890742
3,8,101.4,100.4,100.4,100.4,100.4,4.334650314,3.839755133,0.962041978,1.369046817,15.79504867,15.98031354,33.89658974,33.89658663,18.60699414,18.87234303
3,9,102,100.6,100.6,100.6,100.6,5.9540403,5.473217231,1.284514897,1.348036619,20.18300993,20.43258036,42.02058305,42.01860285,16.24164882,16.37165176
3,10,100.8,99.6,99.6,99.6,99.6,5.68983343,6.037075131,1.485298389,1.364905067,22.5295615,22.74821415,44.55033623,44.55035603,15.87386983,15.99495407
3,20,100.8,100.8,100.8,100.8,100.8,8.972700058,9.460759464,2.736775383,3.265819453,44.26722151,44.46124054,87.0983409,87.10824189,12.2134729,12.29547386
3,30,102.2,102,102,102,102,11.22864213,10.70582761,4.843946625,4.747274973,65.57630502,65.54547393,139.809811,139.8353405,10.07566044,10.16071674
3,40,101.6,101.2,101.2,101.2,101.2,12.48640518,12.15813024,6.109558264,6.078236862,90.83635124,90.80091993,187.2604474,187.2566408,8.795048448,8.850445174
3,50,101.6,101.6,101.6,101.6,101.6,13.53425108,13.15637486,6.89728235,6.650788316,109.3567119,109.8323195,229.9140483,229.9140483,8.094745321,8.117260172
4,0.1,102.6,31,30.8,31,30.8,0.483606786,0.123138101,0,0.02962963,1.469221107,1.309668569,1.880524085,1.869494184,49.6221403,52.9024608
4,0.2,103.2,41.2,40.8,41.2,40.8,0.520385334,0.153689097,0,0,2.119709839,0.957118961,2.020756989,2.001107007,56.86345752,59.07982291
4,0.3,102.2,49.2,49.6,49.2,49.6,1.132425224,0.331960992,0.061075519,0.029126214,1.879738483,1.671608794,2.093166005,2.104702394,53.58869341,54.48261006
4,0.4,101.2,61.4,61.4,61.4,61.4,0.863619944,0.489616253,0.183683168,0.062,1.807305234,1.650444797,2.45179316,2.447511652,49.20769673,51.23917994
4,0.5,100.8,71,70.4,71,70.4,0.525119006,0.37107979,0.122170452,0.062,1.524177273,1.480485528,2.527949776,2.579940243,49.55630639,50.36045491
4,0.6,103,81.2,81.4,81.2,81.4,1.11737168,0.521043048,0.031067961,0.242077304,3.094425539,2.189838998,2.864222589,2.836902534,43.25727518,45.7236556
4,0.7,100.8,81.2,81,81.2,81,1.05189866,0.653740245,0.184784314,0.061683168,2.308542573,1.971918319,2.997797714,2.970073017,41.97925219,43.63090563
4,0.8,102.6,85,84.8,85,84.8,1.478698727,0.418802452,0.117322018,0.184931636,3.318517034,1.953784672,3.591077546,3.569715797,39.20222739,41.03668012
4,0.9,102.4,87.2,87.4,87.2,87.4,1.162589009,0.644571687,0.245871398,0.092448068,3.076186321,2.524003299,5.022805263,4.961966602,34.9461073,37.62401485
4,1,102.4,87.6,88,87.6,88,1.13496745,0.703375565,0.093544152,0.186808457,3.144746358,2.546687682,4.601673299,4.587587587,33.8072398,35.0125214
4,2,103.2,96.6,96,96.6,96,1.57862174,1.268872146,0.245248869,0.213441069,4.104511939,3.907700045,6.909369751,6.984049199,28.77943853,30.62392564
4,3,101,97.8,98,97.8,98,1.739741613,2.026183985,0.281820436,0.38097222,6.52869066,6.445872552,11.84627696,11.84230643,25.01660965,25.50241665
4,4,103,99.6,99.4,99.6,99.4,2.524147001,2.796666321,0.757502335,0.412922922,8.285936129,8.38298505,16.41602919,16.45804006,22.67145767,23.08138473
4,5,101.4,97.4,97.4,97.4,97.4,2.7452843,2.617886846,0.491460632,0.498944837,9.957688156,9.987085721,20.55321564,20.57850826,20.37306555,20.4964528
4,6,101.2,99,99,99,99,3.355609204,3.213560515,0.836139673,0.680859145,12.18072467,12.08918006,24.59255168,24.5802222,19.21432202,19.42613262
4,7,102.4,101.2,101.2,101.2,101.2,4.571960364,3.975260634,0.879415586,0.86878378,14.86564575,15.01882398,30.38606265,30.4117446,16.88505251,17.14427023
4,8,100.6,100.6,100.6,100.6,100.6,4.497907979,4.342990876,1.11590332,1.147177635,16.47269229,16.50267249,32.70313415,32.69321297,17.03137583,17.16519805
4,9,100.8,99.8,99.8,99.8,99.8,4.420787032,5.123040963,1.536330033,1.392210445,18.42184897,18.51183321,39.32029759,39.27329617,15.96915583,16.06460114
4,10,103,102.2,102.2,102.2,102.2,5.49012458,5.738485141,1.059320194,1.486472359,19.29065341,19.4173807,38.22198863,38.24146549,16.10807008,16.33179183
4,20,102.8,102.6,102.6,102.6,102.6,8.819789613,8.392003155,3.099562434,2.485210024,41.54497348,41.31055185,85.7409873,85.73882997,12.07403177,12.09908489
4,30,102.2,102,102,102,102,10.48754643,10.13557057,3.684917259,4.019768153,59.77059928,60.23289936,117.9752279,117.9812081,10.82557609,10.81527327
4,40,101.8,101.6,101.6,101.6,101.6,12.07909423,11.77135314,5.995449637,6.317839964,82.76716397,82.89723492,186.4722619,186.4241407,9.019829644,9.029600685
4,50,101.4,101,101,101,101,13.06059285,13.13463495,6.527438108,5.951346385,100.2459043,100.6343175,200.5260586,200.5220982,8.41852936,8.468004299
5,0.1,105.2,36,35.6,36,35.6,0.533901862,0.260514057,0.032075472,0.057931516,2.209186486,1.556431233,2.39147344,2.401676997,52.67936616,57.71122342
5,0.2,103,38,38,38,38,0.814454521,0.15045875,0.060784314,0.116537181,2.331925774,1.803087811,2.016229732,1.997515695,62.07907791,64.62085872
5,0.3,102.4,50.6,50.6,50.6,50.6,1.038033674,0.327879514,0.091627146,0.028571429,2.533695203,1.842917701,2.444954508,2.408715881,54.35793517,56.35093176
5,0.4,102.2,61.6,61.4,61.6,61.4,1.486683042,0.30318983,0.151027149,0.122950226,2.785334237,1.662467738,2.170780285,2.184257685,49.09960804,51.30067271
5,0.5,102.4,64.6,64.8,64.6,64.8,0.902627493,0.393199077,0.120765603,0.029126214,2.148042463,1.496893249,2.422061506,2.417707265,44.848256,47.61210089
5,0.6,101.6,64.2,64.2,64.2,64.2,1.340378545,0.460387004,0.157800634,0.088829184,2.603034563,2.074695822,2.532524254,2.565660204,47.16493947,49.39697274
5,0.7,102.4,80.2,80,80.2,80,1.582250791,0.615771649,0.064,0.148485544,3.270075758,2.326368276,3.57988456,3.448385466,38.31193052,41.05640918
5,0.8,102,84.8,84.8,84.8,84.8,1.652645209,0.545718831,0.124377358,0,3.273047251,2.075327583,4.084948851,4.073425152,35.65712945,38.5612033
5,0.9,104,87.8,87.8,87.8,87.8,1.779835263,0.870228806,0.123545497,0.117046797,3.7403711,2.86201824,3.974241196,4.013689182,36.80841155,39.42591066
5,1,101.8,77.6,76.8,77.6,76.8,0.984772008,0.523277437,0.124307692,0.153094933,2.662962453,2.880372016,3.361993821,3.553682612,42.10674765,43.05446281
5,2,103.2,94.8,94.6,94.8,94.6,1.449022744,0.998618923,0.299347226,0.176635371,4.230785931,4.031745987,7.219887104,7.255396603,28.88738472,29.64135014
5,3,103.6,96,96.2,96,96.2,1.921028357,1.616236101,0.24124747,0.359569182,5.974586081,5.750443622,10.88775092,10.874323,25.85440088,26.68862174
5,4,101.8,97.8,97.8,97.8,97.8,2.478529561,1.869903155,0.674945492,0.519912489,7.675586803,7.391297652,14.44454207,14.45860206,22.94860911,23.60942423
5,5,101.4,98.2,98,98.2,98,3.045788391,3.001996117,0.558873228,0.82599107,10.40794364,10.13605691,21.43812244,21.5127012,21.72247838,21.7527343
5,6,101.8,100.2,100.2,100.2,100.2,3.288448468,2.911724559,0.64859081,0.888724972,11.94960455,11.94734975,23.97095252,23.95679169,19.44488755,20.08412166
5,7,101.6,100,100,100,100,3.095692135,3.531877078,0.956733047,0.980125163,12.54474933,12.52998474,24.38442384,24.46791638,19.62979038,19.81214079
5,8,101,99.6,99.6,99.6,99.6,3.840761406,4.18713376,1.134953601,0.921269656,15.04761256,14.95466368,29.85835468,29.88839631,17.60517685,17.96019232
5,9,102.4,100.4,100.4,100.4,100.4,4.086252711,4.555830269,1.311303159,1.278114097,17.18717678,17.15717508,35.06623168,35.12877585,16.63790968,16.77705926
5,10,102.4,101.8,101.8,101.8,101.8,5.584336134,5.060151261,1.295036415,1.430717087,20.51950148,19.94533711,41.6672532,41.66568892,15.54630637,16.0046511
5,20,101.8,101.8,101.8,101.8,101.8,7.783537177,7.687303436,2.493108134,2.11042516,35.44678703,35.10133955,71.45521258,71.44736944,12.26051097,12.36626694
5,30,101.8,101.4,101.4,101.4,101.4,10.15955795,9.778538397,3.805584026,3.817201833,54.0718176,54.2514007,117.3285172,117.2817416,10.96691939,11.12940856
5,40,102.2,101.8,101.8,101.8,101.8,11.35328678,11.06846162,4.706318237,5.308804586,71.36801057,71.2308444,158.7405764,158.7692233,9.796162309,9.853175143
5,50,101.6,101.6,101.6,101.6,101.6,12.13359141,11.90274056,5.438230947,5.754223005,86.0737929,86.1611998,177.8469371,177.8449371,9.067163831,9.091490239
6,0.1,102,30.4,30.2,30.4,30.2,1.074796171,0.151580313,0.063683168,0.06170297,3.931249183,1.138299442,2.036809887,2.026348348,57.51790266,60.85716636
6,0.2,102.6,37.4,37.8,37.4,37.8,1.41064843,0.185446665,0.028301887,0.061683168,3.197536955,1.340813008,1.948382607,1.919493718,63.346563,63.74139571
6,0.3,101,49.8,50,49.8,50,1.114261697,0.281951077,0.122797903,0.031372549,2.854715214,1.650147129,2.285802954,2.267088969,50.99957554,52.95797465
6,0.4,103.2,49.8,49.6,49.8,49.6,0.755391751,0.30009132,0.060809382,0.059615385,2.152493313,1.892656891,2.30306593,2.270919564,53.70116023,56.46537084
6,0.5,101.4,65.2,65.4,65.2,65.4,1.444705599,0.519766154,0.092769231,0.060784314,3.209699931,1.936746689,2.712023434,2.640233135,45.58444382,47.77024552
6,0.6,103,64.8,64.6,64.8,64.6,2.023631068,0.54315758,0.179406273,0.059615385,3.366201175,1.757630196,2.513452095,2.482572544,51.25584865,54.47893536
6,0.7,102.8,72.4,72.8,72.4,72.8,2.401369107,0.398850779,0.058252427,0.155955013,3.930421469,2.06219266,2.515414206,2.488468806,42.23421268,44.81256165
6,0.8,104.4,76.6,76.6,76.6,76.6,1.073537238,0.426162526,0.209796807,0.183491989,3.15172242,2.226016623,3.063572939,3.043178774,46.66779597,50.0433575
6,0.9,101.8,83,83.2,83,83.2,1.418059014,0.736819722,0.060218703,0.214354625,3.145836684,2.627183108,3.621188505,3.620819633,37.78953599,38.52550903
6,1,103.4,83,83.2,83,83.2,4.417490628,0.893523079,0.091566724,0.180641315,7.011554082,2.636425987,4.280477154,4.263282606,34.86990243,36.52096874
6,2,102.4,92.6,92.4,92.6,92.4,1.553332005,0.856783875,0.211718509,0.063775145,4.104498203,3.306454133,5.33164752,5.313276764,32.05126932,33.23189223
6,3,104,101,101,101,101,1.941000823,1.705161799,0.299919923,0.583166187,6.561729253,6.183701247,11.962332,11.91994894,25.47457712,25.58229106
6,4,103.6,99,99.2,99,99.2,2.424818495,2.220890386,0.554284288,0.423507376,7.937576947,6.995544466,13.48374775,13.4730158,22.13911072,22.82433361
6,5,101.6,98.2,98,98.2,98,2.804238973,1.848489621,0.433674472,0.578110296,8.4573779,8.030419814,15.80160023,15.86870094,24.1832911,25.33598668
6,6,102.6,100.4,101,100.4,101,3.281135295,3.220589823,0.766104121,0.877713818,11.78179232,11.16408475,23.11636277,22.96537409,19.8545158,20.71870137
6,7,103.4,101,100.8,101,100.8,3.94886245,3.731124122,0.87622808,0.914779004,12.78449818,12.46077921,25.58166324,25.69357276,19.91057555,20.20638182
6,8,102.8,102,102,102,102,3.655081039,3.524614901,0.753393102,1.113540746,12.24248192,12.77804988,24.94289931,24.94683333,19.06907967,19.99047723
6,9,103.4,101.8,101.8,101.8,101.8,3.948406329,4.086744789,0.870246352,1.068644347,15.16763171,14.97922801,29.94117336,29.94760355,18.41559032,19.2487742
6,10,103.6,102.2,102.2,102.2,102.2,4.838284865,4.168929997,0.901316856,1.025531593,16.96771416,16.92974098,34.32313285,34.33090209,16.31123771,16.69969933
6,20,102.2,101.2,101.2,101.2,101.2,6.838268261,6.831281626,2.150491937,1.930903255,29.98857796,29.60540064,61.14995954,61.13619042,14.8269265,15.09722232
6,30,102,102,102,102,102,9.325629493,9.034280395,3.321377304,3.360576409,47.83757929,47.80818577,102.6697008,102.6810924,12.09686454,12.25299649
6,40,102.8,102.2,102.2,102.2,102.2,10.51628136,10.88683109,4.65759119,4.519885166,64.27100403,63.83820203,140.8198408,140.8315103,10.26830775,10.4929049
6,50,102.6,102.4,102.4,102.4,102.4,11.90118487,12.16060418,5.418214393,5.240829563,78.76676193,79.21004848,175.9687019,175.9463288,9.950447979,10.15220919
7,0.1,101.4,28.2,28.2,28.2,28.2,0.744744774,0.218913258,0.061683168,0.029126214,1.795102093,1.259236462,1.904322045,1.897870433,56.10546118,59.26051772
7,0.2,103.2,42,42,42,42,1.329746854,0.148437082,0.058257919,0.029411765,2.93709284,1.556870413,2.537332902,2.541650014,47.47894059,50.3926498
7,0.3,102.6,40,40,40,40,1.038571429,0.186952381,0.03,0.03,2.300437967,1.506933348,2.264425231,2.23887966,50.49504598,53.22111083
7,0.4,101.4,54.4,55,54.4,55,1.041551821,0.487792717,0.03,0.093411765,2.745491345,1.325883246,2.29719385,2.271047584,51.1359195,54.54131915
7,0.5,103.2,56.8,56.2,56.8,56.2,2.1863848,0.215769411,0.117876803,0.1244541,3.944208504,1.587229366,2.334830396,2.384112051,54.46559078,57.87882479
7,0.6,102.4,53.8,53.6,53.8,53.6,1.215630129,0.428967472,0.032,0.061906542,3.039848211,1.496124132,2.384414287,2.377308007,51.21670446,52.51360569
7,0.7,101.6,54.8,55.2,54.8,55.2,1.898740484,0.460263982,0.033624539,0.090218703,2.970304705,2.000774464,2.338548317,2.356839351,47.5446986,48.40483124
7,0.8,106,75,75.2,75,75.2,1.373866255,0.615440484,0.141893337,0.034496314,3.125580456,2.293254999,2.81891302,2.751727031,42.27590849,44.3393294
7,0.9,104,77.6,77.8,77.6,77.8,2.259201179,0.661116862,0.12152381,0.092377358,4.370469591,2.264705712,3.307868339,3.221698168,42.26329226,45.35151257
7,1,103,81.6,82,81.6,82,1.479230108,0.87999057,0.117030812,0.179943978,3.726897991,2.864848052,3.752271907,3.720829723,36.6202231,38.0204677
7,2,106,91,91.4,91,91.4,1.924750859,1.122465928,0.109980882,0.174066886,4.775001922,3.684719993,7.037285384,7.016483856,29.78106648,31.1569792
7,3,102.6,93.4,92.2,93.4,92.2,2.096422666,1.357960734,0.366837846,0.306352776,5.295142863,4.354705797,7.870008292,7.973328016,28.35404246,29.66530344
7,4,105,99.2,99.2,99.2,99.2,2.354482544,1.785717835,0.270830314,0.570857314,6.622020202,6.230444444,12.22993939,12.2480202,23.66116727,24.29662424
7,5,103.8,99.4,99.2,99.4,99.2,2.434567219,1.737990815,0.393193128,0.779653682,7.748048739,7.378801978,14.58275754,14.59465555,24.12437019,25.15581044
7,6,101.8,96.6,96.6,96.6,96.6,2.704080123,2.222346255,0.466966452,0.285181115,8.226999158,7.793657192,13.85076519,13.89134179,24.14690323,24.83029815
7,7,102.8,99.8,99.6,99.8,99.6,3.591359285,2.829474551,0.613663022,0.630845272,10.13640186,9.816735414,19.4857658,19.53976179,19.59360986,20.46250228
7,8,104.2,100.6,100.6,100.6,100.6,3.148918282,3.078295512,0.994749887,0.834274269,11.77329015,11.63632455,23.85313391,23.87281266,20.61221669,21.31738368
7,9,102.6,101.2,101.2,101.2,101.2,3.464759888,3.39855432,0.821561514,0.722701106,12.89829492,12.48719957,25.78721787,25.84946202,18.16852104,18.80335942
7,10,102.6,101,101,101,101,4.735191075,3.79242203,1.13480445,0.825711518,14.70942814,14.43813288,31.90129145,31.91418428,17.3817424,18.16220597
7,20,105.4,104.6,104.6,104.6,104.6,6.754179419,6.719020617,1.88587871,1.657718358,27.67472168,27.48698251,58.27148948,58.28193969,14.64299612,14.95439534
7,30,107.2,106.6,106.6,106.6,106.6,8.796349341,8.688141412,3.139805292,3.168463981,42.88833406,42.84463863,87.68340966,87.68113216,12.72725278,13.35433657
7,40,103,102.6,102.6,102.6,102.6,9.957658565,9.407732047,3.948618863,3.586666032,53.70326983,53.5194349,114.9136449,114.917624,10.59511038,10.81060555
7,50,103.8,103.4,103.4,103.4,103.4,11.2215374,10.48411043,4.48336796,5.058258098,66.86176453,67.35028753,148.5651908,148.4506826,10.31592141,10.50594024
8,0.1,105.4,25.8,25.8,25.8,25.8,0.596419161,0.116150251,0.030769231,0.031067961,2.242532468,1.433246753,2.542207792,2.527922078,63.04960487,66.31852922
8,0.2,102.4,36.4,36.6,36.4,36.6,1.858000095,0.271439508,0.158898254,0.029411765,3.05274675,1.229822596,2.23934319,2.236648771,54.0178195,56.30850517
8,0.3,104.6,48.2,48.2,48.2,48.2,2.234920276,0.446467117,0.088186813,0.02962963,3.527986269,1.708610543,2.359295943,2.364963013,47.45219103,50.26075993
8,0.4,102.8,50.8,49.8,50.8,49.8,1.77199421,0.396633552,0.058549124,0.060194175,3.205307115,1.562484724,2.111627817,2.153339297,47.55979209,51.75820293
8,0.5,102.2,63.4,62.4,63.4,62.4,1.571112699,0.643067986,0.03,0.091279091,2.998310837,2.351558984,2.476067484,2.480803668,48.02838166,50.94143042
8,0.6,100.4,61.2,60.4,61.2,60.4,3.10427451,0.592901961,0.032,0.094,5.185081909,1.87653424,2.411301569,2.341282537,46.20281969,50.66593998
8,0.7,105.6,53.6,53,53.6,53,3.408531153,0.445794635,0.030188679,0.06066487,5.84074048,1.54432513,2.311105693,2.328674468,50.48224352,53.84423188
8,0.8,105.8,62.4,62.4,62.4,62.4,1.432409892,0.292423508,0.088475369,0.117199658,3.366787127,1.908884676,2.05570884,2.039926127,46.66607481,48.52619388
8,0.9,105.2,71.6,71.4,71.6,71.4,4.542447935,0.561061924,0.120658866,0.029906542,7.075321679,2.355959453,2.674186747,2.690805821,42.92865983,45.09820493
8,1,103.2,79.6,79.6,79.6,79.6,2.649968944,0.694688662,0.214655536,0.185357219,4.808906907,2.79825047,3.51985414,3.531198099,38.23291329,39.97763724
8,2,106,89.6,88.4,89.6,88.4,2.34562898,0.904052861,0.211672095,0.205195114,5.35329591,3.702252336,5.506010545,5.63807414,28.59035206,31.36150945
8,3,105.4,93.6,94.2,93.6,94.2,2.078439824,1.178572851,0.231328229,0.244095649,5.390227707,4.824703102,8.489830434,8.378392557,28.38000359,30.09405334
8,4,105,100,100.2,100,100.2,2.331344761,2.071652251,0.407909747,0.317589901,6.965592198,6.61061171,12.07905027,11.97069684,23.90233745,25.3206978
8,5,103,98.4,98.4,98.4,98.4,2.607715258,1.775557064,0.480265673,0.404316015,7.711506308,6.718100221,12.01729495,12.07905714,22.87157425,24.33438231
8,6,102.4,98.8,98.8,98.8,98.8,2.554215863,2.340438344,0.362706408,0.550639385,8.982462203,8.796668036,16.79702594,16.8683858,22.06788551,22.47753754
8,7,105.2,100.6,100.4,100.6,100.4,3.405795746,2.450003213,0.545613207,0.474557355,10.36982995,10.18311328,20.77475748,20.80137524,22.81968562,24.05071957
8,8,105,102,101.8,102,101.8,3.615651334,2.928349363,0.541773152,0.61936448,10.91628772,10.03893506,20.24435278,20.18883326,19.91571638,20.7554527
8,9,104.8,101.2,101.2,101.2,101.2,3.222731483,3.194229647,1.205872931,0.934020873,12.98685351,12.508446,25.14528585,25.140515,19.82243641,20.27847707
8,10,103.4,101,101,101,101,4.135104517,4.190777595,0.989464845,0.87446525,13.86880827,13.66798947,28.48707201,28.53482327,18.37688501,19.21028624
8,20,106.4,104.8,105,104.8,105,5.875788119,5.503827363,1.082219973,1.804936296,24.05110501,23.94705103,50.37951276,50.34799177,14.7182612,15.41022168
8,30,102.2,101.6,101.6,101.6,101.6,7.582972584,7.672808473,1.947204038,2.8322708,36.29206674,36.35313671,75.428038,75.44183558,12.57096248,12.8382519
8,40,103.4,103.2,103.2,103.2,103.2,9.129783144,9.38384876,3.699680929,4.017542102,50.98442955,51.74872999,110.0861147,110.0785803,10.74471703,10.83107643
8,50,104.8,104.4,104.4,104.4,104.4,9.92803857,9.42990187,4.318971767,3.992579662,59.86212579,59.73357592,129.1101671,129.1208266,10.46225813,10.51809779
9,0.1,104.2,31.6,31.6,31.6,31.6,0.453764233,0.061126214,0.090194175,0.028846154,2.474312169,1.587248677,2.402645503,2.388571429,44.68112566,46.76867328
9,0.2,101,33.4,33.4,33.4,33.4,1.27847619,0.29,0.092571429,0.034571429,3.567514652,1.609462436,2.621708479,2.617890875,46.70399986,47.01199654
9,0.3,106,39.2,39.4,39.2,39.4,2.9977094,0.236731823,0.031941748,0.057676382,3.692803017,1.427006359,2.224939833,2.19719245,48.85717501,51.35661647
9,0.4,104.4,51.4,50.8,51.4,50.8,1.950217707,0.358490566,0,0.057148041,3.739725901,2.089901213,2.043382327,2.059519274,46.87608637,49.27452376
9,0.5,106.6,53.4,54.2,53.4,54.2,1.818960963,0.32148928,0.057697642,0.121822243,3.981051226,1.893397285,2.219827576,2.190395211,49.60848477,52.22799918
9,0.6,104.4,53.8,53.6,53.8,53.6,5.802009508,0.391684914,0.03,0.032,8.180069824,1.604396506,1.995415881,1.952624334,51.38250134,56.91942755
9,0.7,106,67.8,68,67.8,68,3.624009099,0.449358211,0,0.118409586,7.150620874,2.185946937,3.004569824,3.030218965,41.67893039,43.81635645
9,0.8,106,54.6,55.2,54.6,55.2,1.994182212,0.532666107,0.030070175,0.059138137,4.752751627,1.560950031,2.197856416,2.160778208,51.10441776,54.00719486
9,0.9,104.6,75,75,75,75,4.983914721,0.508365391,0.119777778,0.03,7.164893214,2.348334896,2.763557993,2.745585716,40.8652134,43.89343508
9,1,104.4,75.8,76,75.8,76,2.030220456,0.475410821,0.030647956,0.12210989,4.132236418,2.161702653,2.961518154,2.934027504,40.55807242,44.03534864
9,2,105.8,85.6,85,85.6,85,2.782195191,0.822403554,0.291646447,0.08952381,5.154737003,3.056366709,4.787214888,4.775590421,33.83145263,36.39599784
9,3,104,92.4,91.2,92.4,91.2,2.831482784,1.17275206,0.217797721,0.147870948,6.065191917,4.159882175,6.842899888,7.045545977,28.87107967,30.57960169
9,4,103.8,94.8,95.2,94.8,95.2,2.609157373,1.739991249,0.331948677,0.273476856,6.508638944,5.028588733,9.366497298,9.271427023,26.71048213,28.766175
9,5,105.6,99.4,99.6,99.4,99.6,3.484418563,1.465619617,0.424177977,0.366892679,8.350412298,6.418058425,11.84862469,11.85509546,24.16234385,25.86011548
9,6,104,99,98.8,99,98.8,5.425513488,1.712477451,0.543790407,0.576489199,10.62949191,6.89292555,12.74502444,12.83624191,23.28834268,24.95173038
9,7,105.4,99.6,99.4,99.6,99.4,2.879028478,2.147845783,0.642429816,0.630351696,9.127727242,8.386111308,17.16175069,17.27619934,22.09371627,23.20930613
9,8,103.6,101.2,101.4,101.2,101.4,3.740802042,3.411126588,0.705689331,0.770342279,12.14890901,11.91821216,23.98850793,23.85819212,18.87504897,19.45138821
9,9,102.4,99.2,99,99.2,99,2.820654088,2.925427303,0.782863485,1.091889012,11.35188043,10.78983913,22.2752241,22.46465571,21.06714075,21.79250245
9,10,104.6,102.6,102.4,102.6,102.4,3.898429625,3.214264046,0.733433862,1.000958758,12.86739342,12.40432299,25.90260948,26.05204705,19.3158925,20.06231358
9,20,103.4,102.4,102.4,102.4,102.4,5.972643022,6.200005707,1.674777716,1.717589229,23.82371888,23.41200387,50.76656745,50.65524168,14.50057213,14.93675781
9,30,104.8,104,104,104,104,8.159703417,7.487695985,2.413495931,2.570230724,36.23951424,36.52725693,76.17989088,76.20339317,13.15763563,13.40914383
9,40,103.6,103.6,103.6,103.6,103.6,9.859035579,9.853248741,3.812725467,4.270539531,51.62011717,51.44474396,117.6949999,117.80263,10.95303693,10.92094566
9,50,105.4,104.8,104.8,104.8,104.8,9.84155885,10.07622054,4.126256479,3.923706199,54.01071457,54.04703846,119.0649453,119.1491799,11.40300301,11.7474454
10,0.1,104.6,37,37,37,37,0.695071233,0.450539258,0.091087815,0.03,2.339759804,2.027220162,2.186953325,2.164742967,49.85296637,54.2775142
10,0.2,104.6,38.4,38.6,38.4,38.6,1.585505491,0.182312561,0.02962963,0.058475783,3.210446477,1.94987013,2.43421286,2.458904854,48.09918882,48.83123989
10,0.3,103,36.4,36.4,36.4,36.4,1.902505392,0.242445004,0,0.030769231,2.918467558,1.224824825,2.263135863,2.241232141,53.13935439,55.66025089
10,0.4,104,26,26,26,26,0.575231851,0.235314536,0.058823529,0.058845739,2.128342246,1.514782277,2.181474408,2.181474408,53.77054673,57.83478304
10,0.5,105.6,43.6,43,43.6,43,2.360849364,0.268931145,0,0.031067961,5.442253302,1.435020059,2.388041958,2.4001665,49.63051919,54.25508673
10,0.6,106.2,60.8,61.2,60.8,61.2,2.426662015,0.799231619,0.086425104,0.057163597,4.601214072,2.227468692,2.56798097,2.586207222,43.84278267,47.90977476
10,0.7,106.2,66.4,65.8,66.4,65.8,2.721821469,0.625230575,0.121639373,0.119985137,4.435483022,1.982310259,2.769018875,2.834313475,42.12002124,45.13935681
10,0.8,104.6,60.2,60.2,60.2,60.2,3.475760631,0.424059819,0.058752696,0.059034833,5.526774703,1.584927632,2.382548357,2.386244009,47.56563987,49.75361948
10,0.9,105,59.4,58.6,59.4,58.6,5.390751601,0.502664085,0.02970297,0.030188679,7.40413953,1.985222684,2.173649236,2.181774443,48.9784105,52.57612959
10,1,106.4,78.8,78.4,78.8,78.4,4.719027993,0.858359834,0.027522936,0.116412142,7.282225036,2.230472539,3.090976948,3.094485239,41.13799339,43.96390009
10,2,103.6,90.8,90,90.8,90,2.876516109,1.061973553,0.180556588,0.210916461,5.388591569,3.376732145,4.883084181,4.931710348,33.08672061,35.24757034
10,3,106.8,97.4,97.4,97.4,97.4,2.283658344,1.184870084,0.17363522,0.352625246,5.224628005,4.50324332,7.143620854,7.057704931,28.64926705,31.18913766
10,4,109,104,104,104,104,2.843919075,1.887973434,0.438021769,0.595903115,7.185227504,6.025910612,11.13134138,11.12254418,22.44402287,23.81956251
10,5,103.8,96.2,96.6,96.2,96.6,3.659986961,1.89744728,0.449375926,0.484906005,8.946991741,6.006226006,11.60063839,11.52965902,25.97112399,27.80858705
10,6,104.4,99.4,99.4,99.4,99.4,2.829986653,2.320719028,0.450697053,0.533841347,8.561896622,7.867324236,15.27052866,15.25589431,23.46226729,25.03941677
10,7,104,100.8,100.8,100.8,100.8,3.551608639,2.286148996,0.378451655,0.599627809,9.044708096,8.201281291,15.53974122,15.62270292,22.21953613,23.47497643
10,8,106.2,103.2,103.6,103.2,103.6,3.5901924,2.853928812,0.640593555,0.445129389,9.614819686,8.92803336,16.97244826,16.89937462,21.34283727,22.80013424
10,9,104.4,100,99.8,100,99.8,4.062880235,2.868219681,0.472351169,0.62730511,10.91492698,9.666086384,18.04471982,18.02196937,20.31625211,21.64789334
10,10,105,104,103.8,104,103.8,4.39647868,3.045326127,0.647946264,0.588276874,12.70845653,11.03607681,23.43489043,23.49571573,20.85890707,22.10517945
10,20,105.8,104,104,104,104,5.638300691,5.696107849,1.350698414,1.470743036,21.53438354,21.37834486,44.21141249,44.19843844,15.94431108,16.43922811
10,30,105.2,104.8,104.8,104.8,104.8,7.676175828,7.509201145,2.692875186,2.707178738,33.53218617,32.85174461,71.18279893,71.29610661,13.46809324,13.66749889
10,40,107.2,107,107,107,107,8.86544524,8.936256669,3.233187999,2.858591699,43.67176483,44.1016493,96.22874821,96.13712209,12.13342024,12.48451738
10,50,102.8,102.2,102.2,102.2,102.2,9.674296653,8.987838198,3.742745397,3.779304038,49.30775579,48.92004108,109.1624712,109.1606064,11.18460618,11.34534869
20,0.1,214.2,25.2,25.2,25.2,25.2,1.568650746,0.090400306,0.014778325,0.014611872,4.731540974,1.493097896,2.046614263,2.060899977,51.44629136,53.71523876
20,0.2,206.4,30.4,30.4,30.4,30.4,1.358482779,0.226795379,0.01509434,0.015609756,3.810282783,1.82484217,2.351937214,2.327270548,53.0699763,55.76391875
20,0.3,206.4,42.8,42.8,42.8,42.8,3.442295001,0.151714143,0.000938967,0.014084507,5.03372807,1.308625731,1.961871345,1.957982456,49.2490845,52.3985152
20,0.4,208.4,51,50.8,51,50.8,3.298488452,0.265318429,0.014150943,0.015238095,7.000223665,1.729115742,1.837859723,1.818140206,46.83251604,49.08100141
20,0.5,209.2,59.2,59,59.2,59,4.11507443,0.225783751,0.028898129,0.014414414,8.024460061,2.23670762,1.873056445,1.907584112,49.41207444,50.82691273
20,0.6,214.6,71.8,71.6,71.8,71.6,8.257120479,0.380678257,0.044761905,0.029943978,10.76394484,1.702771374,1.802002514,1.827265818,46.55601994,51.99621591
20,0.7,211.2,66.2,65.8,66.2,65.8,5.301702477,0.42657909,0,0.063904977,8.604018373,2.202389124,1.926663502,1.973117473,45.87432292,49.84037812
20,0.8,211.6,73.4,73.4,73.4,73.4,6.801029736,0.402182476,0.030432818,0.029357798,9.967414649,1.993436368,2.081882636,1.947745265,43.86532414,48.13009543
20,0.9,212.8,77.4,77.2,77.4,77.2,5.504465859,0.380037505,0.056596117,0.014966559,8.292805706,2.015523053,1.790205555,1.807794449,47.94729443,53.169544
20,1,205.4,93,92.6,93,92.6,7.68486731,0.503567316,0.074307942,0.029665072,13.61786259,2.40622433,2.040899544,2.050148528,40.77379177,45.78130554
20,2,214.2,131.2,131.2,131.2,131.2,6.509624514,0.82798989,0.102417216,0.085346816,10.21861139,3.130869146,2.646568107,2.618643826,40.46096212,43.4570361
20,3,215.4,167.6,166.8,167.6,166.8,11.43004288,1.066185032,0.171923911,0.229342979,15.51352045,4.312839627,5.445953174,5.44545876,30.06883044,32.76424755
20,4,206.2,162.2,161,162.2,161,9.848338763,1.450504912,0.268922493,0.106049548,14.79632726,4.579951216,5.443554999,5.51164337,30.45213551,34.56821062
20,5,209.2,182.2,183.4,182.2,183.4,8.094421534,1.388649978,0.342851109,0.40089472,13.56702962,5.917786921,7.895241274,7.76647262,24.77239545,28.23891822
20,6,206,186.4,184.4,186.4,184.4,9.260971018,1.559865313,0.350175228,0.420624565,15.17226326,7.167076388,10.68683921,10.84787127,21.97900495,24.94055371
20,7,207.4,196,196,196,196,6.986304411,2.036396974,0.366274125,0.452319155,13.55408243,8.590930916,14.19415175,14.19646095,21.28042139,24.0855207
20,8,212.8,197.8,196.6,197.8,196.6,8.313729509,2.604593728,0.48287556,0.379165419,15.42465866,8.679406304,14.24056975,14.4231621,22.37681983,25.41403833
20,9,215.2,205.2,203.8,205.2,203.8,9.171600871,2.677499395,0.651749784,0.76694523,17.89423752,10.61965399,18.05209333,18.19052243,20.94686156,22.92902208
20,10,210,203.4,203.6,203.4,203.6,9.273382479,3.08841795,0.788718041,0.767226226,17.75997454,11.26906074,19.37250544,19.45140102,19.80426303,21.99791788
20,20,209.6,204.6,204.6,204.6,204.6,6.265832844,5.023586293,1.322247312,1.162397663,21.10075234,19.31259494,38.06905612,38.26200817,16.79636888,17.85199413
20,30,210.6,209.2,209.2,209.2,209.2,8.136146315,7.176641459,2.584226662,2.220181502,33.37973683,32.33159322,65.48654655,65.5297421,14.23439188,15.20181988
20,40,216.8,214.6,214.6,214.6,214.6,8.700754961,8.338286162,3.036041599,2.794037305,41.90966087,41.26310545,87.69884595,87.89740474,12.87900748,13.44500107
20,50,214,213,213,213,213,9.533482828,8.967172385,3.185021586,3.300427572,49.57117712,49.21585146,100.4617756,100.3462541,11.46569626,11.85299088
30,0.1,317.2,32,32,32,32,1.263082882,0.178473323,0.010062893,0.009966777,5.232510051,1.813440283,2.231676381,2.262219016,50.87369865,50.96416152
30,0.2,311.6,39.8,39.8,39.8,39.8,1.78698066,0.121809874,0.020882303,0.01972001,6.407056965,1.65894147,2.412424813,2.388612496,48.49089924,51.41026204
30,0.3,321,43.2,43.2,43.2,43.2,1.482045967,0.181080366,0,0,5.613892958,1.692404171,2.021281016,2.024898827,43.79392825,46.87520748
30,0.4,308.8,52,51.8,52,51.8,3.727971408,0.301259329,0.059299032,0.009846154,7.739332551,1.413418149,1.864462825,1.836216378,45.73266172,50.15516176
30,0.5,319,46,46,46,46,2.415605887,0.225634284,0.049955624,0,6.009294129,1.637147447,1.71033192,1.689443413,48.80652898,50.4971797
30,0.6,309,67,66.8,67,66.8,6.743938457,0.332861367,0.009868421,0,14.41785622,1.680407964,1.576880255,1.597413441,48.16213397,50.91468356
30,0.7,317,70.8,70.8,70.8,70.8,6.993224916,0.254261424,0.019057686,0.048218619,13.52226946,1.667993011,1.97306727,1.968335232,42.00880056,47.48269243
30,0.8,319.6,67,66.8,67,66.8,4.102409111,0.238149633,0.019646876,0.029113954,8.056730111,1.557923914,1.603457309,1.589009795,46.02842869,49.00226355
30,0.9,314.6,88,88,88,88,5.77961135,0.298024295,0.02927599,0.029406348,12.30647064,1.569464653,1.812226367,1.821945167,46.84383423,51.10710454
30,1,315.6,81.8,82.2,81.8,82.2,4.57906723,0.32089891,0.030192763,0.030600762,8.891919411,1.907020444,1.65245736,1.641961155,45.13092232,48.62198303
30,2,312.2,153,152.2,153,152.2,12.78200902,0.594551684,0.080803315,0.049714243,19.06752621,3.298856112,1.987761192,1.972330702,40.48393431,42.59979796
30,3,320.2,176.6,176.4,176.6,176.4,15.7518625,0.673430119,0.049160099,0.113852416,22.67772941,3.334630881,2.06967494,2.07194099,39.43872238,43.80876654
30,4,305.8,225.4,226.8,225.4,226.8,19.32066347,1.234931491,0.101733114,0.215998485,25.28808266,4.507361352,4.134903166,4.090935243,31.17539153,35.7121994
30,5,316.4,242.6,241.6,242.6,241.6,17.54886406,1.324287611,0.187435613,0.167274327,25.70621386,5.357631325,5.003217808,4.992121559,30.09796709,34.6890918
30,6,316.6,257.4,256.6,257.4,256.6,12.77141106,1.554208117,0.282315228,0.313338265,19.64968516,6.301958553,7.077550734,7.161499259,26.23520642,29.99485645
30,7,315,281,281.6,281,281.6,14.64499886,1.789084996,0.427940809,0.439311219,22.22823122,7.720043772,10.04656108,10.01460346,24.12199518,27.23553618
30,8,319,281.2,281.8,281.2,281.8,15.07052481,2.744920795,0.45942041,0.361748538,23.53111493,9.431800851,13.05018204,13.02557515,22.92881281,26.22091566
30,9,309,286.6,285.2,286.6,285.2,14.98618751,2.277662642,0.534018948,0.52922035,23.43747764,9.278342495,12.76109897,12.94503098,21.50003065,24.79798305
30,10,311.6,279,278.8,279,278.8,15.54324025,2.496442062,0.581807697,0.449265288,24.95777063,9.604730206,14.40263922,14.51041972,22.9961529,25.97738917
30,20,315.4,309.6,309.4,309.6,309.4,10.30055412,5.103866875,1.407640651,1.230297851,26.70874629,20.11639727,36.25214439,36.54978948,16.81059703,18.64298663
30,30,308,306.6,306.6,306.6,306.6,8.63188164,6.844083972,2.065962949,2.129735811,32.70150412,30.43891837,60.77505289,60.88611505,13.882281,14.91822645
30,40,308.6,307,307.2,307,307.2,10.16148857,7.82914604,2.490349109,2.650553185,40.25132491,37.93092661,77.31268735,77.170994,12.84450499,13.78836337
30,50,313.8,312.4,312.4,312.4,312.4,10.24596862,8.658224122,3.030829996,3.24906281,47.29710397,45.69057075,92.012915,92.05710683,12.05021815,12.68484896
40,0.1,427.4,31.6,31.6,31.6,31.6,2.217671614,0.094364142,0.006960557,0.014883308,7.37093264,1.598244927,2.326418861,2.348595396,51.49598926,54.18449307
40,0.2,412.8,38.2,38.2,38.2,38.2,2.559481306,0.122247333,0.0075,0.0075,7.525795472,1.38913455,2.076682973,2.08023136,43.18715794,46.57137719
40,0.3,416.8,43.8,43.8,43.8,43.8,1.658918221,0.149151854,0.021334545,0,6.161597247,1.747539378,2.07674459,2.102934641,44.39466121,48.82186665
40,0.4,422.4,43,43.2,43,43.2,2.028640002,0.104364815,0.014884524,0.007748184,5.271263736,1.414033189,1.876237281,1.87047175,49.78720836,52.58366421
40,0.5,425,52,52,52,52,3.730966647,0.238252053,0.007673861,0.014584441,7.509815049,2.103760712,2.090935848,2.096977515,45.7173,50.64381096
40,0.6,417.8,51.4,51.4,51.4,51.4,2.271468836,0.159537543,0.007582938,0.030388937,5.420537681,1.60593741,1.824442619,1.81609301,46.82085866,49.79690384
40,0.7,428.2,68.4,68.8,68.4,68.8,5.926993157,0.216939049,0.02905598,0,12.68663666,1.688606072,1.531593208,1.552596271,45.20597777,49.05657519
40,0.8,428.2,75.2,75.2,75.2,75.2,4.41530169,0.248022002,0.007407407,0.014832001,9.89474026,1.878437979,1.496586202,1.510805087,40.92119594,46.55551081
40,0.9,426.2,79.4,79.4,79.4,79.4,5.544372064,0.293955313,0.021655251,0.015800382,12.6675439,1.769497449,1.703923611,1.704716603,46.9685431,50.17136508
40,1,415.4,83.8,83.8,83.8,83.8,11.77542603,0.298591261,0.038423842,0.03050462,16.94961467,2.229157951,1.621486219,1.596556585,44.3169602,48.22565994
40,2,425.6,144.4,144.2,144.4,144.2,12.90217424,0.452230578,0.065829296,0.037193226,20.87370731,2.817221225,1.741343364,1.706570683,41.32363747,45.02695206
40,3,423,187.4,187.4,187.4,187.4,18.45068478,0.784842065,0.022659351,0.083348455,30.7332346,3.811340019,1.902282781,1.880285154,39.32261675,43.81707585
40,4,420.2,219.8,217.6,219.8,217.6,14.69793612,0.831767677,0.043020168,0.052909537,22.86343767,4.087607825,1.988141565,1.987866075,37.80650085,42.91310385
40,5,416.8,287.4,289.2,287.4,289.2,21.72977908,1.153479434,0.119876195,0.166801071,30.81712583,5.423053155,4.053954702,4.043625964,31.17305225,36.17931846
40,6,422.8,332.6,332.4,332.6,332.4,21.95116529,1.718396327,0.331384974,0.308995041,31.37371428,7.292413522,7.13497031,7.134096803,26.22538004,29.68414557
40,7,417.8,337.4,333.6,337.4,333.6,19.78500568,1.747073761,0.251421547,0.344094025,29.62022845,7.566778239,7.834687579,7.961565188,26.50321374,30.33270484
40,8,421.8,355,356.4,355,356.4,18.93408754,2.083785393,0.29883863,0.35482634,30.50282961,8.559702841,9.549064545,9.49822143,23.82951819,28.10441532
40,9,416.4,365.2,366,365.2,366,16.96125017,2.487360212,0.470519298,0.46501736,28.31831316,10.21124522,13.06988599,13.00020308,22.10457516,25.4769601
40,10,423.4,375,374.6,375,374.6,19.39451502,2.14937136,0.449499345,0.561911629,31.3074009,10.39418392,13.25270478,13.18573034,21.62491591,25.55671342
40,20,429.4,414.8,414.2,414.8,414.2,13.67380094,4.763857484,1.204456809,1.268524324,31.69628115,97.73689898,34.214017,34.4326158,17.52688527,19.97524492
40,30,420,414.4,414,414.4,414,13.42986711,6.392904517,1.729721388,1.948621737,38.17822107,28.89473287,52.49279774,52.84558093,15.52209811,17.14682418
40,40,418,415.6,415.4,415.6,415.4,11.78205016,8.194014819,2.852054008,2.613603934,44.30124827,38.93870709,76.14855476,76.56205096,13.47066078,14.6001071
40,50,418.2,415.2,415.2,415.2,415.2,14.43719528,8.766869677,3.175472798,3.241126992,54.98469173,48.15230458,95.80379293,95.84582951,12.6655865,13.81389969
50,0.1,522.6,31.2,31.2,31.2,31.2,0.613218701,0.041319289,0.012774451,0.01237525,5.818894148,1.929669924,2.457344233,2.439518921,41.84458576,46.60918859
50,0.2,525.8,39.4,39.4,39.4,39.4,1.002358966,0.084655977,0.005703422,0.01236939,4.971162614,1.828231195,2.143098456,2.145985994,45.02131775,49.1185475
50,0.3,535.2,41.2,41.2,41.2,41.2,1.427727773,0.122907649,0.011531937,0.012988238,6.38520225,1.75819686,2.239451134,2.244849663,42.89507348,44.38205671
50,0.4,526.8,50.4,50.2,50.4,50.2,2.500659142,0.119543627,0,0.017289543,9.518297258,1.623600484,1.989506494,1.955805936,44.320477,47.5459906
50,0.5,525.8,48.2,48,48.2,48,1.762866687,0.136939446,0.005765766,0.005801445,5.635319243,1.888673488,2.072056516,2.103129626,47.59963835,52.83709762
50,0.6,516.4,51.2,51.2,51.2,51.2,2.233799759,0.115956952,0,0.006,8.079933077,1.641205554,1.614707446,1.607108547,45.8549198,50.20277095
50,0.7,509.4,67.2,66.8,67.2,66.8,7.724977,0.252471972,0.012047428,0.000394477,19.40348697,2.22079626,1.830509885,1.807373503,43.58720359,48.7782727
50,0.8,535.8,71.4,71.4,71.4,71.4,3.830669164,0.204834713,0.017647878,0.012039647,11.79838258,1.939395101,1.743405389,1.749010498,46.0803384,48.55504172
50,0.9,526.8,93.4,93.4,93.4,93.4,5.72931992,0.243765985,0.029437673,0.035938753,13.69404253,2.351749445,1.594303826,1.596970382,45.53475056,48.68787389
50,1,524.8,78.8,78.6,78.8,78.6,4.533204665,0.17496359,0.023733724,0.011438667,11.1246104,1.745410645,1.562056739,1.56615062,45.98943475,48.87923716
50,2,526.8,141.2,141.6,141.2,141.6,9.603430499,0.398798874,0.024310676,0.029167721,18.50385858,2.570295801,1.584530734,1.606504661,41.97525441,44.13673024
50,3,531,212.4,211.4,212.4,211.4,18.68864634,0.746014549,0.042350054,0.035346916,28.71537897,3.827028214,1.688658514,1.742112724,39.93479885,42.81204869
50,4,536.6,256.6,256.6,256.6,256.6,26.57539657,0.835862379,0.034748935,0.069758331,37.91752751,4.430037065,2.07221228,2.055199648,38.29301304,40.78262274
50,5,523.6,285.6,283.2,285.6,283.2,18.93763631,0.773856966,0.066977756,0.066741397,30.25442509,4.317402305,2.207116461,2.266673007,37.7617381,42.19246226
50,6,525.2,378.6,374.4,378.6,374.4,24.10585181,1.548964607,0.15523022,0.154071688,34.91991467,6.57880108,3.978412686,4.308637475,30.33266643,34.30549425
50,7,519.8,395.2,396.6,395.2,396.6,19.35056506,1.412680525,0.219300021,0.174314889,28.87938424,7.095374999,5.652769563,5.602339736,28.27041825,32.52064376
50,8,527.8,414.2,412.8,414.2,412.8,24.17783747,1.53558698,0.247657755,0.24191788,35.3816515,8.063605488,6.682871814,6.735753305,26.17316099,30.70617003
50,9,526.6,426.4,427.2,426.4,427.2,27.47845307,2.095223503,0.266976784,0.355133358,39.9505278,9.249945207,9.565150918,9.560159975,23.86529658,27.92755038
50,10,523.6,444.4,437.2,444.4,437.2,22.71569284,2.354242751,0.453175862,0.436501182,34.88719917,10.40214318,11.7151732,12.33204374,23.64983377,27.58781472
50,20,526,504,502.8,504,502.8,19.47181899,4.785828,1.021848753,1.174013471,38.33645616,20.54057998,31.99502127,32.31893799,17.91813368,20.77379924
50,30,543.2,535.8,535,535.8,535,15.65849159,7.14399804,1.942144841,1.908131975,44.00420611,31.89645232,56.30510517,56.58037843,15.26523262,17.2706159
50,40,531.2,526,525.8,526,525.8,14.5870576,8.321743421,2.450727946,2.789931739,48.95024531,40.379275,74.74607827,75.12431503,13.83887008,15.36940468
50,50,526.8,523.8,523.6,523.8,523.6,15.81945005,9.137983038,3.341579674,3.760641742,57.28630533,48.31348084,95.2192831,95.5978377,12.72699766,13.84605259
60,0.1,626.8,28.6,28.6,28.6,28.6,1.123180132,0.045536754,0.009720216,0.009720216,4.641713201,1.325826331,2.079148821,2.01762718,43.68861858,47.10334985
60,0.2,637,29.6,29.6,29.6,29.6,0.643549635,0.084255869,0,0,3.874532238,1.887942503,2.198507968,2.127427829,52.04607461,58.03984155
60,0.3,621.2,37.8,37.6,37.8,37.6,1.204411565,0.071919548,0.010570361,0.015070421,4.870115502,1.541092654,1.818864522,1.801581149,43.22425902,46.28922247
60,0.4,625.4,53.6,53.4,53.6,53.4,3.839726823,0.179947395,0.00503937,0.020647745,10.39693903,1.715963725,1.648155356,1.636991752,44.35280527,48.2752767
60,0.5,627,48.8,48.8,48.8,48.8,1.791523785,0.109259741,0.0049922,0.005488389,8.946716563,1.772223163,1.875993868,1.864931182,42.19139782,47.14891234
60,0.6,624,56.6,56.6,56.6,56.6,2.733086437,0.128041013,0.00462963,0.011303575,9.391903399,2.129332016,1.663123891,1.653537643,45.42183136,49.53418655
60,0.7,635.2,66.8,66.8,66.8,66.8,4.463707509,0.182002864,0.014883793,0.029417127,13.66716525,2.203347393,1.765497226,1.778031619,44.43889354,47.41633495
60,0.8,617.6,80.2,80.2,80.2,80.2,3.540750173,0.212894262,0.010081301,0.01531017,11.43706778,2.005656318,1.702681867,1.696946521,45.35307278,49.18681077
60,0.9,633.4,91.6,91.8,91.6,91.8,6.657500973,0.245624767,0.014503681,0.020090667,12.6451616,2.291681262,1.515282307,1.508541814,43.55663205,47.07187642
60,1,630.6,107.8,107.6,107.8,107.6,7.408546329,0.305813574,0.019223843,0.010302181,15.02364275,2.441752265,1.426437833,1.458458607,41.51043243,44.7965375
60,2,633,158.6,158.2,158.6,158.2,9.690947586,0.465714684,0.030138233,0.063714961,19.91444595,2.499543973,1.59359577,1.582576286,42.76300161,45.54259881
60,3,638.6,194.6,193.8,194.6,193.8,12.31493802,0.561843843,0.05467287,0.06446579,24.64376083,3.471874528,1.624813986,1.6658461,40.23512852,44.61649198
60,4,630.6,258.2,258.4,258.2,258.4,15.72520659,0.774801277,0.048647533,0.049907634,26.59436759,4.030178826,1.813969473,1.810532144,39.5474484,42.51667078
60,5,641.2,330.8,330.8,330.8,330.8,22.19620823,0.924781187,0.067307695,0.067625906,33.58326316,5.165070719,2.047597721,2.05661245,37.20930933,41.58462417
60,6,628,403.2,402.2,403.2,402.2,26.70396119,1.272731593,0.140619838,0.172449191,39.01382532,6.344533041,3.214885877,3.199735874,32.39623152,36.84813306
60,7,630.2,416,413.4,416,413.4,24.7794271,1.285336826,0.167520981,0.14910329,38.80013268,6.786390644,4.018663892,4.160770375,30.37424,35.18382617
60,8,639.4,444.2,443.4,444.2,443.4,28.68009769,1.380268989,0.156277687,0.160682898,43.37401019,7.089556222,4.107251454,4.173320624,29.70097526,33.95247886
60,9,634,481,484.4,481,484.4,29.47515865,1.831513063,0.247389837,0.318284056,47.36566568,8.970959591,7.681634401,7.620349502,26.67572851,30.53273616
60,10,635.2,493.6,495.4,493.6,495.4,34.62775212,1.864397998,0.306524669,0.285679294,49.01755951,9.65128972,8.417489782,8.251150858,25.19292181,29.37601611
60,20,621,583.4,585.4,583.4,585.4,22.1760595,4.216925338,0.824156192,0.946556488,42.62927632,18.37121346,25.53848359,25.37299884,18.78897161,21.98179688
60,30,624.6,606.8,606.6,606.8,606.6,21.7892542,6.326074777,1.713612333,1.70804087,49.48228857,28.66905649,47.59140883,47.76695207,16.72968975,19.19362033
60,40,632.2,626.6,626.2,626.6,626.2,22.14064565,8.183048142,2.558659424,2.521021897,59.19072139,40.24324768,73.2283501,73.35500317,14.28248008,16.21850626
60,50,622.8,616.6,616.2,616.6,616.2,18.40261273,9.025834371,3.22912433,3.361349308,63.06385947,49.99035033,93.88124651,94.29198322,12.91874318,14.35330928
70,0.1,728.8,33.2,33.2,33.2,33.2,0.540015477,0.050664694,0.000267738,0.000280505,4.760882476,1.105351564,2.146719704,2.126779725,43.04645747,45.7231592
70,0.2,740.4,32.4,32.4,32.4,32.4,1.394100506,0.077304637,0.008667364,0.008749182,7.630200388,2.243710407,2.223500323,2.202957337,52.24872012,55.26900941
70,0.3,740.4,41.2,41.2,41.2,41.2,0.805260794,0.066931468,0.007989348,0.008409987,4.845871212,1.592477273,1.992992424,1.997037879,52.07370576,55.69556144
70,0.4,730.8,56.6,56.6,56.6,56.6,2.007973166,0.123989421,0.008954482,0.004395604,7.947631771,1.708227475,1.745678858,1.745922742,45.06742586,48.96690259
70,0.5,730.6,66,66,66,66,3.725292766,0.191611879,0.005073329,0.017292614,11.80013291,1.825103589,2.076402121,2.060253748,42.09909647,46.21571151
70,0.6,739.8,61.2,60.8,61.2,60.8,5.291180337,0.17284066,0.016754291,0.008522515,11.27374348,2.313234837,1.85307121,1.8372925,45.26820743,48.97670737
70,0.7,738.2,59.2,59,59.2,59,2.523305103,0.114414473,0.00868842,0.00964781,11.40908799,2.092987636,1.605499548,1.591611832,44.70253859,47.276355
70,0.8,730.8,74.4,74.2,74.4,74.2,3.971597228,0.232467406,0.018306286,0.012270845,9.93335527,1.682543378,1.4090404,1.425827769,45.83710205,50.57022247
70,0.9,736.6,88,87.8,88,87.8,4.642197933,0.20702152,0.025121953,0.021779501,12.97581043,2.232606037,1.590022758,1.579961985,43.91600505,47.97522679
70,1,710.8,74.6,74.4,74.6,74.4,3.05483805,0.146907665,0,0.013114752,10.88630838,1.633024476,1.748077355,1.710576923,43.32679827,46.97639878
70,2,731.4,142,142.2,142,142.2,9.134592764,0.364565978,0.01334604,0.012715151,16.65214948,2.761884325,1.471623996,1.436795069,43.24179216,46.15440835
70,3,732,206.6,207.2,206.6,207.2,14.52815246,0.494639065,0.021111583,0.025821766,29.19252059,3.383303445,1.537712271,1.519645276,40.01104816,43.51389008
70,4,744.6,280.6,281.6,280.6,281.6,16.49692048,0.773466302,0.041084149,0.032941117,28.31408762,4.596249474,1.683495597,1.707575668,39.53503438,43.22714311
70,5,740.8,363.4,361.2,363.4,361.2,21.94786914,1.030588746,0.046582312,0.04216312,34.64083352,5.421246367,2.088756533,2.153315791,36.9277713,41.33964075
70,6,747.8,413.4,415.2,413.4,415.2,24.10031998,0.990646003,0.070133339,0.091066549,41.1984825,6.154153925,2.281915673,2.384947888,35.15362399,39.49042505
70,7,744.6,473.4,474.2,473.4,474.2,27.86654643,1.300648762,0.129842,0.148558248,42.19220247,7.200712162,3.55132052,3.600987866,32.13070368,36.28270409
70,8,723.2,458.8,454,458.8,454,26.9324018,1.267681174,0.160158463,0.133717045,42.54645131,7.150320984,3.896050148,4.095312291,31.94621507,36.08847522
70,9,728,525.8,523.8,525.8,523.8,29.9077015,1.799406898,0.179825624,0.203959711,45.15770415,8.624598017,5.240058419,5.288030797,28.44333992,33.32794854
70,10,750.4,551.6,548.6,551.6,548.6,28.04097416,1.929202257,0.238568042,0.286046315,42.85009303,9.325869156,6.365257089,6.430031393,27.42085457,31.82674968
70,20,736.4,662.8,662.8,662.8,662.8,27.95651733,3.986349396,0.766020418,0.827584257,49.91460806,18.15359124,23.16165581,23.08262727,20.23824622,23.72099345
70,30,714.8,689.6,689.2,689.6,689.2,22.94757439,6.073893129,1.497492226,1.626150988,50.54294468,27.60094,41.30881387,41.57647976,16.33508004,18.94510361
70,40,741,727.8,727.4,727.8,727.4,22.26914895,7.586932125,2.073211147,2.201836192,57.91615903,37.47695953,64.13139833,64.5862071,14.93605916,16.88097374
70,50,739,735.2,734.4,735.2,734.4,19.31159265,8.906132945,3.225398796,3.072104674,63.72178961,48.38791949,89.05593472,89.42431821,13.37709949,15.13195657
80,0.1,836.6,30,30,30,30,0.426725641,0.066718524,0.000236407,0,4.632636193,2.476678157,2.313032048,2.293208288,45.12133755,50.43091911
80,0.2,872.8,26.6,26.6,26.6,26.6,0.263402003,0.058312556,0.011094093,0.003640501,5.251214684,1.817251937,2.288089542,2.288089542,44.46068591,49.17186573
80,0.3,839.2,40.4,40.4,40.4,40.4,0.711552827,0.097256206,0.003716609,0.003537736,7.720661704,1.959938556,2.059132104,2.045273425,43.97604199,46.78023266
80,0.4,834.2,47.2,47.4,47.2,47.4,1.176998268,0.08281437,0.003657143,0.00390408,5.265955792,1.603951629,1.749830882,1.747212544,46.33134012,49.23185599
80,0.5,824.2,55.6,55.6,55.6,55.6,1.789579594,0.091307312,0,0,11.68335588,1.505198029,1.578360962,1.581455048,45.7976794,50.26091504
80,0.6,833,66.2,66.2,66.2,66.2,3.456020677,0.124450001,0,0.015698417,12.02088949,1.627440365,1.628804769,1.607658069,42.0369055,45.38930733
80,0.7,848,71.2,71.2,71.2,71.2,4.205482869,0.165876722,0.003880284,0.023482878,9.496761762,1.822299288,1.676651157,1.646380796,43.84938343,48.54347393
80,0.8,835.2,65.2,65.2,65.2,65.2,2.37416749,0.127156675,0.00745218,0.007805447,6.917769776,2.302459454,1.881244497,1.833106254,45.33981798,50.54645089
80,0.9,843.4,80.6,80.6,80.6,80.6,4.621787278,0.192349843,0.003899439,0.003610108,15.29071448,1.583003884,1.569465244,1.558333268,44.85062656,48.84105496
80,1,858.8,89.2,88.2,89.2,88.2,4.208425819,0.145807047,0.011060122,0.007590099,13.8956185,2.217497432,1.607715031,1.624706303,43.77065662,48.75341925
80,2,841,144.2,144.4,144.2,144.4,6.981376972,0.326672399,0.014789928,0.026245804,14.58676165,2.899181912,1.420394134,1.442853629,41.36174576,45.3068373
80,3,831.4,225.6,224,225.6,224,13.70141364,0.516905765,0.03248676,0.030287353,26.97213418,3.561385674,1.589387769,1.583670028,40.7872023,44.53336763
80,4,824.2,265,263.6,265,263.6,13.81561664,0.679342634,0.053780176,0.019297246,26.97013719,4.079906749,1.576732727,1.538101964,38.66390341,44.41148602
80,5,871,328,328,328,328,16.19459052,0.702730602,0.05753972,0.039428588,27.36634122,4.786132385,1.706419693,1.691132563,40.02594981,43.29640208
80,6,863.4,402.4,402,402.4,402,21.05676852,0.877054364,0.078610797,0.061113336,33.63584507,5.723232487,2.072714279,1.98717949,35.45560625,40.12293405
80,7,850.4,465.4,465.6,465.4,465.6,26.97350598,1.138063327,0.104222803,0.10200863,43.59777485,6.888362466,2.696183404,2.630987657,34.14436271,38.75602043
80,8,831.8,506.4,507.4,506.4,507.4,28.83247123,1.306830072,0.134771849,0.150432948,45.43012229,7.204868074,2.958515924,3.037881386,33.07698776,37.1663005
80,9,829.2,550.4,546.2,550.4,546.2,29.35556729,1.41182274,0.146414111,0.147027396,44.69604008,8.125636004,4.013730924,4.125788656,30.66879526,35.44846419
80,10,839.8,597.2,595.8,597.2,595.8,27.93798489,1.586655149,0.199382836,0.203660009,43.97235716,9.355156883,4.942998332,5.056457766,28.94811116,32.93527489
80,20,846.2,752.2,747.4,752.2,747.4,30.10076491,3.849290348,0.614239458,0.753928242,54.09253317,17.84477279,20.68323794,20.93460899,20.24777424,23.5529942
80,30,815.6,783.6,781.4,783.6,781.4,27.53244957,5.767371311,1.370515146,1.536273586,57.47809812,26.84822728,39.92461505,40.13684193,16.86332166,19.75766084
80,40,843.8,826.8,826.6,826.8,826.6,24.62498991,7.567942247,2.195333684,2.311831169,61.9678889,37.7164345,63.00540255,63.30262017,15.26886619,17.56757006
80,50,818.8,809.2,810,809.2,810,23.64257701,8.678285955,2.666751341,2.895309499,68.37859024,46.62048495,82.19810666,82.26285347,13.93123929,16.09981611
90,0.1,953.2,34.2,34.2,34.2,34.2,0.62973818,0.038856652,0.000208768,0.003415155,5.500405658,1.46717634,2.217987657,2.211999861,44.51521209,48.90992008
90,0.2,945.6,36.2,36.2,36.2,36.2,0.923837915,0.049524146,0,0.000201207,8.385596665,1.852431955,2.213296638,2.201565156,41.05801344,46.1694737
90,0.3,948.4,38,38,38,38,0.899468185,0.042723977,0,0.003386243,8.953926002,2.047798461,1.712068118,1.729746689,49.42261285,50.50042441
90,0.4,947.6,41.8,41.6,41.8,41.6,1.085276373,0.06291159,0.003288798,0.006358357,5.566394787,1.479145175,1.953106454,2.007737837,47.59108857,52.42198042
90,0.5,930.4,59.8,60,59.8,60,2.500505902,0.091980228,0.017121219,0.000221239,8.749854885,1.917091032,1.836350204,1.805645709,42.93765065,45.89310554
90,0.6,926,62.2,62,62.2,62,2.021594453,0.074278383,0.003433476,0.010126582,8.848376746,2.013063929,1.859718805,1.837185924,42.03434418,45.10113198
90,0.7,941.6,67.2,66.4,67.2,66.4,3.902908026,0.13984748,0.009297895,0.012916675,9.565682255,2.00615687,1.60644727,1.581780909,46.68114786,51.22983691
90,0.8,958.2,95.2,95.2,95.2,95.2,4.498595052,0.159690719,0.01993434,0.029416342,14.63310816,2.277492733,1.4836787,1.480164307,42.58373728,45.34690729
90,0.9,946.8,77.6,77.6,77.6,77.6,3.304628235,0.151582351,0.009907766,0.016035486,12.49728139,1.986352533,1.673400963,1.666362374,40.30122741,43.67899194
90,1,947.4,79.4,79.8,79.4,79.8,4.562630289,0.184870115,0.009898538,0.023714132,15.78895591,1.86069215,1.382962419,1.3913578,44.21726261,47.61996267
90,2,930.6,151,150.4,151,150.4,11.12748307,0.342218414,0.010194211,0.017411023,19.4907133,2.814558559,1.435090517,1.42449692,40.93670688,44.97679306
90,3,947.4,224.2,223.6,224.2,223.6,11.3318261,0.54387774,0.019307807,0.042736656,23.12185495,3.450771373,1.398423821,1.383864255,41.52181314,44.01819217
90,4,912,281.8,281.4,281.8,281.4,16.99667094,0.712957374,0.033985793,0.043707132,30.70186805,4.404833228,1.586919834,1.589357892,38.96560959,43.27823598
90,5,935.2,342.6,344,342.6,344,14.45103135,0.79904244,0.037487739,0.03624561,30.07236552,4.820668692,1.673382852,1.64541035,38.71359489,42.41874161
90,6,953.4,380.8,379.8,380.8,379.8,20.94213742,0.873739661,0.038485052,0.055361016,38.64597741,5.462020193,1.89780745,1.873314919,36.75818073,40.26235037
90,7,936,468.4,467.4,468.4,467.4,27.61858642,1.085703719,0.080501471,0.090793967,43.04590872,6.488261854,2.169534296,2.186407734,35.73224543,40.04399033
90,8,944,522.6,521.6,522.6,521.6,24.74301356,1.137371306,0.065795316,0.063110583,40.16186232,7.08319302,2.366784563,2.37421168,33.90992187,37.97125882
90,9,956,518.4,516,518.4,516,27.21292059,1.104151791,0.085433583,0.101543694,43.80370339,7.523155224,2.515905647,2.594659396,34.80346812,38.61856343
90,10,962.6,636,632.8,636,632.8,29.79367773,1.544837561,0.174939195,0.158761808,46.58288853,9.003980845,3.675252644,3.726703834,30.42636528,34.80222773
90,20,956,829.2,832.8,829.2,832.8,27.97128109,3.876826908,0.7929953,0.751090289,52.18558733,19.04765477,21.78906619,21.64183583,20.87364083,24.14669823
90,30,949.2,900,900.6,900,900.6,30.78039972,5.933233097,1.425770819,1.513812417,63.21871903,28.66611566,40.804787,40.95542963,17.23666365,20.1047413
90,40,947.6,931.2,929.8,931.2,929.8,25.83794505,7.613794695,2.255920388,2.130627145,65.19073199,38.49783658,61.0917071,61.48915454,15.26664255,17.65429323
90,50,938,925.4,924.4,925.4,924.4,23.95093541,8.431097692,2.633292407,2.792284533,69.2249877,45.9242368,76.75305234,77.05341781,14.220078,16.21950058
100,0.1,1026,24.6,24.6,24.6,24.6,0.150029351,0.021179426,0.002923977,0.003162055,2.571798676,1.383610821,1.933937072,1.872166957,49.07965513,50.97976317
100,0.2,1037.6,42,41.8,42,41.8,0.792156234,0.075509674,0.008912835,0.00275989,6.812791657,1.758076043,1.86463264,1.893218029,44.77939209,47.9049147
100,0.3,1046.2,41.2,41.2,41.2,41.2,0.795766567,0.050273462,0.000195695,0.014977358,5.373250445,1.832456794,2.149335884,2.150172825,49.52609848,51.71899292
100,0.4,1045.2,45.6,45.4,45.6,45.4,0.99693549,0.050863009,0.006179909,0.002840909,8.699624319,1.983029498,2.15980866,2.143287471,39.92607314,44.19780468
100,0.5,1041.6,63.8,62.6,63.8,62.6,2.216402328,0.104741719,0.000197044,0.008845973,10.86785986,1.802764887,1.692443647,1.70477565,43.35662326,47.18651994
100,0.6,1068.4,67.4,67.8,67.4,67.8,2.335859641,0.137792312,0.005876777,0.008773497,7.652521899,2.049530581,1.804470549,1.848032752,46.00184306,50.64788163
100,0.7,1045,63.8,63.4,63.8,63.4,2.17692532,0.143262585,0.008983987,0.009132995,10.57161015,1.964464566,1.577337549,1.570461358,44.00152996,46.79276703
100,0.8,1029.6,61.6,61.6,61.6,61.6,2.881897389,0.134990982,0.006071555,0.009119804,10.91280682,1.714170157,1.667878472,1.66475877,45.15647166,48.00509896
100,0.9,1054,81.2,80,81.2,80,3.990065839,0.121237968,0,0.00593455,14.94004895,1.88702144,1.459008496,1.460612948,41.62208052,46.38883986
100,1,1050,73,73,73,73,3.38442191,0.148648616,0.011724995,0.008931559,13.0238006,2.149843573,1.692068509,1.694642286,43.61021348,46.3773815
100,2,1046.4,172,171.8,172,171.8,9.384779992,0.369463724,0.014804862,0.012438302,18.08841085,2.89269784,1.377464414,1.398059367,42.40941222,44.79215228
100,3,1065.4,219.6,220.2,219.6,220.2,8.837687123,0.413319027,0.020179546,0.017633105,19.98799076,3.513376436,1.405429337,1.397001631,41.48154704,45.45458164
100,4,1046.8,288.8,289.6,288.8,289.6,13.61461089,0.528555866,0.029890538,0.036055843,28.35259977,4.431617198,1.520854256,1.506626062,39.70278633,43.16763466
100,5,1019.6,348.2,348.2,348.2,348.2,18.67430546,0.705002786,0.04526221,0.037332769,38.53505845,5.141941368,1.643476904,1.658895146,38.87992576,41.95128198
100,6,1039.2,371.4,371.4,371.4,371.4,21.46626931,0.812377485,0.024174069,0.060831428,35.46876694,5.358220986,1.557694556,1.537914895,39.16793436,42.30903053
100,7,1065,447,447.8,447,447.8,17.93567222,0.947158747,0.055924312,0.069937606,32.05148217,6.310658563,1.836464621,1.829528713,37.05258818,40.74637161
100,8,1056.6,537,535.2,537,535.2,27.07627353,1.187490037,0.061833627,0.088328118,43.82067451,7.417369809,2.25096875,2.366563135,35.62245229,38.91913708
100,9,1040.4,535.8,532.6,535.8,532.6,29.3510491,1.26541542,0.098867155,0.075284786,47.0072308,7.487735489,2.284614939,2.26989223,35.067135,38.81961093
100,10,1054,630.2,632.2,630.2,632.2,28.39013777,1.445808361,0.096541501,0.142602382,47.38163131,8.967270565,3.346887782,3.416912354,32.98979186,36.57593053
100,20,1073.2,904.4,900.6,904.4,900.6,30.49698873,3.797918608,0.752405915,0.752519245,55.87160614,19.41275972,21.06652887,21.46518375,21.15248984,24.92994332
100,30,1043.8,973.8,972.2,973.8,972.2,32.12442122,5.404684453,1.250520129,1.203539951,64.57638838,27.13892968,35.52502552,35.88481342,18.04479735,21.23489093
100,40,1059.8,1028.2,1029.2,1028.2,1029.2,30.56212448,7.481165053,2.070299313,2.252957247,73.94305985,40.67015744,61.61122798,61.69646191,15.98089072,18.41570114
100,50,1039.2,1024.8,1024,1024.8,1024,24.98678629,8.581063184,2.790416035,2.743371816,72.56866976,47.73174573,77.6003832,77.57490189,14.1681857,16.40127777
200,0.1,2094,30.4,30.4,30.4,30.4,0.340664361,0.040160491,0.001573255,0,8.794952148,2.111142624,2.022048319,2.060668768,48.23598098,51.27856799
200,0.2,2095,37,37,37,37,0.859674699,0.042135781,0.001376147,0.00286572,8.320130012,1.618825819,2.171837329,2.173863869,49.88700699,51.43602602
200,0.3,2093.2,45.2,45.2,45.2,45.2,1.058137605,0.052997626,0,0.001410437,9.401850801,1.645768853,1.890149636,1.958643821,44.66604628,45.9297611
200,0.4,2062,45.4,45.4,45.4,45.4,0.59281689,0.05211751,0,0.003131142,7.761587216,1.282030877,1.654339962,1.652788373,47.52277222,51.89684356
200,0.5,2141.8,52.6,52.8,52.6,52.8,1.626851228,0.06228764,0.002870459,0,11.43842252,1.943513906,1.968105853,1.946333617,42.34042725,46.01037938
200,0.6,2113.8,59.4,59.4,59.4,59.4,1.516643334,0.075959695,0,0.001483542,9.812402972,1.948591801,1.79704161,1.828783183,42.5654375,46.3440094
200,0.7,2121,65.4,65.8,65.4,65.8,1.942035609,0.063202481,0.001477105,0.002939826,12.27526104,2.349174793,1.807989517,1.927848412,45.24514852,46.94056931
200,0.8,2104,59.4,59.4,59.4,59.4,1.257379676,0.070734011,0.00436687,0.00152381,9.300346912,1.723290002,1.751709055,1.711547416,46.99501675,49.78713578
200,0.9,2094,61.8,61.8,61.8,61.8,1.966749073,0.074776144,0.003037985,0.004300716,13.78568764,1.483257418,1.455297961,1.445708326,41.44337699,44.78690608
200,1,2063.4,79.4,79.4,79.4,79.4,1.799855565,0.106667922,0,0.004680267,10.54294832,2.073986522,1.397564946,1.409669753,45.5180044,49.0722729
200,2,2166.6,137.2,136,137.2,136,4.0504897,0.149790637,0.004232807,0.004245019,14.01837598,2.412921626,1.357896294,1.359568322,40.55612142,43.9584285
200,3,2107.4,215.2,215.4,215.2,215.4,7.303030908,0.29302548,0.005876797,0.015088676,18.34110705,3.340617794,1.241860448,1.250676917,42.06054636,45.00113025
200,4,2123,283.2,281.6,283.2,281.6,8.421119062,0.338307276,0.01638352,0.013100946,23.04747563,3.974515924,1.220527296,1.219302426,39.59558256,43.90963456
200,5,2085,364.8,364.8,364.8,364.8,13.27115551,0.436800541,0.019562033,0.021029828,30.5152322,5.007195814,1.268654873,1.268435215,39.47721682,42.80174949
200,6,2138.4,387.2,386.2,387.2,386.2,13.7426617,0.495386714,0.010313992,0.026472138,29.82089658,4.872884644,1.365486875,1.37621632,39.89314507,43.08725451
200,7,2070.4,423.6,423.2,423.6,423.2,13.13930012,0.532318622,0.013356569,0.019853891,29.8408491,5.705891499,1.324608763,1.329619849,38.80791463,41.83001608
200,8,2115.2,464.2,463.2,464.2,463.2,16.31149949,0.624410624,0.023841222,0.031517938,30.99728312,6.098344883,1.346147513,1.347617236,39.61608317,42.97246881
200,9,2116.8,607.4,607,607.4,607,17.95887065,0.812424821,0.037012091,0.032145608,35.94272971,7.78986206,1.464930346,1.463896833,38.35872423,41.4492241
200,10,2053,682,681.2,682,681.2,20.37570995,0.934478897,0.033714344,0.035440666,40.22599911,8.446460215,1.538792149,1.532190921,37.86094971,40.91602424
200,20,2075.8,1216.6,1217.6,1216.6,1217.6,33.05576328,1.698962613,0.107234766,0.127519158,61.12093915,14.72878531,3.055802572,3.083723115,31.54608454,35.60980657
200,30,2060.2,1584.4,1576.4,1584.4,1576.4,37.17118503,3.378312043,0.509016171,0.503636921,71.85079327,23.5915708,15.44869114,15.66998728,22.92802179,27.36973485
200,40,2119,1826.8,1824.2,1826.8,1824.2,38.90088061,5.585980027,1.109924325,1.278006781,85.86502631,35.35055392,35.16634765,35.60284881,19.24202138,22.75457706
200,50,2077.8,1908.2,1908.2,1908.2,1908.2,39.04659789,6.716113462,1.573661149,1.615528866,92.918835,41.79381738,46.50739487,46.24225503,17.84457824,20.9136936
300,0.1,3171.4,30.6,30.6,30.6,30.6,0.124046104,0.027976538,0.000971168,0.004784017,4.315517494,2.505101742,2.279710145,2.166212853,48.4021002,49.35609347
300,0.2,3143,39.8,39.8,39.8,39.8,0.349836331,0.024754367,0.001875998,0.000965251,7.106793651,1.803650794,2.345079365,2.30952381,42.24428667,45.53844825
300,0.3,3015.8,41.4,41.4,41.4,41.4,0.970984942,0.028187038,0.001056803,0.002121824,9.566033533,2.27471098,2.024214539,1.99267578,45.30373391,46.11294675
300,0.4,3197.6,40.6,40.6,40.6,40.6,0.41256265,0.03833849,0.000983707,0.001038961,8.025692516,1.909621672,1.886906762,1.830860007,46.31597315,48.73600263
300,0.5,3214.4,68.8,68.8,68.8,68.8,1.164417048,0.061989136,0.00386297,0.002885048,9.635320889,1.768108695,1.901464152,1.894210812,41.39477194,46.20364448
300,0.6,3142,56.8,56.8,56.8,56.8,1.318824592,0.043710814,0.002872725,0.001063476,9.921452257,1.685478629,1.507970946,1.521380394,39.22303299,42.85761144
300,0.7,3127.2,68.4,68.4,68.4,68.4,1.247834809,0.076290153,0.001046778,0.003987816,9.656008068,1.90123632,1.360768022,1.343275403,42.38949462,45.13076368
300,0.8,3169.2,83.8,83.8,83.8,83.8,1.582908289,0.063230527,0.002922499,0.003932923,10.89767528,1.463891781,1.542424651,1.563537369,41.39923584,45.3170526
300,0.9,3197.8,71.6,72,71.6,72,1.130680616,0.051517293,0.000935745,0.001913829,11.0875714,1.787743298,1.564930449,1.559838652,41.88440613,43.80685365
300,1,3181.4,79.8,79.6,79.8,79.6,1.64042287,0.084859722,0,0.002953681,12.45955378,1.773453689,1.292097902,1.302663527,43.04993164,46.76603412
300,2,3094,140.4,140.4,140.4,140.4,2.122144018,0.132259774,0.000974976,0.002938902,13.82223221,2.184593804,1.391731942,1.372450764,41.40937103,43.10333838
300,3,3222.4,228.4,228.4,228.4,228.4,5.855631785,0.22919682,0.001903038,0.006806778,19.03958277,2.979215635,1.210005264,1.212800272,40.32659597,43.16322996
300,4,3073.2,246.8,247.2,246.8,247.2,6.258439738,0.193078096,0.011950051,0.00935458,21.25147386,3.493736684,1.25593993,1.254506144,39.37565578,42.39367387
300,5,3165.2,333.8,333.6,333.8,333.6,7.521860583,0.346083193,0.008910907,0.011076177,20.88380579,4.59565083,1.226203651,1.220123494,40.36852729,43.70926755
300,6,3113.6,380.2,379.8,380.2,379.8,9.618054706,0.374846549,0.011210893,0.011871189,26.10905792,4.917558056,1.237098514,1.221962242,40.24105061,42.84834728
300,7,3160,486.8,486.8,486.8,486.8,13.21890876,0.482481316,0.015745963,0.018860478,29.48058085,6.01586519,1.246847563,1.243463138,39.67364257,42.86400767
300,8,3162.8,496.4,496,496.4,496,10.2841463,0.491567001,0.015727068,0.023375433,26.69049644,6.013825744,1.19591647,1.242359206,39.19387025,42.60207426
300,9,3257.6,630.4,628.4,630.4,628.4,13.69789375,0.583923138,0.021088829,0.019844801,32.19092784,7.099871158,1.272706738,1.266473311,38.7562296,41.88706062
300,10,3184,684.2,685.2,684.2,685.2,18.20985616,0.696166598,0.03058973,0.033253331,37.85112836,8.12386842,1.290670889,1.279981604,38.9990515,42.17689991
300,20,3159.8,1345.2,1347.4,1345.2,1347.4,28.29282395,1.323183534,0.060340406,0.056206733,57.20531611,15.40634798,1.855861138,1.869936078,36.35406848,39.24932491
300,30,3171.4,1894.6,1893.8,1894.6,1893.8,39.69759045,1.996234074,0.142003684,0.152670948,76.83718831,21.97889783,3.768961893,3.781791422,30.12382008,34.65983747
300,40,3128.2,2285.2,2282,2285.2,2282,41.60653955,3.069824775,0.414532628,0.454871085,83.7584636,29.44559253,11.92960943,12.34336166,24.6837645,28.94109495
300,50,3148.8,2534,2533.4,2534,2533.4,41.38072868,5.038157143,0.942995056,0.989229982,93.45193893,39.42860907,29.93405533,30.01712391,21.07542704,24.92768943
400,0.1,4095.2,34,34,34,34,0.296959275,0.023661968,0.000792079,0.000742574,10.29093985,2.550256892,2.440062657,2.388524436,43.9505683,49.70069825
400,0.2,4240.2,31.8,31.8,31.8,31.8,0.100263775,0.009550369,0.001519636,0.000793848,6.493995592,1.13138414,2.320343159,2.28590694,46.95431817,52.42401482
400,0.3,4181.8,41.8,41.8,41.8,41.8,0.342307316,0.029437892,0.002148789,0.002950014,8.880800486,1.521075416,1.646388699,1.599202552,44.3619247,49.16487598
400,0.4,4175,56.6,56.6,56.6,56.6,0.644570732,0.036453293,0.000790709,0.00074129,10.04431432,1.205346208,1.746239054,1.701664177,43.20084999,45.99809694
400,0.5,4053.6,57.8,57.8,57.8,57.8,0.477016242,0.043857511,0.003852722,0,10.52202678,1.570115579,1.974611419,1.953326274,41.95421165,46.22980059
400,0.6,4213,66.8,66.6,66.8,66.6,0.602394211,0.0469268,0.000756501,0.004571051,9.923177455,1.895572498,1.526683582,1.478358614,41.95164624,46.62346677
400,0.7,4218.6,76.4,77,76.4,77,1.186395971,0.064778034,0.002885582,0.00220302,11.45400079,1.799393792,1.646192934,1.685905014,43.28237163,46.25972254
400,0.8,4134.8,80.4,80,80.4,80,0.77103537,0.058991927,0.001454563,0.00302851,9.058835491,1.669179513,1.463560671,1.468032965,43.91072811,46.2468679
400,0.9,4097.4,90.2,90,90.2,90,1.019166914,0.059411377,0.002380288,0.004593553,10.45544491,1.786536127,1.539897374,1.560544094,42.30719691,44.43569516
400,1,4243.4,92.2,92.2,92.2,92.2,1.227360016,0.075770805,0,0,13.85851046,1.966284379,1.47852826,1.476659546,44.10459085,45.91511682
400,2,4243.4,151,151,151,151,2.022546845,0.101958682,0.00430895,0.005141022,12.7757935,2.56777849,1.336997748,1.331828718,40.3137068,43.62668232
400,3,4212,230.8,231,230.8,231,5.33603146,0.162193883,0.009479186,0.008801564,18.70257536,3.054680008,1.252061156,1.256309985,39.49227344,42.38687182
400,4,4164.4,268.8,268.6,268.8,268.6,5.391002534,0.21472263,0.003748634,0.003002968,18.46124999,3.700439896,1.134776041,1.139990426,40.55804675,43.83780403
400,5,4287.8,356.8,356,356.8,356,7.029170706,0.27435543,0.010954138,0.013098375,21.68689763,4.785010029,1.180841738,1.169760839,39.32789234,42.82939738
400,6,4258.6,406.8,406.6,406.8,406.6,7.141670552,0.337991465,0.010440184,0.012587857,21.71285976,5.110244656,1.150976738,1.160634204,40.37922269,44.01962373
400,7,4263.4,464.4,464,464.4,464,8.352622658,0.332773934,0.005001625,0.01260468,23.74386365,5.63039553,1.161916003,1.169465677,39.11587869,43.19746477
400,8,4289.4,507.8,507.8,507.8,507.8,9.321941092,0.336972722,0.005816997,0.01186089,27.89475964,5.984803344,1.158552163,1.170738857,39.51008288,42.86577189
400,9,4105.6,570.8,571.8,570.8,571.8,11.90010293,0.452945975,0.018526659,0.008279007,30.3392757,6.809435029,1.201232346,1.207017471,39.40912043,42.82087904
400,10,4195.2,672.2,671.2,672.2,671.2,13.21125083,0.544847878,0.019339364,0.017770281,30.56006002,7.868670887,1.194677328,1.198154942,39.41647512,42.32533004
400,20,4286.4,1345.2,1343.8,1345.2,1343.8,21.56911386,1.096598139,0.039232873,0.041476978,48.93545009,14.90159988,1.511305849,1.50935789,37.22282066,40.30340044
400,30,4344,2033.4,2036,2033.4,2036,31.78290124,1.611216645,0.089237953,0.089480253,70.38135629,22.59507507,2.117571155,2.134749677,34.11505766,37.72887245
400,40,4228.8,2550.8,2549,2550.8,2549,38.36255074,2.141622905,0.124039537,0.127492446,84.34778033,28.31104848,3.428051208,3.526206809,30.06170817,34.07176144
400,50,4139.8,2962,2944.6,2962,2944.6,43.5150335,3.197571705,0.374540718,0.393331561,93.66134078,35.43944417,10.36941463,11.06462702,25.22658247,29.41280096
500,0.1,5201.2,30.6,30.6,30.6,30.6,0.234687522,0.020383056,0.000637069,0,10.04721871,1.557150309,2.209309106,2.173911812,40.4767117,41.95382722
500,0.2,5176.8,38.8,38.8,38.8,38.8,0.217712396,0.021475208,0,0,8.237167888,2.230217415,2.47632791,2.536102271,42.98093288,43.29091612
500,0.3,5296,54.8,54.6,54.8,54.6,0.993668235,0.047620109,0.0017613,0.000580657,9.332436006,1.531178369,1.614814452,1.613412959,41.62270092,47.17528477
500,0.4,5139.4,54.2,54.2,54.2,54.2,0.805353846,0.033543442,0.00064,0.000578244,12.26386886,1.739343726,1.650535624,1.638367867,42.3542741,45.47309918
500,0.5,5277.4,57,57,57,57,0.723424104,0.035028028,0.001177806,0.000591497,10.63889042,1.648426435,1.845409035,1.81631105,42.073098,46.7248576
500,0.6,5385.4,54,54,54,54,0.399640526,0.025159557,0.002341445,0.000541126,6.445738636,1.38709596,1.582712542,1.504185606,48.12353712,47.77753622
500,0.7,5234,73.6,73.6,73.6,73.6,0.523732239,0.050299383,0.001230159,0.002383557,9.529396529,1.838946239,1.551348651,1.554018204,43.07252681,47.32819475
500,0.8,5296.4,64.8,64.8,64.8,64.8,0.957787902,0.037449766,0.002945708,0.000629921,12.23824642,1.362396587,1.671841835,1.654593058,39.91966501,43.6092934
500,0.9,5111.8,91.2,91.2,91.2,91.2,1.076583717,0.056138883,0.001828338,0.001226381,11.50953505,1.866661698,1.403011247,1.41209544,40.4818018,42.58388444
500,1,5275.8,83.2,83.2,83.2,83.2,1.411889935,0.061307554,0.00059512,0.002325547,14.6664744,1.657166494,1.338987536,1.347935211,41.57022967,43.43340147
500,2,5291.2,180,180,180,180,2.900411493,0.126831873,0.003493912,0.003000537,17.73096935,2.658611795,1.191385627,1.196268848,41.5218834,44.09208908
500,3,5276.4,235.4,235.4,235.4,235.4,4.01607005,0.161419458,0.006467377,0.005359991,17.49557792,3.545744188,1.22565722,1.233382348,40.84879945,44.11380773
500,4,5049.6,246.4,246.4,246.4,246.4,3.569489145,0.157029782,0.003166619,0.006341015,17.93276459,3.299974152,1.193728052,1.185736625,40.9532025,43.58231177
500,5,5248.8,378,377.4,378,377.4,5.973707206,0.239991374,0.007270255,0.009624072,20.80473654,4.650924668,1.209506734,1.198229361,40.0477186,44.08137401
500,6,5223.8,368.4,368.8,368.4,368.8,6.272481678,0.240941814,0.007120268,0.007762784,21.01759925,4.501382833,1.160945841,1.150807274,38.396631,42.00722125
500,7,5277,499.8,498.6,499.8,498.6,8.146220028,0.31277276,0.005893646,0.005797975,24.08298934,5.759057752,1.20331602,1.190677187,39.59385518,42.718952
500,8,5223.4,527.2,527.2,527.2,527.2,8.48205722,0.362182283,0.009769078,0.015322615,24.77317829,6.343857411,1.148192035,1.150485738,39.96951983,42.57212949
500,9,5279.2,580.4,581,580.4,581,9.640055631,0.419883782,0.010788634,0.014868746,26.59156886,6.795241749,1.174760304,1.166755967,39.8769985,42.64289428
500,10,5224.6,659.2,658.8,659.2,658.8,11.43684302,0.460399947,0.010750344,0.011910286,29.75084047,7.870444615,1.159415692,1.179246336,39.86044323,42.64234272
500,20,5159.4,1347.6,1347.6,1347.6,1347.6,19.23424713,1.053428376,0.028050242,0.033281839,47.04697373,15.24456891,1.368692879,1.388470829,37.9400393,41.13526266
500,30,5037.8,1777.4,1775.2,1777.4,1775.2,25.79785653,1.256903307,0.042077083,0.041999554,62.47985431,19.53700702,1.587891397,1.593575897,36.68831201,39.89345021
500,40,5275.4,2473.8,2475.6,2473.8,2475.6,34.7541861,1.825529595,0.077522075,0.07499943,82.2587001,26.98692398,2.145995772,2.148719444,34.07943097,37.42163778
500,50,5458.8,3300.4,3295.2,3300.4,3295.2,39.59672547,2.221219004,0.136920631,0.139794413,91.52041594,35.54013965,3.621342829,3.788094438,30.20227789,34.56644328
