1,161,161,1026.25,6.52, 0.83,182,182,1038.95,5.76, 0.84,184,184,934.33,5.06, 0.76,191,191,996.50,5.31, 0.80
1,212,212,1281.35,6.43, 0.76,211,211,1177.61,6.11, 0.69,240,240,1139.98,4.55, 0.66,242,242,1164.27,5.18, 0.68
1,196,196,1312.35,7.15, 0.78,214,214,1228.91,5.85, 0.74,224,224,1163.65,5.28, 0.71,231,231,1148.05,5.16, 0.70
1,155,155,968.09,6.86, 0.75,169,169,970.97,5.67, 0.75,190,190,958.80,5.12, 0.74,185,185,1032.30,5.83, 0.81
1,148,148,987.58,7.14, 0.80,175,175,1008.72,6.07, 0.83,195,195,1002.29,5.36, 0.84,187,187,946.43,5.12, 0.79
1,201,201,1188.16,6.25, 0.77,228,228,1130.56,5.12, 0.75,248,248,1130.47,4.61, 0.73,246,246,1133.31,5.11, 0.74
1,163,163,996.87,6.77, 0.76,187,187,989.03,5.39, Infinity,190,190,960.45,5.04, Infinity,197,197,974.71,4.86, Infinity
1,150,150,965.69,6.75, 0.76,165,165,965.02,6.12, 0.75,183,183,894.25,4.73, 0.69,185,185,849.02,4.52, 0.66
1,162,162,1048.22,6.74, 0.72,198,198,1077.44,5.60, 0.75,207,207,1061.90,5.31, 0.74,218,218,1103.26,5.16, 0.77
1,156,156,1059.59,7.05, 0.76,183,183,999.46,5.31, 0.68,202,202,948.07,4.34, 0.64,206,206,953.41,4.35, 0.62
1,194,194,1313.59,7.03, 0.83,208,208,1217.29,5.92, 0.78,235,235,1220.34,5.40, 0.78,235,235,1172.74,5.31, 0.75
1,125,125,805.21,6.75, 0.80,135,135,776.07,5.90, 0.77,143,143,727.14,5.27, 0.73,146,146,719.51,4.97, 0.73
1,151,151,995.23,7.09, 0.77,166,166,1005.02,6.45, 0.77,185,185,981.90,5.32, 0.77,191,191,971.93,5.17, 0.77
1,163,163,1051.34,6.83, 0.79,181,181,1049.34,5.93, 0.80,198,198,1024.84,5.25, 0.78,197,197,974.48,5.25, 0.75
1,218,218,1429.03,7.07, 0.74,253,253,1353.65,5.38, 0.69,267,267,1292.48,4.80, 0.66,275,275,1358.13,5.24, 0.72
1,150,150,1030.20,7.48, 0.84,172,172,989.86,5.92, 0.80,183,183,950.59,5.32, 0.77,192,192,934.59,4.96, 0.77
1,162,162,1065.16,7.43, 0.78,186,186,1049.68,5.95, 0.78,195,195,1045.94,5.42, 0.77,206,206,1005.49,4.90, 0.73
1,162,162,1044.26,7.07, 0.72,182,182,982.27,5.43, 0.68,194,194,996.61,5.01, 0.68,204,204,1034.55,5.33, 0.72
1,167,167,1081.58,7.43, 0.72,181,181,1005.18,5.22, 0.65,198,198,975.18,4.49, 0.62,211,211,992.49,4.22, 0.63
1,251,251,1570.88,6.64, 0.73,279,279,1500.22,5.64, 0.71,297,297,1452.66,5.04, 0.71,313,313,1444.55,4.65, 0.67
2,273,273,1830.59,7.23, 0.78,310,310,1763.59,5.98, 0.74,326,326,1722.25,5.23, 0.72,351,351,1770.35,5.09, 0.74
2,262,262,1767.01,7.11, 0.73,286,286,1790.22,6.54, 0.74,329,329,1809.59,5.84, 0.77,337,337,1739.56,5.20, 0.72
2,323,323,2075.79,7.15, 0.70,357,357,1853.72,5.30, 0.62,382,382,1778.48,4.89, 0.60,402,402,1862.57,4.73, 0.63
2,285,285,1793.47,6.59, 0.76,317,317,1732.86,6.01, 0.73,329,329,1648.29,5.00, 0.68,339,339,1671.18,4.77, 0.70
2,312,312,1966.42,6.52, 0.74,329,329,1927.34,6.13, 0.73,356,356,1772.31,5.13, 0.68,379,379,1877.95,4.81, 0.71
2,284,284,1785.42,6.90, 0.75,323,323,1738.53,5.54, 0.75,339,339,1703.23,5.09, 0.73,344,344,1783.90,5.60, 0.75
2,313,313,2126.79,7.67, 0.72,371,371,2050.75,5.53, 0.69,396,396,2053.12,5.46, 0.70,397,397,2051.14,5.45, 0.69
2,303,303,1852.95,6.49, 0.75,326,326,1804.98,5.73, 0.73,355,355,1792.41,5.18, 0.73,368,368,1807.84,5.15, 0.74
2,288,288,1941.63,7.66, 0.81,314,314,1860.30,5.97, 0.76,343,343,1746.39,4.88, 0.72,347,347,1731.95,4.91, 0.72
2,307,307,1976.17,6.69, 0.74,347,347,2010.58,5.92, 0.75,376,376,1865.89,4.84, 0.68,358,358,1819.53,5.11, 0.67
2,281,281,1863.75,7.11, 0.73,329,329,1841.95,5.85, 0.72,360,360,1760.23,5.11, 0.70,366,366,1738.06,4.86, 0.69
2,320,320,2108.75,6.89, 0.76,355,355,2003.48,5.82, 0.74,356,356,1863.28,5.35, 0.68,389,389,1979.23,5.25, 0.72
2,321,321,2090.22,6.99, 0.78,352,352,2000.72,5.86, 0.75,368,368,1848.18,5.36, 0.70,352,352,1926.16,5.52, 0.72
2,289,289,1872.39,6.83, 0.75,319,319,1821.37,6.06, 0.73,341,341,1705.57,5.13, 0.70,336,336,1685.84,5.15, 0.67
2,317,317,2096.49,6.93, 0.66,366,366,2111.18,5.67, 0.68,378,378,1937.28,4.89, 0.61,375,375,1986.61,5.32, 0.63
2,311,311,1985.45,7.06, 0.74,341,341,1958.42,5.97, 0.72,377,377,1898.26,5.22, 0.71,373,373,1880.22,5.18, 0.69
2,302,302,2033.60,7.01, 0.70,326,326,1889.48,5.98, 0.65,346,346,1803.47,5.45, 0.63,378,378,1987.89,5.29, 0.68
2,282,282,1847.86,7.11, 0.75,310,310,1770.60,6.00, 0.72,320,320,1595.52,4.93, 0.65,315,315,1582.81,5.23, 0.65
2,320,320,2154.20,7.24, 0.76,375,375,2035.77,5.52, 0.73,377,377,1875.81,5.02, 0.67,387,387,1928.09,5.08, 0.68
2,301,301,2061.47,7.01, 0.76,345,345,1856.60,5.49, 0.70,366,366,1744.14,4.71, 0.64,348,348,1859.38,5.55, 0.70
3,405,405,2582.96,6.78, 0.71,457,457,2453.49,5.28, 0.66,488,488,2308.88,4.81, 0.62,494,494,2339.74,4.76, 0.63
3,394,394,2689.89,7.23, 0.72,459,459,2578.33,5.58, 0.70,496,496,2436.93,4.91, 0.66,505,505,2495.77,5.01, 0.68
3,404,404,2572.48,6.58, 0.68,453,453,2480.57,5.49, 0.67,478,478,2404.25,4.92, 0.64,499,499,2522.29,5.00, 0.67
3,391,391,2566.31,7.01, 0.77,445,445,2453.46,5.52, 0.72,470,470,2259.02,4.71, 0.65,466,466,2366.35,5.31, 0.70
3,438,438,2777.40,6.83, 0.73,489,489,2619.94,5.36, 0.68,504,504,2409.34,4.73, 0.63,502,502,2601.41,5.26, 0.69
3,427,427,2801.65,6.96, 0.69,472,472,2625.79,5.62, 0.66,484,484,2404.43,4.98, 0.60,500,500,2672.29,5.32, 0.67
3,420,420,2723.50,6.76, 0.73,453,453,2565.61,5.79, 0.69,483,483,2418.29,5.11, 0.64,475,475,2486.96,5.38, 0.67
3,408,408,2648.21,7.05, 0.72,440,440,2356.23,5.53, 0.65,464,464,2284.62,4.98, 0.63,467,467,2465.22,5.36, 0.67
3,408,408,2647.62,6.99, 0.70,458,458,2454.72,5.33, 0.65,467,467,2251.86,4.92, 0.60,493,493,2500.31,5.34, 0.65
3,422,422,2723.78,6.98, 0.74,454,454,2607.55,5.95, 0.71,477,477,2430.37,5.07, 0.66,492,492,2464.84,5.07, 0.66
3,384,384,2481.69,7.14, 0.73,438,438,2387.15,5.51, 0.70,459,459,2270.46,4.96, 0.66,471,471,2343.27,5.19, 0.69
3,401,401,2592.94,7.09, 0.75,444,444,2383.04,5.62, 0.70,461,461,2366.79,5.30, 0.69,479,479,2543.94,5.46, 0.74
3,397,397,2705.66,7.43, 0.74,445,445,2534.62,5.90, 0.70,488,488,2541.13,5.31, 0.70,489,489,2604.30,5.34, 0.71
3,394,394,2688.31,7.11, 0.75,437,437,2553.73,6.25, 0.72,454,454,2363.33,5.36, 0.68,452,452,2563.23,6.02, 0.73
3,397,397,2604.21,7.33, 0.73,439,439,2420.32,5.65, 0.69,458,458,2276.40,4.92, 0.65,469,469,2446.27,5.50, 0.71
3,410,410,2650.23,6.88, 0.73,457,457,2555.02,5.99, 0.71,487,487,2391.06,5.17, 0.65,484,484,2533.55,5.29, 0.69
3,409,409,2649.33,7.22, 0.74,447,447,2559.03,6.23, 0.70,483,483,2438.42,5.15, 0.68,484,484,2468.34,5.14, 0.68
3,408,408,2587.10,6.87, 0.74,454,454,2479.85,5.69, 0.71,492,492,2372.48,4.88, 0.68,477,477,2598.90,5.80, 0.76
3,433,433,2811.17,6.68, 0.70,485,485,2599.35,5.21, 0.65,490,490,2419.23,4.89, 0.61,522,522,2593.50,5.07, 0.66
3,401,401,2764.74,7.26, 0.72,465,465,2657.20,5.74, 0.70,479,479,2479.99,5.29, 0.65,489,489,2625.23,5.60, 0.69
4,503,503,3333.64,6.92, 0.68,569,569,3072.37,5.57, 0.63,598,598,2883.01,5.00, 0.59,590,590,3133.05,5.41, 0.63
4,454,454,3155.65,7.41, 0.68,536,536,2851.54,5.31, 0.62,586,586,2735.52,4.56, 0.59,564,564,2878.27,5.10, 0.63
4,475,475,3244.87,7.43, 0.70,541,541,3000.25,5.68, 0.64,572,572,2783.76,4.81, 0.59,567,567,3062.98,5.69, 0.65
4,507,507,3298.94,6.79, 0.69,572,572,3197.83,5.94, 0.68,615,615,2934.68,4.93, 0.62,626,626,3127.02,5.15, 0.67
4,491,491,3280.57,7.08, 0.68,552,552,3006.65,5.51, 0.62,579,579,2840.71,5.00, 0.60,605,605,3016.58,5.09, 0.63
4,503,503,3320.15,6.90, 0.72,574,574,3211.52,5.86, 0.70,607,607,2983.67,4.89, 0.65,609,609,3068.09,5.14, 0.67
4,507,507,3382.11,7.11, 0.70,585,585,3095.72,5.31, 0.63,602,602,2860.11,4.59, 0.58,606,606,3084.65,5.35, 0.63
4,511,511,3245.97,6.61, 0.70,550,550,2880.36,5.36, 0.64,594,594,2800.44,4.89, 0.62,594,594,2976.19,5.19, 0.66
4,476,476,3123.09,6.97, 0.70,551,551,2980.04,5.36, 0.68,592,592,2790.47,4.59, 0.62,589,589,2857.15,4.97, 0.63
4,500,500,3353.16,7.26, 0.73,597,597,3136.01,5.40, 0.67,623,623,2980.91,4.94, 0.65,615,615,2983.70,5.14, 0.65
4,490,490,3297.06,7.30, 0.72,565,565,3162.22,5.70, 0.70,588,588,2952.61,5.23, 0.65,594,594,3073.40,5.48, 0.68
4,494,494,3136.54,6.88, 0.70,547,547,2965.49,5.61, 0.66,591,591,2729.60,4.69, 0.61,570,570,2823.49,5.06, 0.63
4,502,502,3292.55,6.78, 0.75,560,560,3011.05,5.56, 0.68,584,584,2797.81,4.85, 0.62,577,577,3014.18,5.44, 0.68
4,502,502,3275.57,7.05, 0.68,557,557,3072.75,5.65, 0.64,596,596,2855.62,4.82, 0.59,611,611,3124.73,5.12, 0.65
4,524,524,3547.06,6.95, 0.70,617,617,3398.33,5.48, 0.68,629,629,3076.06,4.91, 0.61,627,627,3336.93,5.56, 0.67
4,492,492,3246.59,7.28, 0.68,544,544,2979.62,5.74, 0.63,590,590,2859.25,4.76, 0.60,570,570,2945.12,5.31, 0.62
4,499,499,3224.37,7.17, 0.67,569,569,3101.26,5.80, 0.66,574,574,2801.32,5.16, 0.60,582,582,3070.26,5.38, 0.64
4,516,516,3449.94,7.10, 0.69,579,579,3112.67,5.36, 0.63,607,607,2997.39,4.98, 0.60,595,595,3293.89,5.56, 0.66
4,444,444,2956.74,7.38, 0.68,515,515,2792.85,5.56, 0.63,568,568,2712.71,4.72, 0.62,561,561,2768.47,5.00, 0.63
4,485,485,3196.82,7.01, 0.75,523,523,2968.39,5.87, 0.70,562,562,2751.26,5.27, 0.66,602,602,2958.68,5.13, 0.70
5,579,579,3780.67,7.14, 0.66,680,680,3503.97,5.39, 0.62,702,702,3146.66,4.53, 0.57,700,700,3495.60,5.20, 0.62
5,574,574,3816.62,7.37, 0.68,651,651,3500.33,5.65, 0.62,672,672,3294.09,5.01, 0.58,681,681,3420.33,5.07, 0.60
5,583,583,3907.40,7.08, 0.65,660,660,3466.95,5.35, 0.58,667,667,3042.83,4.54, 0.50,663,663,3607.06,5.82, 0.59
5,601,601,3852.04,6.61, 0.65,660,660,3431.08,5.25, 0.59,698,698,3126.64,4.46, 0.53,689,689,3378.41,4.97, 0.57
5,578,578,3842.16,7.47, 0.68,651,651,3428.99,5.35, 0.61,679,679,3186.59,4.71, 0.56,700,700,3509.10,5.23, 0.64
5,638,638,4170.31,7.02, 0.60,705,705,3515.00,4.90, 0.51,745,745,3199.08,4.11, 0.46,730,730,3531.90,4.94, 0.51
5,593,593,4106.24,7.44, 0.67,654,654,3611.28,5.65, 0.60,685,685,3187.59,4.77, 0.53,681,681,3558.57,5.37, 0.59
5,575,575,3710.38,7.09, 0.66,644,644,3196.07,4.96, 0.55,660,660,2993.10,4.44, 0.52,645,645,3413.78,5.33, 0.59
5,573,573,3700.78,6.94, 0.68,626,626,3352.43,5.54, 0.62,693,693,3200.68,4.65, 0.59,661,661,3310.31,5.17, 0.60
5,598,598,3922.69,7.07, 0.68,644,644,3567.68,5.91, 0.64,680,680,3221.76,4.87, 0.57,689,689,3395.61,5.21, 0.60
5,591,591,3880.00,6.89, 0.67,639,639,3454.60,5.59, 0.61,674,674,3107.74,4.63, 0.54,676,676,3360.59,4.98, 0.58
5,581,581,3844.91,6.80, 0.67,651,651,3355.42,5.33, 0.59,681,681,3212.22,4.74, 0.57,670,670,3457.87,5.42, 0.60
5,554,554,3590.39,6.72, 0.72,617,617,3315.09,5.44, 0.67,658,658,3086.08,4.77, 0.62,663,663,3363.91,5.31, 0.68
5,577,577,3877.11,7.17, 0.68,646,646,3577.60,5.88, 0.62,684,684,3103.38,4.61, 0.54,682,682,3428.99,5.20, 0.60
5,560,560,3779.13,7.12, 0.65,644,644,3422.33,5.49, 0.60,669,669,3112.74,4.61, 0.54,665,665,3528.45,5.34, 0.61
5,564,564,3888.72,7.49, 0.67,654,654,3527.23,5.55, 0.61,703,703,3154.37,4.53, 0.55,681,681,3384.18,5.14, 0.58
5,559,559,3700.67,7.34, 0.68,638,638,3404.80,5.56, 0.63,662,662,3108.53,4.86, 0.58,663,663,3469.07,5.23, 0.63
5,576,576,3702.50,6.77, 0.66,640,640,3366.09,5.39, 0.61,675,675,3027.32,4.49, 0.54,687,687,3413.03,5.19, 0.63
5,582,582,3698.88,7.00, 0.68,652,652,3333.17,5.26, 0.62,665,665,3233.81,4.89, 0.59,671,671,3233.23,5.07, 0.59
5,604,604,4078.92,7.36, 0.67,676,676,3588.26,5.36, 0.59,727,727,3259.90,4.37, 0.53,702,702,3547.20,5.26, 0.58
6,645,645,4439.95,7.41, 0.62,762,762,3895.05,4.96, 0.54,787,787,3415.81,4.24, 0.47,762,762,3689.09,4.70, 0.50
6,640,640,4248.16,7.15, 0.66,739,739,3819.57,5.48, 0.59,759,759,3342.31,4.40, 0.53,752,752,3824.16,5.61, 0.60
6,635,635,4387.10,7.58, 0.64,741,741,3817.84,5.37, 0.57,753,753,3378.95,4.63, 0.50,753,753,3868.47,5.41, 0.58
6,676,676,4323.42,7.03, 0.62,748,748,3895.64,5.31, 0.55,758,758,3479.38,4.76, 0.49,776,776,3884.43,5.53, 0.56
6,626,626,4241.38,7.54, 0.63,746,746,3738.78,5.08, 0.56,785,785,3339.81,4.22, 0.49,759,759,3705.13,5.10, 0.55
6,647,647,4214.14,6.87, 0.60,720,720,3685.51,5.24, 0.54,783,783,3494.64,4.63, 0.51,746,746,3974.89,5.48, 0.58
6,691,691,4586.95,7.20, 0.63,764,764,3921.47,5.16, 0.55,788,788,3214.55,4.01, 0.45,794,794,4091.05,5.28, 0.56
6,657,657,4244.88,7.11, 0.67,738,738,3667.89,4.98, 0.58,786,786,3292.16,4.13, 0.52,739,739,3820.66,5.34, 0.60
6,654,654,4302.58,6.83, 0.61,717,717,3706.63,5.19, 0.54,769,769,3375.83,4.42, 0.48,764,764,3752.88,5.05, 0.53
6,632,632,4193.93,7.06, 0.58,737,737,3736.07,5.08, 0.52,748,748,3176.54,4.22, 0.45,755,755,3638.96,4.76, 0.49
6,664,664,4317.20,6.96, 0.62,736,736,3846.55,5.38, 0.57,765,765,3409.68,4.49, 0.51,752,752,3733.96,5.31, 0.56
6,650,650,4497.26,7.27, 0.63,738,738,3776.22,5.30, 0.54,776,776,3528.41,4.56, 0.50,749,749,3932.94,5.38, 0.56
6,653,653,4504.58,7.37, 0.65,746,746,3867.26,5.15, 0.56,762,762,3302.91,4.30, 0.48,744,744,3879.74,5.39, 0.55
6,659,659,4333.90,7.07, 0.63,745,745,3800.06,5.13, 0.55,777,777,3381.25,4.40, 0.49,758,758,3829.12,5.53, 0.55
6,640,640,4269.98,7.23, 0.63,717,717,3732.94,5.16, 0.55,761,761,3329.64,4.21, 0.48,732,732,3737.63,5.33, 0.55
6,668,668,4404.22,7.28, 0.64,759,759,3831.88,5.15, 0.57,780,780,3154.69,4.02, 0.47,781,781,3857.39,5.00, 0.56
6,650,650,4226.05,6.89, 0.64,735,735,3771.83,5.15, 0.57,754,754,3268.57,4.26, 0.49,739,739,3864.19,5.61, 0.59
6,607,607,4029.55,7.11, 0.61,707,707,3791.67,5.48, 0.59,760,760,3429.53,4.48, 0.53,746,746,3830.33,5.40, 0.59
6,643,643,4188.26,7.12, 0.63,742,742,3694.93,5.08, 0.57,775,775,3400.45,4.49, 0.51,722,722,3784.76,5.36, 0.57
6,646,646,4351.94,7.15, 0.64,735,735,3884.70,5.49, 0.58,768,768,3418.25,4.38, 0.51,779,779,3972.55,5.26, 0.59
7,688,688,4752.95,7.49, 0.56,794,794,3900.31,5.00, 0.47,799,799,3299.83,4.15, 0.40,784,784,4006.94,5.22, 0.48
7,693,693,4501.22,7.05, 0.57,786,786,3787.79,4.79, 0.50,809,809,3320.62,4.13, 0.44,815,815,3981.89,5.08, 0.52
7,712,712,4730.32,7.33, 0.60,799,799,3867.07,4.91, 0.51,850,850,3458.00,4.02, 0.45,826,826,3894.88,4.87, 0.50
7,703,703,4812.50,7.28, 0.59,789,789,3825.11,4.94, 0.48,824,824,3214.49,3.85, 0.40,823,823,3986.11,4.96, 0.49
7,743,743,4780.63,7.08, 0.62,811,811,4025.07,5.14, 0.53,812,812,3519.65,4.37, 0.47,824,824,3928.11,4.76, 0.52
7,732,732,4832.37,7.05, 0.60,801,801,4035.91,5.02, 0.51,828,828,3475.69,4.13, 0.44,818,818,4155.08,5.24, 0.53
7,706,706,4652.91,7.18, 0.61,785,785,3958.11,5.10, 0.52,837,837,3302.18,3.83, 0.44,791,791,3886.24,5.42, 0.52
7,683,683,4522.30,7.03, 0.58,771,771,3890.13,5.29, 0.52,796,796,3411.63,4.25, 0.45,803,803,4136.78,5.51, 0.56
7,729,729,4918.16,7.00, 0.57,822,822,4068.06,4.95, 0.49,847,847,3418.53,3.98, 0.41,825,825,4007.76,4.99, 0.48
7,705,705,4740.26,7.29, 0.60,788,788,3940.17,5.14, 0.52,819,819,3496.70,4.31, 0.45,821,821,4160.33,5.43, 0.54
7,698,698,4712.11,7.13, 0.56,797,797,3921.20,4.98, 0.48,829,829,3631.19,4.38, 0.44,835,835,4293.03,5.55, 0.53
7,721,721,4795.38,7.10, 0.60,796,796,3974.76,4.88, 0.50,822,822,3492.08,4.14, 0.44,810,810,4109.01,5.25, 0.51
7,706,706,4696.08,7.08, 0.54,795,795,4052.98,5.01, 0.47,847,847,3559.12,4.12, 0.42,831,831,4224.98,5.39, 0.50
7,743,743,4860.21,6.99, 0.58,830,830,4052.42,4.90, 0.49,863,863,3419.49,3.88, 0.41,838,838,4192.74,5.16, 0.51
7,710,710,4701.28,7.01, 0.61,776,776,3967.16,5.22, 0.52,845,845,3492.32,4.24, 0.45,804,804,4192.21,5.66, 0.54
7,722,722,4729.36,7.09, 0.59,805,805,4052.13,5.22, 0.52,854,854,3357.33,3.80, 0.43,793,793,4016.72,5.21, 0.51
7,737,737,4835.54,6.98, 0.59,800,800,3910.73,4.98, 0.50,833,833,3431.43,4.14, 0.43,823,823,4335.85,5.68, 0.55
7,709,709,4766.99,7.06, 0.58,784,784,3981.41,5.07, 0.49,831,831,3479.67,4.13, 0.43,800,800,4159.14,5.47, 0.51
7,724,724,4666.74,7.06, 0.60,798,798,3810.09,4.82, 0.51,816,816,3138.24,3.72, 0.41,815,815,3838.91,4.76, 0.48
7,671,671,4600.29,7.49, 0.60,795,795,4120.68,5.13, 0.54,835,835,3521.13,4.09, 0.47,786,786,4099.68,5.46, 0.54
8,763,763,5040.10,7.03, 0.55,843,843,4096.15,4.90, 0.46,881,881,3502.34,3.88, 0.38,863,863,4117.74,4.97, 0.46
8,792,792,5171.99,7.02, 0.55,883,883,4297.80,4.88, 0.46,898,898,3612.76,3.93, 0.40,871,871,4228.81,5.07, 0.46
8,779,779,5153.68,6.96, 0.58,856,856,4140.71,4.95, 0.49,876,876,3543.80,4.06, 0.41,859,859,4513.34,5.48, 0.53
8,758,758,5302.67,7.43, 0.56,861,861,4281.12,4.95, 0.46,888,888,3434.91,3.64, 0.36,878,878,4428.41,5.21, 0.48
8,775,775,5136.23,7.13, 0.56,870,870,4245.44,4.88, 0.48,902,902,3550.69,3.92, 0.39,854,854,4453.01,5.64, 0.51
8,799,799,5271.05,7.07, 0.55,846,846,3965.80,4.62, 0.43,867,867,3316.23,3.75, 0.36,856,856,4392.23,5.36, 0.47
8,757,757,5022.27,7.06, 0.56,845,845,4093.87,4.79, 0.46,890,890,3486.93,3.91, 0.39,849,849,4195.55,5.01, 0.47
8,787,787,5327.05,7.28, 0.60,850,850,4124.46,4.86, 0.47,888,888,3555.12,3.99, 0.40,851,851,4215.18,5.23, 0.48
8,772,772,5217.87,7.13, 0.60,865,865,4250.88,4.94, 0.49,878,878,3591.03,4.02, 0.42,862,862,4284.97,5.24, 0.49
8,759,759,5021.24,6.92, 0.52,840,840,3989.04,4.63, 0.43,871,871,3431.06,3.77, 0.36,836,836,4169.63,5.31, 0.45
8,758,758,5160.36,7.15, 0.58,850,850,4080.70,4.85, 0.47,864,864,3440.88,3.87, 0.39,860,860,4252.24,5.19, 0.50
8,793,793,5378.22,7.30, 0.55,859,859,4195.34,4.97, 0.44,885,885,3487.93,3.86, 0.37,867,867,4377.57,5.36, 0.46
8,817,817,5260.70,7.03, 0.54,867,867,4129.69,4.77, 0.43,898,898,3419.26,3.78, 0.36,882,882,4179.26,5.00, 0.44
8,767,767,5133.73,7.21, 0.58,857,857,3916.43,4.44, 0.46,880,880,3527.04,4.06, 0.41,847,847,4074.16,4.87, 0.47
8,759,759,4832.18,6.86, 0.57,822,822,4006.24,4.89, 0.49,864,864,3481.10,3.90, 0.41,830,830,4337.68,5.54, 0.53
8,782,782,5246.13,7.13, 0.56,866,866,4089.32,4.69, 0.46,896,896,3408.93,3.81, 0.38,871,871,4208.81,4.97, 0.46
8,761,761,5112.90,7.39, 0.55,857,857,4079.16,4.76, 0.46,886,886,3471.71,3.66, 0.38,855,855,4186.31,4.97, 0.46
8,745,745,5044.67,7.12, 0.54,818,818,4044.29,4.88, 0.44,858,858,3450.61,3.86, 0.37,848,848,4203.15,4.88, 0.46
8,769,769,5057.52,7.00, 0.54,845,845,4102.58,4.82, 0.45,867,867,3428.54,3.77, 0.38,839,839,4253.70,5.29, 0.47
8,735,735,5061.25,7.18, 0.56,837,837,4126.06,5.09, 0.46,882,882,3520.02,3.78, 0.39,855,855,4376.17,5.21, 0.48
9,815,815,5505.16,7.34, 0.54,888,888,4292.39,4.94, 0.44,924,924,3388.54,3.49, 0.34,926,926,4385.16,5.15, 0.45
9,800,800,5410.29,7.21, 0.51,891,891,3985.84,4.58, 0.39,902,902,3231.28,3.49, 0.31,876,876,4393.54,5.35, 0.43
9,789,789,5329.56,7.14, 0.54,879,879,4038.40,4.50, 0.41,902,902,3300.84,3.49, 0.34,894,894,4582.59,5.21, 0.47
9,800,800,5354.36,7.09, 0.53,878,878,4014.98,4.52, 0.42,901,901,3489.06,3.75, 0.36,876,876,4400.07,5.15, 0.45
9,817,817,5327.57,7.00, 0.53,889,889,3952.54,4.52, 0.41,913,913,3458.54,3.73, 0.35,886,886,4532.67,5.37, 0.46
9,778,778,5315.12,7.32, 0.55,892,892,4208.86,4.66, 0.44,913,913,3453.37,3.57, 0.36,873,873,4515.09,5.37, 0.47
9,782,782,5273.15,7.26, 0.51,891,891,4109.29,4.58, 0.41,932,932,3379.71,3.48, 0.34,889,889,4410.45,5.38, 0.44
9,770,770,5139.25,7.24, 0.52,879,879,4033.55,4.52, 0.42,898,898,3341.54,3.50, 0.35,855,855,4421.10,5.35, 0.46
9,798,798,5218.77,7.11, 0.48,883,883,4013.00,4.54, 0.39,928,928,3367.72,3.44, 0.33,886,886,4555.67,5.51, 0.44
9,817,817,5523.54,7.27, 0.54,872,872,4099.32,4.66, 0.41,886,886,3391.85,3.67, 0.34,871,871,4545.51,5.36, 0.46
9,796,796,5145.26,6.89, 0.52,879,879,4016.46,4.52, 0.42,918,918,3404.05,3.57, 0.36,876,876,4503.54,5.49, 0.47
9,821,821,5366.29,7.12, 0.54,894,894,4174.96,4.69, 0.43,931,931,3430.22,3.55, 0.35,895,895,4491.36,5.30, 0.47
9,805,805,5361.81,7.38, 0.55,865,865,4012.72,4.68, 0.43,893,893,3318.18,3.73, 0.36,886,886,4468.40,5.40, 0.48
9,797,797,5350.65,7.47, 0.54,904,904,4315.68,4.84, 0.45,922,922,3657.04,4.04, 0.38,900,900,4589.72,5.34, 0.48
9,789,789,5143.99,7.03, 0.53,885,885,4068.72,4.69, 0.43,919,919,3321.82,3.42, 0.34,887,887,4397.72,5.21, 0.46
9,800,800,5352.73,7.21, 0.51,908,908,4234.83,4.73, 0.41,933,933,3434.19,3.59, 0.34,890,890,4757.09,5.79, 0.46
9,813,813,5493.01,7.31, 0.50,900,900,4082.91,4.46, 0.39,925,925,3287.15,3.32, 0.31,891,891,4429.84,5.16, 0.41
9,810,810,5376.38,7.09, 0.50,883,883,4084.13,4.52, 0.40,917,917,3358.74,3.53, 0.33,893,893,4192.79,4.85, 0.40
9,837,837,5487.44,7.02, 0.51,914,914,4217.39,4.69, 0.41,925,925,3453.10,3.65, 0.33,909,909,4306.71,4.88, 0.41
9,815,815,5460.64,6.95, 0.54,891,891,4020.62,4.49, 0.42,904,904,3334.71,3.60, 0.34,879,879,4422.35,5.25, 0.46
10,848,848,5582.01,7.29, 0.53,928,928,4170.31,4.52, 0.42,951,951,3234.76,3.21, 0.32,922,922,4569.63,5.35, 0.46
10,840,840,5707.96,7.35, 0.48,917,917,4008.15,4.29, 0.36,930,930,3174.74,3.16, 0.28,924,924,4407.68,4.97, 0.39
10,834,834,5635.69,7.28, 0.46,913,913,3999.26,4.36, 0.35,940,940,3219.29,3.27, 0.28,916,916,4611.53,5.39, 0.41
10,838,838,5476.09,6.98, 0.47,913,913,4063.39,4.31, 0.37,931,931,3249.55,3.27, 0.29,922,922,4312.06,4.72, 0.38
10,867,867,5830.63,7.21, 0.53,943,943,4092.74,4.40, 0.39,948,948,3171.72,3.24, 0.29,936,936,4654.87,5.44, 0.44
10,841,841,5429.99,6.82, 0.51,908,908,4155.24,4.57, 0.41,929,929,3295.42,3.28, 0.32,903,903,4391.24,5.00, 0.43
10,839,839,5591.69,7.29, 0.51,912,912,4023.89,4.30, 0.38,939,939,3360.30,3.50, 0.31,914,914,4520.74,5.15, 0.42
10,856,856,5631.22,6.89, 0.50,926,926,4232.27,4.69, 0.40,944,944,3159.57,3.27, 0.30,911,911,4482.59,5.24, 0.42
10,853,853,5760.86,7.35, 0.49,922,922,4049.28,4.51, 0.37,939,939,3319.47,3.46, 0.30,937,937,4587.29,5.05, 0.41
10,836,836,5799.56,7.49, 0.50,907,907,4052.51,4.59, 0.37,942,942,3167.03,3.09, 0.29,924,924,4582.54,5.17, 0.40
10,844,844,5750.79,7.38, 0.51,916,916,4153.25,4.55, 0.38,929,929,3407.97,3.44, 0.31,909,909,4610.82,5.33, 0.42
10,858,858,5908.70,7.36, 0.49,923,923,3996.64,4.35, 0.34,943,943,3301.87,3.30, 0.28,931,931,4624.95,5.14, 0.39
10,853,853,5831.56,7.41, 0.51,910,910,3990.01,4.47, 0.37,939,939,3307.25,3.40, 0.30,940,940,4416.11,4.94, 0.41
10,830,830,5761.99,7.54, 0.47,899,899,4062.37,4.37, 0.35,930,930,3416.84,3.68, 0.30,912,912,4326.34,4.88, 0.36
10,852,852,5801.90,7.45, 0.52,919,919,4102.73,4.41, 0.38,937,937,3248.88,3.30, 0.30,904,904,4273.99,4.97, 0.40
10,844,844,5584.47,7.25, 0.47,939,939,4189.30,4.32, 0.38,958,958,3240.81,3.23, 0.29,931,931,4590.64,5.32, 0.41
10,860,860,5869.07,7.25, 0.48,931,931,4059.47,4.27, 0.35,953,953,3059.27,2.95, 0.26,920,920,4480.65,5.08, 0.38
10,843,843,5685.18,7.07, 0.50,926,926,3997.83,4.42, 0.37,950,950,3094.81,3.09, 0.28,934,934,4488.42,4.97, 0.41
10,878,878,5765.83,7.03, 0.50,917,917,3998.07,4.22, 0.36,938,938,3155.92,3.19, 0.29,930,930,4692.29,5.27, 0.42
10,847,847,5492.39,7.00, 0.48,911,911,4036.53,4.33, 0.38,934,934,3235.23,3.25, 0.30,937,937,4565.07,4.97, 0.41
11,863,863,5821.03,7.21, 0.48,938,938,4029.13,4.25, 0.35,955,955,3057.83,2.98, 0.26,948,948,4652.25,5.04, 0.40
11,885,885,5856.34,7.17, 0.45,948,948,4064.14,4.20, 0.33,973,973,3038.54,2.92, 0.25,948,948,4532.51,4.96, 0.36
11,876,876,5901.27,7.21, 0.46,941,941,3947.74,4.22, 0.32,976,976,2965.27,2.81, 0.24,952,952,4598.46,5.02, 0.37
11,873,873,5762.83,7.16, 0.45,928,928,4053.79,4.47, 0.33,951,951,3169.99,3.14, 0.26,935,935,4543.73,5.06, 0.38
11,885,885,5966.21,7.28, 0.47,940,940,4140.97,4.43, 0.34,963,963,3124.45,3.01, 0.25,947,947,4475.83,5.09, 0.37
11,865,865,5795.66,7.22, 0.46,929,929,3938.43,4.19, 0.34,949,949,3234.45,3.23, 0.27,945,945,4400.93,4.96, 0.37
11,874,874,5749.33,6.87, 0.45,949,949,3978.46,4.15, 0.33,971,971,3020.82,2.85, 0.25,944,944,4639.43,5.19, 0.39
11,852,852,5841.06,7.19, 0.47,936,936,4086.38,4.25, 0.35,951,951,3251.63,3.21, 0.28,925,925,4753.90,5.43, 0.40
11,884,884,5873.32,7.06, 0.45,952,952,4219.27,4.30, 0.33,971,971,3116.47,2.95, 0.24,938,938,4272.16,4.65, 0.34
11,880,880,5929.39,7.21, 0.47,940,940,4145.30,4.32, 0.35,950,950,3185.60,3.38, 0.27,931,931,4597.45,5.17, 0.39
11,890,890,6127.52,7.36, 0.46,951,951,4062.65,4.27, 0.32,973,973,3060.50,2.91, 0.24,941,941,4529.20,5.14, 0.35
11,864,864,5787.46,7.14, 0.46,929,929,3989.69,4.30, 0.34,949,949,3086.91,3.09, 0.26,927,927,4561.71,5.20, 0.39
11,875,875,5881.41,7.25, 0.44,940,940,3950.27,4.10, 0.31,957,957,3036.75,3.01, 0.23,941,941,4459.20,4.96, 0.35
11,857,857,5864.94,7.44, 0.46,926,926,3882.69,4.12, 0.33,957,957,3075.92,3.01, 0.25,940,940,4533.93,5.04, 0.38
11,872,872,5865.29,7.16, 0.46,928,928,4047.08,4.37, 0.34,947,947,3133.39,3.29, 0.26,937,937,4582.80,4.96, 0.38
11,873,873,5703.59,7.14, 0.46,935,935,3924.30,4.10, 0.33,957,957,3023.71,3.01, 0.25,930,930,4721.74,5.24, 0.39
11,888,888,5911.13,7.18, 0.46,953,953,3990.65,4.12, 0.33,971,971,3211.24,3.05, 0.26,947,947,4647.48,5.43, 0.39
11,882,882,5839.45,7.01, 0.47,940,940,3962.97,4.09, 0.34,949,949,2943.42,2.87, 0.25,939,939,4498.93,5.12, 0.38
11,874,874,5770.95,7.07, 0.46,937,937,4176.20,4.44, 0.35,958,958,3030.00,2.87, 0.25,943,943,4598.00,5.30, 0.38
11,886,886,5853.81,7.14, 0.46,950,950,3959.85,4.12, 0.33,951,951,3014.57,2.94, 0.25,932,932,4485.48,4.97, 0.36
12,919,919,6001.23,7.05, 0.44,968,968,3745.70,3.75, 0.29,979,979,2741.88,2.53, 0.21,958,958,4587.30,5.21, 0.36
12,906,906,5923.17,7.07, 0.44,958,958,3779.51,3.87, 0.30,971,971,2876.86,2.81, 0.23,946,946,4779.15,5.32, 0.37
12,896,896,5955.92,7.09, 0.44,961,961,3902.08,3.93, 0.31,971,971,2854.96,2.69, 0.22,959,959,4299.57,4.84, 0.33
12,884,884,6128.79,7.39, 0.45,953,953,3998.75,4.18, 0.32,965,965,2925.45,2.83, 0.23,947,947,4365.89,4.72, 0.34
12,891,891,5900.39,6.91, 0.41,946,946,3746.70,3.99, 0.28,957,957,2721.47,2.60, 0.20,954,954,4266.37,4.56, 0.32
12,901,901,5975.77,7.17, 0.43,960,960,3887.65,3.98, 0.30,970,970,2831.07,2.65, 0.22,949,949,4501.84,4.97, 0.34
12,903,903,5844.92,7.01, 0.41,958,958,3947.64,3.86, 0.29,976,976,2961.27,2.75, 0.22,968,968,4768.95,5.16, 0.36
12,896,896,5970.35,7.10, 0.43,955,955,3920.84,3.95, 0.30,976,976,2942.87,2.79, 0.22,953,953,4888.90,5.44, 0.38
12,894,894,5981.12,7.29, 0.43,947,947,3920.48,4.09, 0.30,961,961,2907.95,2.77, 0.22,935,935,4432.84,4.94, 0.35
12,893,893,6076.99,7.44, 0.43,953,953,4001.57,4.02, 0.30,969,969,2987.79,2.80, 0.22,964,964,4200.78,4.44, 0.31
12,880,880,5757.75,7.18, 0.43,934,934,3730.91,3.78, 0.29,963,963,3070.83,2.95, 0.25,964,964,4282.53,4.85, 0.35
12,904,904,6033.56,7.22, 0.44,957,957,3863.84,3.95, 0.30,968,968,2946.40,2.76, 0.22,954,954,4640.78,5.10, 0.35
12,896,896,6054.27,7.18, 0.45,959,959,3842.34,3.97, 0.30,976,976,2909.16,2.77, 0.23,946,946,4416.81,4.87, 0.35
12,902,902,6219.24,7.32, 0.44,936,936,3927.57,4.32, 0.29,970,970,2976.39,2.85, 0.22,952,952,4670.65,5.22, 0.35
12,904,904,6014.13,7.13, 0.45,964,964,3997.21,4.22, 0.32,971,971,3074.34,3.05, 0.25,962,962,4624.94,5.09, 0.37
12,892,892,5891.81,7.04, 0.43,943,943,3863.45,4.02, 0.31,973,973,3043.76,2.87, 0.24,956,956,4597.58,5.16, 0.36
12,912,912,6005.31,7.12, 0.43,969,969,3894.51,4.12, 0.30,979,979,2850.09,2.61, 0.21,947,947,4522.82,5.21, 0.35
12,910,910,5996.46,7.12, 0.42,961,961,3802.18,3.89, 0.29,974,974,2951.03,2.78, 0.22,967,967,4329.07,4.69, 0.33
12,893,893,6038.17,7.37, 0.44,956,956,3901.80,4.04, 0.31,961,961,2938.31,2.76, 0.23,948,948,4661.18,5.09, 0.36
12,910,910,6105.11,7.27, 0.42,968,968,3933.70,4.03, 0.30,978,978,2855.32,2.64, 0.21,967,967,4753.77,5.30, 0.35
13,907,907,5910.52,6.88, 0.38,970,970,3698.89,3.78, 0.26,981,981,2657.22,2.51, 0.18,965,965,4268.09,4.68, 0.30
13,919,919,6456.92,7.43, 0.44,970,970,3915.41,3.86, 0.28,986,986,3008.11,2.86, 0.22,965,965,4778.88,5.12, 0.34
13,930,930,6072.46,7.08, 0.42,970,970,3841.67,3.85, 0.28,974,974,2799.73,2.60, 0.20,965,965,4754.92,5.19, 0.34
13,899,899,6176.79,7.34, 0.38,959,959,3700.55,3.79, 0.25,978,978,2680.82,2.58, 0.18,964,964,4484.03,5.05, 0.30
13,927,927,6250.69,7.43, 0.43,975,975,3679.19,3.72, 0.27,993,993,2682.73,2.46, 0.19,964,964,4683.61,5.22, 0.33
13,916,916,6091.71,7.03, 0.40,964,964,3785.22,3.84, 0.27,985,985,2893.06,2.59, 0.20,962,962,5004.00,5.50, 0.36
13,918,918,6191.26,7.21, 0.38,966,966,3998.33,4.04, 0.27,984,984,2822.20,2.55, 0.19,972,972,4579.88,5.19, 0.30
13,929,929,6193.60,7.15, 0.41,972,972,3645.57,3.63, 0.25,990,990,2715.55,2.50, 0.19,969,969,4348.73,4.78, 0.31
13,921,921,6068.02,7.09, 0.42,967,967,3757.94,3.80, 0.28,972,972,2640.28,2.49, 0.20,966,966,4693.80,5.16, 0.34
13,916,916,6218.52,7.17, 0.42,958,958,3798.51,3.86, 0.27,977,977,2871.22,2.72, 0.20,958,958,4299.24,4.73, 0.31
13,922,922,6035.75,7.14, 0.43,972,972,3698.82,3.73, 0.28,976,976,2719.55,2.44, 0.20,966,966,4446.18,4.74, 0.33
13,899,899,6130.79,7.17, 0.41,955,955,3801.64,3.90, 0.27,974,974,2777.00,2.70, 0.19,962,962,4327.88,4.81, 0.31
13,898,898,6120.74,7.35, 0.42,954,954,3790.82,3.89, 0.28,968,968,2736.28,2.61, 0.20,951,951,4325.67,4.72, 0.32
13,912,912,6216.33,7.28, 0.40,968,968,3806.60,3.73, 0.26,976,976,2781.28,2.63, 0.19,954,954,4578.67,5.09, 0.32
13,922,922,6161.66,7.11, 0.40,977,977,3796.92,3.72, 0.26,981,981,2631.19,2.37, 0.18,971,971,4568.05,4.80, 0.31
13,925,925,6061.69,6.99, 0.41,959,959,3716.73,3.81, 0.28,977,977,2693.21,2.49, 0.20,967,967,4352.42,4.78, 0.32
13,931,931,6130.35,7.13, 0.40,953,953,3849.07,3.99, 0.27,972,972,2869.35,2.70, 0.20,967,967,4714.50,4.94, 0.33
13,925,925,6119.27,7.14, 0.40,969,969,3871.12,3.91, 0.27,986,986,2900.30,2.64, 0.20,959,959,4410.00,4.70, 0.30
13,919,919,6357.80,7.47, 0.41,973,973,3747.88,3.70, 0.26,980,980,2743.89,2.54, 0.20,966,966,4616.51,5.06, 0.32
13,915,915,6136.23,7.06, 0.41,965,965,3832.51,3.84, 0.28,979,979,2747.27,2.44, 0.20,966,966,4501.33,4.77, 0.33
14,937,937,6343.58,7.25, 0.39,986,986,3727.52,3.70, 0.25,992,992,2560.64,2.43, 0.17,976,976,4331.42,4.67, 0.29
14,947,947,6293.88,7.12, 0.39,978,978,3863.43,3.93, 0.26,989,989,2700.87,2.42, 0.18,975,975,4883.41,5.21, 0.32
14,933,933,6149.97,7.04, 0.40,983,983,3574.79,3.46, 0.25,988,988,2667.57,2.40, 0.19,971,971,4811.35,5.25, 0.33
14,952,952,6274.24,7.08, 0.38,984,984,3747.67,3.68, 0.24,987,987,2662.68,2.33, 0.17,976,976,4802.57,5.26, 0.32
14,948,948,6202.92,7.18, 0.40,972,972,3687.49,3.60, 0.25,983,983,2627.40,2.49, 0.18,970,970,4393.31,4.81, 0.30
14,936,936,6366.03,7.21, 0.40,983,983,3763.33,3.78, 0.25,985,985,2730.77,2.55, 0.18,978,978,4505.67,5.21, 0.30
14,948,948,6395.26,7.27, 0.40,978,978,3702.99,3.64, 0.25,984,984,2680.84,2.48, 0.18,975,975,4405.19,4.58, 0.29
14,939,939,6295.88,7.21, 0.39,981,981,3725.69,3.78, 0.25,985,985,2641.11,2.50, 0.18,973,973,4902.61,5.39, 0.33
14,931,931,6246.63,6.99, 0.38,975,975,3698.63,3.65, 0.24,987,987,2600.09,2.38, 0.17,981,981,4476.95,4.66, 0.29
14,918,918,6171.44,7.25, 0.36,976,976,3725.75,3.63, 0.24,982,982,2611.72,2.30, 0.17,975,975,4527.70,4.92, 0.29
14,951,951,6301.32,6.99, 0.38,979,979,3515.79,3.42, 0.23,983,983,2695.37,2.46, 0.18,978,978,4304.97,4.45, 0.28
14,942,942,6329.67,7.14, 0.37,982,982,3593.45,3.47, 0.23,991,991,2637.28,2.40, 0.17,971,971,4471.90,4.90, 0.28
14,925,925,6302.64,7.27, 0.38,974,974,3739.87,3.76, 0.24,978,978,2672.35,2.54, 0.17,968,968,4221.82,4.48, 0.27
14,929,929,6173.96,6.92, 0.38,975,975,3618.57,3.56, 0.24,988,988,2557.71,2.34, 0.17,959,959,4826.08,5.35, 0.33
14,948,948,6426.57,7.18, 0.39,983,983,3589.55,3.51, 0.24,987,987,2540.19,2.29, 0.17,979,979,4501.79,5.03, 0.31
14,931,931,6326.42,7.28, 0.41,972,972,3632.02,3.63, 0.25,986,986,2657.36,2.54, 0.18,975,975,4690.09,5.20, 0.33
14,924,924,6067.64,7.05, 0.39,973,973,3849.25,3.86, 0.27,980,980,2789.69,2.59, 0.19,977,977,4687.36,5.21, 0.33
14,943,943,6494.14,7.35, 0.38,976,976,3511.44,3.50, 0.23,988,988,2528.65,2.27, 0.16,980,980,4611.61,4.91, 0.29
14,935,935,6238.09,7.08, 0.38,974,974,3583.04,3.55, 0.24,988,988,2502.46,2.30, 0.17,966,966,4425.55,4.82, 0.30
14,933,933,6375.00,7.30, 0.37,981,981,3629.28,3.55, 0.23,985,985,2610.24,2.28, 0.17,978,978,4813.26,5.25, 0.31
15,939,939,6129.78,6.97, 0.37,984,984,3631.28,3.61, 0.25,986,986,2444.94,2.22, 0.16,976,976,4606.48,4.66, 0.30
15,936,936,6138.53,7.01, 0.38,978,978,3542.01,3.56, 0.23,984,984,2533.57,2.27, 0.17,965,965,4747.99,5.02, 0.32
15,962,962,6329.57,6.91, 0.34,983,983,3463.64,3.33, 0.21,993,993,2532.46,2.25, 0.15,982,982,4413.31,4.91, 0.26
15,934,934,6161.12,7.09, 0.36,985,985,3490.21,3.33, 0.22,981,981,2650.66,2.51, 0.17,982,982,4507.67,4.54, 0.28
15,937,937,6172.57,6.90, 0.36,978,978,3641.45,3.58, 0.24,977,977,2619.08,2.35, 0.17,976,976,4908.40,5.13, 0.32
15,947,947,6260.22,7.28, 0.39,983,983,3625.94,3.54, 0.24,993,993,2674.18,2.37, 0.18,963,963,4806.79,5.33, 0.32
15,949,949,6231.72,7.05, 0.36,983,983,3592.91,3.67, 0.23,991,991,2506.86,2.25, 0.16,976,976,4736.50,5.13, 0.30
15,941,941,6360.41,7.19, 0.36,981,981,3625.43,3.70, 0.23,988,988,2586.08,2.38, 0.16,976,976,4678.15,4.82, 0.29
15,940,940,6428.01,7.16, 0.39,981,981,3662.29,3.72, 0.24,989,989,2556.18,2.39, 0.17,967,967,4582.73,4.94, 0.31
15,956,956,6252.93,7.14, 0.34,983,983,3453.60,3.37, 0.21,993,993,2482.94,2.17, 0.15,986,986,4587.19,4.85, 0.28
15,948,948,6143.13,6.95, 0.32,992,992,3630.57,3.65, 0.21,992,992,2435.98,2.20, 0.14,986,986,4762.93,4.92, 0.28
15,947,947,6158.77,6.87, 0.35,981,981,3434.64,3.46, 0.21,988,988,2418.13,2.26, 0.15,978,978,4521.54,5.07, 0.28
15,953,953,6139.21,6.85, 0.35,981,981,3526.66,3.52, 0.22,986,986,2594.64,2.33, 0.17,976,976,4581.34,5.00, 0.29
15,953,953,6456.30,7.25, 0.36,981,981,3611.32,3.54, 0.22,989,989,2390.86,2.24, 0.14,978,978,4503.07,4.93, 0.28
15,952,952,6247.24,6.96, 0.36,976,976,3559.77,3.41, 0.21,990,990,2548.74,2.32, 0.16,970,970,4535.06,4.83, 0.28
15,948,948,6160.08,6.99, 0.35,984,984,3514.08,3.33, 0.21,990,990,2463.77,2.15, 0.15,984,984,4607.13,4.87, 0.29
15,942,942,6354.68,7.30, 0.35,980,980,3515.37,3.48, 0.21,987,987,2449.25,2.22, 0.15,980,980,4544.00,4.78, 0.28
15,947,947,6297.60,7.14, 0.38,978,978,3541.34,3.43, 0.23,984,984,2504.18,2.25, 0.16,975,975,4346.17,4.60, 0.28
15,951,951,6358.77,7.05, 0.36,987,987,3592.71,3.56, 0.22,989,989,2383.34,2.07, 0.15,990,990,4389.26,4.68, 0.27
15,936,936,6202.18,7.07, 0.35,978,978,3424.97,3.36, 0.22,988,988,2424.98,2.22, 0.15,977,977,4517.21,4.90, 0.28
16,956,956,6396.85,7.28, 0.35,992,992,3521.64,3.59, 0.21,997,997,2275.83,2.06, 0.14,981,981,4428.57,4.89, 0.26
16,967,967,6445.20,7.19, 0.33,988,988,3426.92,3.35, 0.19,992,992,2289.68,2.00, 0.12,985,985,4380.86,4.57, 0.25
16,947,947,6500.97,7.40, 0.35,982,982,3515.02,3.47, 0.21,992,992,2432.53,2.20, 0.14,981,981,4821.50,4.99, 0.28
16,949,949,6390.23,7.23, 0.35,977,977,3445.79,3.38, 0.20,984,984,2365.43,2.13, 0.14,980,980,4704.95,4.96, 0.28
16,968,968,6312.55,6.84, 0.33,992,992,3518.45,3.52, 0.21,997,997,2330.18,1.97, 0.14,981,981,4564.57,4.79, 0.26
16,961,961,6496.87,7.26, 0.35,987,987,3538.36,3.43, 0.21,990,990,2350.31,2.08, 0.14,985,985,4591.17,4.98, 0.28
16,953,953,6247.17,6.97, 0.33,992,992,3452.79,3.35, 0.20,997,997,2313.47,2.13, 0.14,991,991,4816.71,5.28, 0.28
16,941,941,6334.98,7.10, 0.34,984,984,3598.30,3.47, 0.21,993,993,2410.70,2.05, 0.14,981,981,4773.39,5.35, 0.29
16,942,942,6279.70,7.12, 0.34,988,988,3402.37,3.24, 0.20,991,991,2517.18,2.32, 0.15,987,987,4745.23,5.06, 0.28
16,951,951,6390.96,7.20, 0.34,984,984,3470.64,3.42, 0.21,988,988,2420.70,2.11, 0.14,982,982,4863.45,5.38, 0.29
16,971,971,6487.55,7.11, 0.36,989,989,3540.17,3.43, 0.21,991,991,2365.21,2.20, 0.15,979,979,4539.37,4.63, 0.28
16,947,947,6277.02,7.14, 0.34,984,984,3475.28,3.48, 0.21,997,997,2407.97,2.10, 0.14,985,985,4618.95,4.93, 0.27
16,968,968,6466.87,7.15, 0.34,989,989,3451.96,3.38, 0.20,993,993,2238.82,1.98, 0.13,981,981,4609.02,5.07, 0.26
16,963,963,6511.94,7.40, 0.35,987,987,3286.81,3.14, 0.19,997,997,2283.19,1.95, 0.13,985,985,4692.68,5.06, 0.28
16,948,948,6386.59,7.02, 0.35,989,989,3635.83,3.53, 0.22,991,991,2347.92,2.11, 0.14,981,981,4486.55,4.86, 0.28
16,959,959,6390.31,7.11, 0.33,983,983,3488.65,3.43, 0.20,986,986,2291.29,2.03, 0.13,984,984,4368.57,4.69, 0.26
16,944,944,6465.14,7.41, 0.34,980,980,3474.73,3.47, 0.20,985,985,2353.47,2.04, 0.13,979,979,4518.42,4.79, 0.26
16,953,953,6329.29,6.98, 0.32,979,979,3461.57,3.55, 0.20,991,991,2187.67,1.89, 0.12,992,992,4589.46,4.73, 0.26
16,960,960,6359.51,7.29, 0.35,983,983,3586.88,3.51, 0.22,993,993,2711.52,2.57, 0.17,981,981,4586.48,4.92, 0.29
16,963,963,6511.72,7.23, 0.34,989,989,3448.14,3.47, 0.20,994,994,2290.68,2.13, 0.13,990,990,4405.28,4.62, 0.26
17,955,955,6369.27,7.30, 0.32,991,991,3451.66,3.50, 0.19,996,996,2381.45,2.16, 0.13,990,990,4808.10,5.27, 0.27
17,957,957,6451.63,7.29, 0.32,981,981,3438.19,3.43, 0.19,993,993,2276.12,2.02, 0.12,982,982,4578.15,4.98, 0.26
17,963,963,6472.60,7.04, 0.32,989,989,3276.81,3.17, 0.18,994,994,2171.46,1.91, 0.12,990,990,4271.94,4.49, 0.24
17,956,956,6407.55,7.21, 0.31,982,982,3383.62,3.24, 0.18,993,993,2312.48,2.02, 0.12,984,984,4381.98,4.60, 0.24
17,963,963,6444.39,7.10, 0.31,985,985,3203.77,3.04, 0.17,990,990,2159.68,1.86, 0.12,984,984,4655.71,4.77, 0.25
17,953,953,6594.30,7.22, 0.31,986,986,3481.78,3.50, 0.18,992,992,2190.61,1.92, 0.11,984,984,4474.70,4.79, 0.24
17,953,953,6207.89,7.15, 0.33,991,991,3421.50,3.35, 0.19,991,991,2434.37,2.18, 0.14,980,980,4936.85,5.35, 0.29
17,955,955,6257.74,7.12, 0.32,982,982,3510.19,3.58, 0.20,989,989,2588.95,2.42, 0.15,986,986,4543.44,4.76, 0.26
17,969,969,6351.97,6.88, 0.31,991,991,3285.91,3.24, 0.18,991,991,2210.37,1.97, 0.12,984,984,4799.56,5.20, 0.27
17,956,956,6341.64,7.05, 0.31,985,985,3270.69,3.20, 0.17,994,994,2191.89,1.89, 0.12,985,985,4637.66,5.04, 0.25
17,967,967,6415.44,7.09, 0.30,984,984,3331.24,3.28, 0.17,987,987,2289.76,2.07, 0.12,983,983,4684.38,5.13, 0.25
17,971,971,6442.03,7.11, 0.32,993,993,3443.84,3.36, 0.19,998,998,2337.13,2.03, 0.13,995,995,4498.94,4.72, 0.25
17,969,969,6610.50,7.19, 0.32,992,992,3331.12,3.20, 0.18,998,998,2261.41,1.93, 0.12,995,995,4572.21,5.04, 0.24
17,968,968,6336.18,7.16, 0.33,988,988,3426.94,3.44, 0.20,997,997,2376.14,2.17, 0.14,980,980,5093.91,5.42, 0.30
17,959,959,6384.24,6.99, 0.31,983,983,3385.13,3.27, 0.18,991,991,2223.94,1.89, 0.12,988,988,4828.36,4.93, 0.26
17,960,960,6493.81,7.09, 0.33,984,984,3393.92,3.41, 0.19,992,992,2322.77,2.11, 0.13,981,981,4619.94,4.87, 0.26
17,979,979,6355.82,6.94, 0.31,990,990,3317.17,3.24, 0.18,997,997,2169.47,1.86, 0.12,989,989,4570.51,4.77, 0.25
17,965,965,6304.65,7.01, 0.33,990,990,3316.17,3.17, 0.19,989,989,2240.90,1.97, 0.13,979,979,4433.88,4.69, 0.26
17,964,964,6546.84,7.30, 0.32,996,996,3281.08,3.14, 0.18,995,995,2180.12,2.00, 0.12,994,994,4397.78,4.63, 0.24
17,960,960,6225.22,6.68, 0.31,985,985,3382.34,3.39, 0.19,993,993,2345.14,2.11, 0.13,979,979,4670.56,5.12, 0.27
18,966,966,6519.47,7.31, 0.32,989,989,3340.46,3.38, 0.19,993,993,2222.65,2.01, 0.12,991,991,4599.53,4.81, 0.25
18,977,977,6460.62,7.15, 0.31,991,991,3234.40,3.12, 0.17,995,995,2061.73,1.78, 0.11,992,992,4578.26,4.71, 0.24
18,984,984,6580.37,7.04, 0.31,998,998,3240.52,3.08, 0.17,999,999,2232.22,2.02, 0.12,993,993,4573.88,4.83, 0.24
18,971,971,6411.10,7.16, 0.31,987,987,3303.62,3.24, 0.18,994,994,2074.16,1.84, 0.11,993,993,4628.52,4.82, 0.24
18,962,962,6385.39,7.13, 0.30,989,989,3284.55,3.21, 0.17,990,990,2217.14,1.93, 0.11,991,991,4918.89,5.15, 0.26
18,970,970,6264.16,6.93, 0.30,984,984,3266.30,3.23, 0.18,992,992,2192.77,1.86, 0.11,985,985,4715.68,5.02, 0.25
18,967,967,6494.26,7.16, 0.31,986,986,3271.99,3.13, 0.17,993,993,2086.28,1.81, 0.11,989,989,4503.95,4.51, 0.23
18,968,968,6450.91,7.28, 0.30,990,990,3192.98,3.09, 0.17,999,999,2120.90,1.87, 0.11,990,990,4722.93,5.01, 0.25
18,967,967,6406.15,7.19, 0.30,989,989,3331.53,3.13, 0.17,992,992,2224.52,1.98, 0.11,988,988,4643.24,4.89, 0.25
18,973,973,6268.67,7.01, 0.29,994,994,3285.58,3.12, 0.17,996,996,2187.60,1.98, 0.11,988,988,4716.42,5.17, 0.25
18,954,954,6485.09,7.28, 0.30,982,982,3322.19,3.17, 0.17,988,988,2163.15,1.88, 0.11,986,986,4375.01,4.62, 0.23
18,977,977,6447.13,7.18, 0.31,996,996,3383.02,3.29, 0.18,998,998,2357.77,2.04, 0.13,987,987,4943.43,5.13, 0.27
18,972,972,6323.48,6.93, 0.30,994,994,3267.22,3.04, 0.17,996,996,2113.96,1.83, 0.11,989,989,4590.56,4.94, 0.25
18,974,974,6264.59,6.75, 0.30,995,995,3136.90,3.04, 0.17,997,997,2073.77,1.74, 0.11,986,986,4766.19,4.96, 0.25
18,974,974,6466.57,7.10, 0.31,991,991,3098.01,2.97, 0.17,996,996,2135.64,1.85, 0.11,995,995,4465.99,4.67, 0.24
18,970,970,6410.62,7.07, 0.30,991,991,3245.58,3.25, 0.17,996,996,2108.68,1.81, 0.11,988,988,4533.60,4.77, 0.24
18,965,965,6388.53,6.99, 0.31,986,986,3246.96,3.32, 0.17,986,986,2034.91,1.83, 0.11,991,991,4572.62,4.59, 0.24
18,978,978,6516.89,7.09, 0.30,992,992,3227.72,3.14, 0.17,996,996,2067.46,1.80, 0.11,991,991,4522.22,4.74, 0.24
18,974,974,6427.82,6.99, 0.31,994,994,3255.93,3.16, 0.17,994,994,2122.87,1.84, 0.12,996,996,4500.31,4.73, 0.24
18,976,976,6329.14,6.82, 0.30,987,987,3317.79,3.29, 0.18,990,990,2295.92,2.02, 0.12,986,986,4694.13,5.09, 0.26
19,969,969,6419.37,7.16, 0.29,996,996,3262.19,3.14, 0.17,999,999,2161.51,1.89, 0.11,992,992,4553.44,4.73, 0.23
19,977,977,6446.98,7.00, 0.27,997,997,3019.86,2.88, 0.14,997,997,1951.61,1.69, 0.09,990,990,4735.16,4.94, 0.23
19,979,979,6278.45,6.79, 0.29,990,990,3172.97,3.03, 0.16,998,998,1973.17,1.71, 0.10,988,988,4990.83,5.31, 0.26
19,980,980,6453.93,7.06, 0.29,993,993,3155.65,3.06, 0.15,997,997,2023.45,1.77, 0.10,996,996,4561.27,4.89, 0.23
19,975,975,6448.99,7.05, 0.28,997,997,3160.82,3.07, 0.16,999,999,2018.84,1.73, 0.10,989,989,4771.03,4.95, 0.24
19,982,982,6405.91,6.97, 0.27,994,994,3244.12,3.14, 0.16,996,996,2191.83,2.03, 0.11,989,989,4594.89,4.78, 0.22
19,972,972,6487.98,7.14, 0.29,992,992,3290.19,3.15, 0.17,994,994,2146.47,1.87, 0.11,987,987,4459.96,4.68, 0.22
19,976,976,6493.25,7.22, 0.28,992,992,3163.77,3.06, 0.15,994,994,1988.66,1.81, 0.09,997,997,4553.13,4.79, 0.22
19,973,973,6559.81,7.23, 0.29,993,993,3045.74,2.98, 0.15,995,995,1999.42,1.76, 0.10,987,987,4884.05,5.18, 0.24
19,979,979,6512.02,7.00, 0.27,995,995,3108.37,3.02, 0.15,998,998,1985.28,1.71, 0.10,991,991,4656.80,4.85, 0.22
19,967,967,6441.15,6.86, 0.29,991,991,3101.27,2.93, 0.16,995,995,2133.75,1.91, 0.11,988,988,4769.56,5.16, 0.24
19,973,973,6366.06,7.14, 0.29,990,990,3349.92,3.34, 0.17,992,992,2275.69,2.02, 0.12,994,994,4811.65,4.97, 0.25
19,978,978,6462.99,6.99, 0.27,995,995,3094.23,2.93, 0.15,997,997,2183.64,2.01, 0.11,994,994,4623.47,4.82, 0.23
19,976,976,6597.21,7.26, 0.28,987,987,3104.74,2.98, 0.15,997,997,2030.45,1.70, 0.10,986,986,4412.52,4.69, 0.21
19,978,978,6453.77,6.94, 0.27,997,997,3164.26,3.06, 0.15,998,998,2171.29,1.86, 0.11,992,992,4639.05,4.86, 0.23
19,970,970,6396.04,7.13, 0.27,992,992,3044.76,2.89, 0.14,994,994,1944.31,1.62, 0.09,990,990,4114.29,4.12, 0.20
19,985,985,6607.13,7.20, 0.27,994,994,3210.72,3.06, 0.15,997,997,1997.39,1.72, 0.10,991,991,4852.34,5.15, 0.23
19,970,970,6474.58,6.98, 0.27,996,996,3186.48,3.04, 0.15,996,996,2007.76,1.67, 0.10,996,996,4171.23,4.27, 0.20
19,977,977,6676.14,7.36, 0.29,997,997,3094.72,2.92, 0.15,996,996,1956.52,1.68, 0.10,993,993,4754.42,4.88, 0.24
19,967,967,6477.34,7.01, 0.28,994,994,3166.58,3.09, 0.16,995,995,2022.64,1.76, 0.10,990,990,4605.87,4.91, 0.23
20,977,977,6448.29,6.95, 0.25,992,992,3058.22,2.92, 0.14,995,995,1963.08,1.63, 0.09,989,989,4498.54,4.80, 0.21
20,977,977,6336.14,6.85, 0.27,997,997,3076.43,2.98, 0.15,997,997,2036.48,1.83, 0.10,992,992,4558.44,4.85, 0.22
20,977,977,6447.03,7.19, 0.27,991,991,3066.69,2.87, 0.15,997,997,1998.53,1.71, 0.10,988,988,4581.16,4.76, 0.22
20,979,979,6306.74,6.96, 0.25,995,995,3036.61,2.93, 0.14,997,997,1895.17,1.61, 0.09,995,995,4731.71,4.82, 0.22
20,973,973,6557.96,7.13, 0.28,995,995,3061.09,2.91, 0.15,996,996,1845.77,1.54, 0.09,990,990,4944.07,5.26, 0.24
20,976,976,6314.30,6.88, 0.28,994,994,3233.89,3.23, 0.16,993,993,2196.27,1.97, 0.11,994,994,4768.54,4.79, 0.24
20,971,971,6207.94,6.77, 0.27,994,994,3066.05,2.96, 0.15,993,993,1998.76,1.71, 0.10,994,994,4675.32,5.01, 0.24
20,966,966,6502.81,7.11, 0.30,994,994,3077.74,3.01, 0.16,995,995,1971.19,1.72, 0.10,987,987,4716.32,5.09, 0.24
20,969,969,6455.79,6.92, 0.27,990,990,3191.93,3.10, 0.15,993,993,2060.40,1.79, 0.10,995,995,5142.35,5.80, 0.26
20,972,972,6536.24,7.21, 0.29,991,991,3237.74,3.11, 0.16,994,994,2050.68,1.78, 0.10,996,996,4603.38,4.91, 0.23
20,984,984,6326.69,6.84, 0.28,997,997,3018.61,2.92, 0.15,999,999,2105.06,1.84, 0.10,995,995,4881.08,5.34, 0.26
20,970,970,6398.50,7.07, 0.26,996,996,3142.52,3.03, 0.15,998,998,2032.96,1.80, 0.10,998,998,4717.32,4.78, 0.23
20,979,979,6443.29,7.04, 0.27,993,993,2973.67,2.95, 0.15,996,996,1900.72,1.68, 0.09,992,992,4655.07,5.08, 0.24
20,983,983,6442.98,6.97, 0.26,995,995,3099.79,3.02, 0.15,997,997,1884.88,1.60, 0.09,995,995,4395.40,4.52, 0.21
20,986,986,6585.57,7.02, 0.26,997,997,3087.98,2.98, 0.14,997,997,1956.15,1.73, 0.09,999,999,4852.45,4.95, 0.22
20,978,978,6592.36,7.15, 0.27,998,998,3195.55,3.04, 0.15,999,999,2031.68,1.81, 0.09,986,986,4787.45,4.93, 0.23
20,979,979,6725.30,7.33, 0.30,996,996,3123.74,2.99, 0.16,995,995,2062.77,1.82, 0.11,993,993,4780.88,5.18, 0.24
20,974,974,6271.53,6.92, 0.26,990,990,3113.00,2.99, 0.15,997,997,2022.16,1.75, 0.10,990,990,4626.43,4.79, 0.23
20,973,973,6336.43,7.04, 0.27,990,990,3056.77,2.98, 0.15,995,995,1899.73,1.58, 0.09,990,990,4710.39,5.04, 0.24
20,981,981,6566.96,7.28, 0.28,992,992,3097.73,2.97, 0.15,996,996,1956.93,1.80, 0.09,997,997,4928.57,5.05, 0.24
30,997,997,6616.04,7.15, 0.17,999,999,2484.10,2.29, 0.08,999,999,1403.82,1.17, 0.04,999,999,5533.28,5.80, 0.18
30,995,995,6472.60,7.00, 0.16,1000,1000,2389.61,2.33, 0.07,1000,1000,1336.52,1.11, 0.04,1000,1000,5371.61,5.58, 0.17
30,998,998,6353.19,6.62, 0.16,1000,1000,2311.74,2.21, 0.07,1000,1000,1292.97,1.11, 0.04,999,999,5147.60,5.34, 0.16
30,999,999,6462.53,7.03, 0.18,999,999,2401.90,2.32, 0.08,999,999,1339.17,1.15, 0.05,999,999,5179.37,5.52, 0.17
30,998,998,6644.03,7.12, 0.18,1000,1000,2410.64,2.36, 0.08,999,999,1392.34,1.26, 0.05,998,998,5199.80,5.44, 0.17
30,997,997,6583.77,7.05, 0.18,999,999,2524.99,2.50, 0.08,1000,1000,1421.39,1.21, 0.05,999,999,5118.30,5.37, 0.17
30,998,998,6592.54,7.05, 0.17,1000,1000,2422.04,2.33, 0.07,1000,1000,1261.84,1.08, 0.04,1000,1000,5045.70,5.21, 0.16
30,997,997,6556.74,7.00, 0.17,999,999,2496.44,2.37, 0.08,999,999,1453.56,1.25, 0.05,997,997,5233.33,5.34, 0.17
30,997,997,6232.64,6.77, 0.17,999,999,2378.21,2.26, 0.08,999,999,1406.52,1.20, 0.04,996,996,5648.08,6.25, 0.19
30,991,991,6662.20,7.21, 0.19,1000,1000,2480.56,2.40, 0.08,999,999,1403.51,1.18, 0.05,997,997,5331.56,5.56, 0.18
30,996,996,6485.18,6.82, 0.18,999,999,2488.62,2.37, 0.08,999,999,1434.43,1.22, 0.05,1000,1000,5444.62,5.55, 0.18
30,994,994,6780.20,7.13, 0.18,999,999,2399.78,2.35, 0.08,999,999,1388.85,1.18, 0.04,998,998,5110.27,5.23, 0.16
30,997,997,6619.82,7.09, 0.17,1000,1000,2447.53,2.38, 0.08,1000,1000,1325.35,1.10, 0.04,999,999,5426.28,5.68, 0.17
30,995,995,6674.89,7.12, 0.18,1000,1000,2549.15,2.48, 0.08,1000,1000,1395.81,1.23, 0.04,998,998,5609.71,6.02, 0.18
30,1000,1000,6601.09,6.99, 0.16,998,998,2383.35,2.25, 0.07,999,999,1325.80,1.12, 0.04,998,998,5300.57,5.46, 0.16
30,997,997,6600.65,7.06, 0.17,999,999,2345.72,2.23, 0.07,999,999,1285.65,1.15, Infinity,998,998,5021.49,5.19, 0.16
30,998,998,6656.41,7.17, 0.18,1000,1000,2429.31,2.26, 0.08,1000,1000,1461.75,1.29, 0.05,1000,1000,5024.43,5.22, 0.17
30,996,996,6547.57,6.98, 0.17,1000,1000,2424.26,2.34, 0.08,1000,1000,1341.26,1.08, 0.04,998,998,5366.36,5.68, 0.17
30,997,997,6634.25,7.06, 0.17,1000,1000,2359.77,2.22, 0.07,1000,1000,1235.95,1.02, 0.04,998,998,5278.13,5.51, 0.17
30,996,996,6371.31,6.95, 0.18,1000,1000,2422.01,2.37, 0.08,1000,1000,1356.56,1.16, 0.04,1000,1000,5158.67,5.57, 0.18
40,999,999,6490.22,6.88, 0.13,999,999,2022.25,1.94, 0.05,999,999,1069.76,0.95, 0.03,998,998,5872.08,6.12, 0.15
40,1000,1000,6756.07,7.13, 0.13,1000,1000,1973.98,1.88, 0.05,1000,1000,1033.03,0.89, 0.02,1000,1000,5979.78,6.24, 0.15
40,999,999,6382.63,6.82, 0.12,1000,1000,1949.48,1.91, 0.05,1000,1000,1023.32,0.91, 0.02,1000,1000,5953.41,6.18, 0.14
40,1000,1000,6536.55,6.87, 0.12,1000,1000,2034.60,1.99, 0.05,1000,1000,1111.85,0.95, 0.02,1000,1000,5960.56,6.32, 0.14
40,999,999,6510.12,6.89, 0.12,1000,1000,2032.79,1.98, 0.05,1000,1000,1048.61,0.91, 0.02,1000,1000,5983.02,6.24, 0.14
40,999,999,6678.60,7.15, 0.13,1000,1000,2155.71,2.07, 0.05,1000,1000,1093.39,0.97, 0.03,1000,1000,5853.33,6.09, 0.15
40,999,999,6318.54,6.68, 0.12,1000,1000,2031.45,1.89, 0.05,1000,1000,1078.50,0.95, 0.03,1000,1000,5632.46,5.94, 0.14
40,1000,1000,6558.94,7.09, 0.12,1000,1000,2120.34,2.03, 0.05,1000,1000,1090.42,0.96, 0.03,1000,1000,6039.60,6.35, 0.15
40,997,997,6286.67,6.76, 0.12,999,999,2014.07,1.96, 0.05,1000,1000,1098.24,0.96, 0.03,1000,1000,5469.91,5.84, 0.14
40,997,997,6575.85,7.19, 0.13,1000,1000,2032.53,2.01, 0.05,1000,1000,1032.52,0.90, 0.02,1000,1000,5944.82,5.91, 0.15
40,1000,1000,6705.92,7.18, 0.13,1000,1000,2043.50,1.96, 0.05,1000,1000,1097.17,0.96, 0.03,1000,1000,6174.92,6.62, 0.15
40,1000,1000,6416.20,6.93, 0.13,1000,1000,2083.83,2.01, 0.05,1000,1000,1086.52,0.93, 0.03,1000,1000,5820.55,6.16, 0.15
40,1000,1000,6596.17,7.17, 0.12,1000,1000,1965.89,1.86, 0.05,1000,1000,1045.79,0.91, 0.02,1000,1000,5773.56,6.02, 0.14
40,1000,1000,6666.08,7.24, 0.12,1000,1000,2085.56,1.93, 0.05,1000,1000,1112.20,0.95, 0.02,1000,1000,5564.56,5.76, 0.13
40,996,996,6478.05,6.86, 0.12,1000,1000,2052.88,1.96, 0.05,1000,1000,1023.37,0.87, 0.02,999,999,6132.87,6.60, 0.14
40,999,999,6741.01,7.10, 0.13,1000,1000,2044.67,1.95, 0.05,1000,1000,1074.78,0.93, 0.03,1000,1000,6019.31,6.16, 0.15
40,997,997,6643.80,7.12, 0.13,999,999,1969.39,1.90, 0.05,999,999,1033.84,0.93, 0.03,999,999,5897.96,6.20, 0.15
40,997,997,6584.87,7.06, 0.12,1000,1000,2023.48,1.95, 0.05,1000,1000,1035.43,0.91, 0.02,998,998,5640.08,5.96, 0.14
40,1000,1000,6470.28,6.93, 0.13,1000,1000,1990.79,1.97, 0.05,1000,1000,1006.74,0.88, 0.03,1000,1000,5999.04,6.36, 0.15
40,998,998,6453.06,6.85, 0.12,1000,1000,2104.19,2.06, 0.05,1000,1000,1060.73,0.91, 0.02,999,999,5937.49,6.32, 0.15
50,1000,1000,6364.46,6.73, 0.11,1000,1000,1752.80,1.67, 0.04,1000,1000,912.77,0.80, 0.02,1000,1000,6362.14,6.67, 0.14
50,1000,1000,6253.81,6.73, 0.09,1000,1000,1799.94,1.73, 0.03,1000,1000,925.56,0.80, 0.02,1000,1000,6530.16,6.59, 0.12
50,1000,1000,6390.88,6.84, 0.10,1000,1000,1709.51,1.62, 0.03,1000,1000,911.54,0.78, 0.02,1000,1000,6289.77,6.74, 0.13
50,1000,1000,6481.55,6.72, 0.10,1000,1000,1760.37,1.72, 0.04,1000,1000,859.47,0.78, 0.02,1000,1000,6138.87,6.59, 0.12
50,1000,1000,6404.12,6.97, 0.10,1000,1000,1817.82,1.70, 0.04,1000,1000,924.62,0.77, 0.02,1000,1000,6726.46,7.06, 0.13
50,1000,1000,6584.56,7.03, 0.10,1000,1000,1746.80,1.61, 0.03,1000,1000,916.91,0.79, 0.02,1000,1000,6508.18,6.78, 0.12
50,1000,1000,6339.81,6.83, 0.10,1000,1000,1841.94,1.73, 0.04,1000,1000,1011.94,0.90, 0.02,1000,1000,6239.56,6.65, 0.13
50,1000,1000,6447.52,6.96, 0.09,1000,1000,1808.60,1.69, 0.03,1000,1000,892.57,0.79, 0.02,1000,1000,6678.47,7.02, 0.13
50,1000,1000,6557.15,7.09, 0.10,1000,1000,1758.21,1.68, 0.03,1000,1000,916.66,0.78, 0.02,1000,1000,6202.01,6.66, 0.13
50,1000,1000,6583.19,7.06, 0.10,1000,1000,1688.26,1.60, 0.03,1000,1000,872.40,0.78, 0.02,1000,1000,6377.57,6.76, 0.13
50,1000,1000,6515.11,6.86, 0.10,1000,1000,1748.82,1.69, 0.04,1000,1000,889.30,0.80, 0.02,1000,1000,6216.97,6.60, 0.13
50,999,999,6455.63,6.82, 0.09,1000,1000,1843.20,1.77, 0.03,1000,1000,951.92,0.85, 0.02,1000,1000,6375.14,6.65, 0.12
50,1000,1000,6314.69,6.84, 0.10,1000,1000,1807.33,1.72, 0.04,1000,1000,917.43,0.78, 0.02,1000,1000,6426.88,6.68, 0.13
50,1000,1000,6277.23,6.66, 0.10,1000,1000,1808.56,1.77, 0.04,1000,1000,951.90,0.85, 0.02,1000,1000,6366.25,6.76, 0.13
50,1000,1000,6448.58,6.96, 0.10,1000,1000,1740.79,1.69, 0.03,1000,1000,915.74,0.81, 0.02,1000,1000,6121.47,6.45, 0.13
50,1000,1000,6286.11,6.70, 0.10,1000,1000,1821.78,1.76, 0.04,1000,1000,932.46,0.83, 0.02,1000,1000,6673.69,7.27, 0.14
50,1000,1000,6577.98,6.96, 0.10,1000,1000,1753.79,1.67, 0.03,1000,1000,922.56,0.81, 0.02,1000,1000,6249.52,6.66, 0.12
50,1000,1000,6404.59,6.85, 0.10,1000,1000,1775.25,1.67, 0.03,1000,1000,876.10,0.74, 0.02,1000,1000,6594.43,6.94, 0.13
50,1000,1000,6465.56,6.93, 0.09,1000,1000,1816.07,1.74, 0.03,1000,1000,908.15,0.77, 0.02,1000,1000,6298.26,6.72, 0.12
50,999,999,6635.39,6.91, 0.10,1000,1000,1804.41,1.76, 0.04,1000,1000,887.54,0.77, 0.02,1000,1000,6291.26,6.75, 0.13
60,1000,1000,6457.63,6.91, 0.08,1000,1000,1490.03,1.42, 0.02,1000,1000,729.66,0.66, 0.01,1000,1000,6839.07,7.11, 0.11
60,999,999,6429.19,6.89, 0.08,1000,1000,1669.87,1.60, 0.03,1000,1000,846.87,0.75, 0.01,1000,1000,6741.27,7.11, 0.11
60,1000,1000,6383.99,6.88, 0.08,1000,1000,1597.56,1.51, 0.03,1000,1000,806.19,0.70, 0.01,1000,1000,6649.10,6.98, 0.11
60,1000,1000,6580.96,6.95, 0.09,1000,1000,1604.05,1.56, 0.03,1000,1000,771.99,0.69, 0.01,1000,1000,6967.23,7.29, 0.12
60,1000,1000,6408.08,6.77, 0.08,1000,1000,1474.61,1.42, 0.02,1000,1000,760.34,0.70, 0.01,1000,1000,6687.43,7.20, 0.11
60,1000,1000,6325.84,6.79, 0.08,1000,1000,1641.44,1.55, 0.03,1000,1000,855.39,0.76, 0.01,1000,1000,6630.21,7.05, 0.11
60,1000,1000,6612.25,7.10, 0.08,1000,1000,1710.73,1.60, 0.03,1000,1000,895.99,0.79, 0.01,1000,1000,7016.60,7.34, 0.12
60,1000,1000,6396.12,6.81, 0.09,1000,1000,1555.60,1.49, 0.03,1000,1000,760.01,0.68, 0.01,1000,1000,7022.46,7.42, 0.12
60,1000,1000,6287.74,6.67, 0.08,1000,1000,1594.38,1.51, 0.03,1000,1000,762.53,0.68, 0.01,1000,1000,6858.79,7.26, 0.11
60,1000,1000,6477.30,6.76, 0.08,1000,1000,1624.99,1.56, 0.03,1000,1000,836.77,0.73, 0.01,1000,1000,6684.72,7.01, 0.11
60,1000,1000,6331.96,6.76, 0.08,1000,1000,1514.43,1.41, 0.02,1000,1000,783.31,0.70, 0.01,1000,1000,6709.18,7.01, 0.11
60,1000,1000,6308.27,6.62, 0.08,1000,1000,1569.09,1.47, 0.02,1000,1000,779.15,0.69, 0.01,1000,1000,6991.44,7.44, 0.11
60,1000,1000,6335.86,6.84, 0.08,1000,1000,1523.04,1.47, 0.03,1000,1000,761.77,0.68, 0.01,1000,1000,6667.45,7.01, 0.12
60,1000,1000,6472.12,6.92, 0.08,1000,1000,1628.14,1.52, 0.03,1000,1000,854.35,0.75, 0.01,1000,1000,6902.60,7.36, 0.11
60,1000,1000,6378.18,6.89, 0.08,1000,1000,1618.46,1.53, 0.03,1000,1000,793.83,0.70, 0.01,1000,1000,6519.65,6.82, 0.11
60,1000,1000,6381.04,6.82, 0.08,1000,1000,1636.15,1.61, 0.03,1000,1000,801.86,0.71, 0.01,1000,1000,6747.52,7.23, 0.11
60,1000,1000,6453.97,6.88, 0.08,1000,1000,1610.88,1.57, 0.03,1000,1000,744.73,0.66, 0.01,1000,1000,6780.40,7.17, 0.12
60,1000,1000,6469.57,6.95, 0.08,1000,1000,1667.13,1.60, 0.03,1000,1000,893.57,0.81, 0.01,1000,1000,6938.52,7.34, 0.12
60,1000,1000,6753.47,7.18, 0.08,1000,1000,1554.09,1.45, 0.02,1000,1000,785.75,0.69, 0.01,1000,1000,6886.25,7.27, 0.11
60,1000,1000,6392.34,6.71, 0.08,1000,1000,1561.77,1.45, 0.02,1000,1000,847.17,0.73, 0.01,1000,1000,7095.32,7.45, 0.11
70,1000,1000,6329.17,6.76, 0.07,1000,1000,1507.13,1.45, 0.02,1000,1000,735.53,0.67, 0.01,1000,1000,7104.57,7.54, 0.11
70,1000,1000,6380.61,6.85, 0.07,1000,1000,1413.57,1.33, 0.02,1000,1000,716.48,0.64, 0.01,1000,1000,7089.04,7.43, 0.10
70,1000,1000,6323.93,6.60, 0.07,1000,1000,1369.94,1.29, 0.02,1000,1000,752.99,0.67, 0.01,1000,1000,7069.49,7.51, 0.11
70,1000,1000,6512.11,7.16, 0.07,1000,1000,1467.35,1.39, 0.02,1000,1000,760.55,0.69, 0.01,1000,1000,7031.47,7.44, 0.10
70,1000,1000,6428.16,6.90, 0.07,1000,1000,1494.06,1.41, 0.02,1000,1000,749.43,0.68, 0.01,1000,1000,6998.70,7.42, 0.10
70,1000,1000,6575.49,7.02, 0.07,1000,1000,1500.48,1.45, 0.02,1000,1000,741.10,0.67, 0.01,1000,1000,6963.70,7.45, 0.10
70,1000,1000,6522.83,6.96, 0.07,1000,1000,1432.01,1.33, 0.02,1000,1000,753.09,0.69, 0.01,1000,1000,7101.83,7.46, 0.10
70,1000,1000,6451.53,6.91, 0.07,1000,1000,1343.98,1.28, 0.02,1000,1000,697.29,0.64, 0.01,1000,1000,6740.12,7.19, 0.10
70,1000,1000,6277.88,6.76, 0.06,1000,1000,1442.58,1.38, 0.02,1000,1000,717.54,0.65, 0.01,1000,1000,6856.68,7.30, 0.10
70,1000,1000,6461.04,6.86, 0.06,1000,1000,1471.74,1.40, 0.02,1000,1000,728.50,0.65, 0.01,1000,1000,7192.07,7.61, 0.09
70,1000,1000,6387.83,6.80, 0.07,1000,1000,1400.87,1.35, 0.02,1000,1000,694.43,0.63, 0.01,1000,1000,7283.51,7.72, 0.10
70,1000,1000,6427.64,6.92, 0.07,1000,1000,1520.16,1.45, 0.02,1000,1000,787.16,0.70, 0.01,1000,1000,6977.70,7.42, 0.10
70,1000,1000,6147.40,6.54, 0.06,1000,1000,1436.81,1.36, 0.02,1000,1000,750.41,0.69, 0.01,1000,1000,7119.50,7.57, 0.10
70,1000,1000,6194.87,6.70, 0.07,1000,1000,1486.23,1.42, 0.02,1000,1000,704.71,0.63, 0.01,1000,1000,7008.74,7.36, 0.10
70,999,999,6402.89,6.92, 0.07,1000,1000,1452.99,1.43, 0.02,1000,1000,693.87,0.64, 0.01,1000,1000,7037.08,7.43, 0.10
70,1000,1000,6319.43,6.69, 0.07,1000,1000,1457.50,1.37, 0.02,1000,1000,756.63,0.70, 0.01,1000,1000,7137.56,7.58, 0.10
70,1000,1000,6367.80,6.83, 0.07,1000,1000,1449.15,1.35, 0.02,1000,1000,758.93,0.66, 0.01,1000,1000,7210.56,7.70, 0.10
70,1000,1000,6528.77,6.96, 0.07,1000,1000,1411.75,1.37, 0.02,1000,1000,726.32,0.66, 0.01,1000,1000,6960.42,7.35, 0.10
70,1000,1000,6543.66,7.01, 0.07,1000,1000,1445.63,1.36, 0.02,1000,1000,717.24,0.64, 0.01,1000,1000,7052.46,7.39, 0.10
70,1000,1000,6277.08,6.67, 0.06,1000,1000,1463.73,1.40, 0.02,1000,1000,729.27,0.65, 0.01,1000,1000,7390.60,7.82, 0.11
80,1000,1000,6376.66,6.80, 0.05,1000,1000,1359.99,1.30, 0.02,1000,1000,682.24,0.63, 0.01,1000,1000,7296.58,7.65, 0.09
80,1000,1000,6290.10,6.74, 0.06,1000,1000,1301.95,1.22, 0.02,1000,1000,707.90,0.65, 0.01,1000,1000,6740.30,7.18, 0.09
80,1000,1000,6363.64,6.79, 0.06,1000,1000,1352.56,1.28, 0.02,1000,1000,707.74,0.64, 0.01,1000,1000,7545.86,7.97, 0.09
80,1000,1000,6302.74,6.75, 0.06,1000,1000,1314.57,1.22, 0.02,1000,1000,693.48,0.61, 0.01,1000,1000,7287.37,7.68, 0.09
80,1000,1000,6442.62,6.83, 0.06,1000,1000,1348.55,1.29, 0.02,1000,1000,669.49,0.61, 0.01,1000,1000,7320.24,7.80, 0.10
80,1000,1000,6359.65,6.99, 0.06,1000,1000,1350.69,1.30, 0.02,1000,1000,678.70,0.64, 0.01,1000,1000,7120.49,7.53, 0.09
80,1000,1000,6192.59,6.61, 0.06,1000,1000,1351.29,1.30, 0.02,1000,1000,689.50,0.64, 0.01,1000,1000,7168.71,7.53, 0.09
80,1000,1000,6447.78,6.92, 0.06,1000,1000,1391.72,1.30, 0.02,1000,1000,735.84,0.66, 0.01,1000,1000,7505.41,8.05, 0.10
80,1000,1000,6351.79,6.69, 0.06,1000,1000,1306.31,1.21, 0.02,1000,1000,686.04,0.62, 0.01,1000,1000,7755.85,8.22, 0.10
80,1000,1000,6311.55,6.68, 0.06,1000,1000,1370.65,1.32, 0.02,1000,1000,688.46,0.64, 0.01,1000,1000,7188.42,7.58, 0.09
80,1000,1000,6272.13,6.66, 0.05,1000,1000,1294.02,1.23, 0.02,1000,1000,645.78,0.59, 0.01,1000,1000,7454.63,7.86, 0.09
80,1000,1000,6431.97,6.87, 0.06,1000,1000,1283.04,1.23, 0.02,1000,1000,683.70,0.65, 0.01,1000,1000,7218.11,7.67, 0.09
80,1000,1000,6258.86,6.77, 0.06,1000,1000,1292.75,1.22, 0.02,1000,1000,663.84,0.61, 0.01,1000,1000,7214.89,7.53, 0.09
80,1000,1000,6440.82,6.79, 0.06,1000,1000,1309.89,1.28, 0.02,1000,1000,648.59,0.61, 0.01,1000,1000,7328.03,7.80, 0.09
80,1000,1000,6422.25,6.89, 0.06,1000,1000,1265.75,1.20, 0.02,1000,1000,628.40,0.59, 0.01,1000,1000,7537.08,7.97, 0.09
80,1000,1000,6412.64,6.85, 0.06,1000,1000,1358.62,1.33, 0.02,1000,1000,677.23,0.64, 0.01,1000,1000,7003.62,7.39, 0.09
80,999,999,6238.09,6.58, 0.06,1000,1000,1327.10,1.29, 0.02,1000,1000,683.76,0.65, 0.01,1000,1000,7338.16,7.77, 0.09
80,1000,1000,6348.00,6.82, 0.06,1000,1000,1326.39,1.27, 0.02,1000,1000,695.45,0.64, 0.01,1000,1000,7441.53,7.83, 0.09
80,1000,1000,6254.93,6.75, 0.06,1000,1000,1278.19,1.22, 0.01,1000,1000,650.02,0.60, 0.01,1000,1000,7249.79,7.58, 0.09
80,1000,1000,6359.92,6.73, 0.05,1000,1000,1301.47,1.22, 0.01,1000,1000,707.16,0.66, 0.01,1000,1000,7563.57,7.94, 0.09
90,1000,1000,6378.58,6.84, 0.05,1000,1000,1143.41,1.09, 0.01,1000,1000,607.71,0.57, 0.01,1000,1000,7304.42,7.74, 0.08
90,1000,1000,6229.12,6.62, 0.05,1000,1000,1237.80,1.15, 0.01,1000,1000,663.84,0.61, 0.01,1000,1000,7571.12,7.95, 0.09
90,1000,1000,6383.14,6.89, 0.05,1000,1000,1300.81,1.21, 0.01,1000,1000,688.50,0.63, 0.01,1000,1000,7529.54,8.02, 0.08
90,1000,1000,6277.37,6.74, 0.05,1000,1000,1203.79,1.14, 0.01,1000,1000,641.93,0.59, 0.01,1000,1000,7271.82,7.73, 0.08
90,1000,1000,6329.86,6.68, 0.05,1000,1000,1239.51,1.19, 0.01,1000,1000,658.81,0.62, 0.01,1000,1000,7587.84,8.03, 0.08
90,1000,1000,6304.61,6.63, 0.05,1000,1000,1230.46,1.15, 0.01,1000,1000,619.35,0.57, 0.01,1000,1000,7526.07,7.75, 0.08
90,1000,1000,6664.30,7.18, 0.05,1000,1000,1208.51,1.14, 0.01,1000,1000,627.50,0.60, 0.01,1000,1000,7419.73,7.86, 0.08
90,1000,1000,6328.11,6.68, 0.05,1000,1000,1246.38,1.17, 0.01,1000,1000,664.36,0.61, 0.01,1000,1000,7470.26,7.96, 0.09
90,1000,1000,6064.39,6.41, 0.05,1000,1000,1231.27,1.18, 0.01,1000,1000,637.21,0.61, 0.01,1000,1000,7398.21,7.89, 0.08
90,1000,1000,6439.31,6.80, 0.06,1000,1000,1279.53,1.21, 0.01,1000,1000,660.07,0.60, 0.01,1000,1000,7445.37,7.80, 0.09
90,1000,1000,6292.79,6.73, 0.05,1000,1000,1219.81,1.14, 0.01,1000,1000,662.90,0.62, 0.01,1000,1000,7826.43,8.24, 0.08
90,1000,1000,6307.10,6.73, 0.05,1000,1000,1281.77,1.24, 0.01,1000,1000,617.12,0.58, 0.01,1000,1000,7437.81,7.84, 0.08
90,1000,1000,6537.57,7.03, 0.05,1000,1000,1210.18,1.15, 0.01,1000,1000,635.02,0.59, 0.01,1000,1000,7577.59,7.97, 0.08
90,1000,1000,6366.08,6.63, 0.05,1000,1000,1222.97,1.17, 0.01,1000,1000,641.08,0.60, 0.01,1000,1000,7584.88,8.05, 0.09
90,1000,1000,6306.08,6.82, 0.05,1000,1000,1289.34,1.23, 0.02,1000,1000,675.06,0.63, 0.01,1000,1000,7361.91,7.77, 0.09
90,1000,1000,6345.46,6.64, 0.05,1000,1000,1214.86,1.14, 0.01,1000,1000,632.28,0.59, 0.01,1000,1000,7691.99,8.11, 0.08
90,1000,1000,6204.31,6.51, 0.05,1000,1000,1213.42,1.14, 0.01,1000,1000,626.52,0.59, 0.01,1000,1000,7616.54,8.02, 0.08
90,1000,1000,6399.59,6.72, 0.05,1000,1000,1164.64,1.10, 0.01,1000,1000,650.59,0.59, 0.01,1000,1000,7339.12,7.76, 0.08
90,1000,1000,6317.98,6.70, 0.05,1000,1000,1271.10,1.22, 0.01,1000,1000,643.78,0.60, 0.01,1000,1000,7389.91,7.67, 0.08
90,1000,1000,6317.44,6.70, 0.05,1000,1000,1250.76,1.21, 0.01,1000,1000,653.98,0.61, 0.01,1000,1000,7531.80,7.85, 0.08
100,1000,1000,6071.97,6.38, 0.05,1000,1000,1166.72,1.13, 0.01,1000,1000,616.41,0.59, 0.01,1000,1000,7718.30,8.19, 0.08
100,1000,1000,6434.46,6.95, 0.05,1000,1000,1147.89,1.09, 0.01,1000,1000,612.84,0.57, 0.01,1000,1000,7633.21,8.12, 0.08
100,1000,1000,6308.99,6.70, 0.05,1000,1000,1195.57,1.14, 0.01,1000,1000,658.62,0.63, 0.01,1000,1000,7590.92,7.94, 0.08
100,1000,1000,6393.55,6.89, 0.04,1000,1000,1144.21,1.07, 0.01,1000,1000,606.07,0.58, 0.01,1000,1000,7620.29,8.03, 0.07
100,1000,1000,6311.38,6.79, 0.05,1000,1000,1187.17,1.14, 0.01,1000,1000,607.80,0.57, 0.01,1000,1000,8046.33,8.47, 0.08
100,1000,1000,6221.53,6.58, 0.05,1000,1000,1184.44,1.12, 0.01,1000,1000,635.07,0.59, 0.01,1000,1000,7672.88,8.15, 0.08
100,1000,1000,6222.57,6.72, 0.05,1000,1000,1146.29,1.09, 0.01,1000,1000,621.52,0.59, 0.01,1000,1000,7621.79,8.02, 0.08
100,1000,1000,6341.31,6.82, 0.05,1000,1000,1112.10,1.06, 0.01,1000,1000,592.32,0.56, 0.01,1000,1000,7727.82,8.09, 0.08
100,1000,1000,6211.26,6.52, 0.04,1000,1000,1166.00,1.11, 0.01,1000,1000,616.35,0.59, 0.01,1000,1000,7593.97,8.09, 0.08
100,1000,1000,6381.06,6.81, 0.05,1000,1000,1194.75,1.14, 0.01,1000,1000,636.68,0.60, 0.01,1000,1000,7400.34,7.90, 0.08
100,1000,1000,6272.38,6.72, 0.05,1000,1000,1169.52,1.12, 0.01,1000,1000,606.69,0.56, 0.01,1000,1000,7714.80,8.18, 0.08
100,1000,1000,6246.99,6.68, 0.05,1000,1000,1161.86,1.11, 0.01,1000,1000,601.25,0.57, 0.01,1000,1000,7369.06,7.85, 0.07
100,1000,1000,6369.15,6.76, 0.04,1000,1000,1182.27,1.12, 0.01,1000,1000,625.49,0.58, 0.01,1000,1000,7476.06,7.97, 0.07
100,1000,1000,6350.36,6.66, 0.05,1000,1000,1172.91,1.12, 0.01,1000,1000,639.99,0.60, 0.01,1000,1000,7716.93,8.18, 0.08
100,1000,1000,6354.16,6.82, 0.05,1000,1000,1138.64,1.07, 0.01,1000,1000,616.35,0.58, 0.01,1000,1000,7691.68,8.11, 0.08
100,1000,1000,6418.23,6.85, 0.04,1000,1000,1073.95,1.02, 0.01,1000,1000,595.07,0.56, 0.01,1000,1000,7724.43,8.09, 0.08
100,1000,1000,6155.22,6.52, 0.04,1000,1000,1160.97,1.10, 0.01,1000,1000,603.08,0.56, 0.01,1000,1000,7826.55,8.21, 0.08
100,1000,1000,6232.17,6.58, 0.04,1000,1000,1162.84,1.12, 0.01,1000,1000,609.92,0.58, 0.01,1000,1000,7702.05,8.11, 0.08
100,1000,1000,6017.96,6.55, 0.04,1000,1000,1175.09,1.12, 0.01,1000,1000,626.46,0.59, 0.01,1000,1000,7635.36,8.17, 0.08
100,1000,1000,6290.55,6.65, 0.05,1000,1000,1159.28,1.10, 0.01,1000,1000,627.97,0.59, 0.01,1000,1000,7836.03,8.16, 0.08
