,823,823,823,816,751,783,272,264,456,235,751,783,0.2788844621513944,0.12350597609561753,0.23306772908366533,0.1852589641434263,16.87051792828685,15.152390438247012,0.01593625498007968,0.014940239043824702,0.0,0.046812749003984064,0.24302788844621515,0.9292828685258964,6.245019920318725,5.562749003984064,6.199203187250996,5.2848605577689245,24.195219123505975,24.76195219123506,87.48386029411765,76.70696969696968,49.65861842105266,82.8465957446808,32.29226364846871,49.95799489144315
,1015,1015,1015,960,856,979,377,290,782,269,856,979,0.9211822660098522,0.6482758620689655,0.8472906403940886,0.6295566502463055,11.323152709359606,14.898522167487684,0.014778325123152709,0.014778325123152709,0.015763546798029555,0.12512315270935961,0.13793103448275862,1.5261083743842365,7.593103448275862,7.392118226600985,8.932019704433497,7.08768472906404,18.783251231527093,24.679802955665025,95.41148541114053,79.66941379310346,33.12888746803069,84.60111524163568,26.455432242990657,53.22983656792645
,1017,1017,1006,990,824,966,334,291,721,302,824,966,0.9331366764995084,0.4464110127826942,0.6145526057030481,0.4896755162241888,9.482792527040315,10.530973451327434,0.0,0.015732546705998034,0.0,0.06096361848574238,0.2448377581120944,1.4001966568338249,6.948869223205507,6.689282202556539,7.946902654867257,6.873156342182891,16.245821042281218,19.069813176007866,95.78541916167667,84.08013745704467,38.657711511789195,85.97864238410594,28.32911407766989,54.931583850931695
,948,948,948,937,816,907,310,277,591,284,816,907,0.45722713864306785,0.13864306784660768,0.4139626352015733,0.26548672566371684,10.261553588987217,10.979351032448378,0.0,0.0,0.0,0.07571288102261553,0.19862340216322516,0.960668633235005,6.12291052114061,5.982300884955753,6.738446411012783,6.0294985250737465,17.02851524090462,19.496558505408064,90.48538709677419,84.0112274368231,45.08768189509306,87.03654929577462,29.792549019607836,53.87945975744211
,956,956,952,936,819,901,336,295,623,291,819,901,0.44553483807654565,0.35328753680078506,0.26104023552502453,0.42983316977428854,15.77134445534838,12.525024533856723,0.0,0.015701668302257114,0.0,0.04612365063788027,0.19627085377821393,1.3150147203140334,6.383709519136408,6.277723258096173,7.425907752698724,6.552502453385673,23.42296368989205,20.95485770363101,90.95708333333334,84.4144406779661,42.20711075441413,84.89865979381443,27.925860805860804,53.43067702552716
,800,800,800,784,734,779,242,224,421,208,734,779,0.26195219123505975,0.1892430278884462,0.2340637450199203,0.20219123505976094,12.729083665338646,15.28784860557769,0.0,0.0,0.0,0.03187250996015936,0.14143426294820718,0.5418326693227091,5.127490039840637,5.084661354581673,6.124501992031872,5.1892430278884465,18.41434262948207,22.30378486055777,85.2723966942149,86.40513392857144,48.93213776722089,90.65120192307693,31.39638964577655,47.25234916559691
,939,939,939,928,812,908,290,283,585,285,812,908,0.41386138613861384,0.21782178217821782,0.4207920792079208,0.4524752475247525,14.711881188118811,10.17029702970297,0.0,0.0,0.0,0.047524752475247525,0.16930693069306932,1.099009900990099,6.054455445544554,6.0554455445544555,7.212871287128713,6.1623762376237625,21.46831683168317,18.277227722772277,96.67079310344829,84.77420494699643,43.189418803418775,85.30073684210527,27.995209359605926,50.5393502202643
,895,895,895,882,793,863,314,267,514,296,793,863,0.33629191321499013,0.21400394477317555,0.27613412228796846,0.2938856015779093,8.781065088757396,11.393491124260356,0.0,0.014792899408284023,0.0,0.0621301775147929,0.19723865877712032,0.8944773175542406,5.661735700197239,5.6923076923076925,6.785996055226825,5.874753451676528,15.291913214990139,19.086785009861934,85.2791082802548,84.43610486891387,44.75805447470817,73.95371621621622,29.442837326607812,51.06391657010428
,815,815,815,799,769,801,240,226,454,220,769,801,0.2765748031496063,0.18700787401574803,0.22933070866141733,0.22933070866141733,16.21456692913386,14.448818897637794,0.0,0.014763779527559055,0.0,0.031496062992125984,0.19980314960629922,0.5866141732283464,5.2795275590551185,5.284448818897638,6.0954724409448815,5.313976377952756,22.93996062992126,21.123031496062993,91.21049999999997,83.68247787610622,48.71969162995595,91.10736363636362,31.073289986996084,46.7395255930087
,804,804,804,794,740,763,241,239,436,216,740,763,0.31037924151696605,0.10878243512974052,0.1407185628742515,0.15768463073852296,15.457085828343313,9.982035928143713,0.0,0.0,0.0,0.0,0.17065868263473055,0.499001996007984,5.294411177644711,5.281437125748503,6.086826347305389,5.388223552894211,22.436127744510976,16.77944111776447,88.08863070539415,84.2357740585774,49.49871559633026,87.81921296296296,32.437162162162146,51.69795543905635
,1005,1005,1005,1000,851,952,365,303,743,285,851,952,1.2019900497512437,0.6646766169154229,0.663681592039801,0.32736318407960197,12.468656716417911,12.797014925373134,0.0,0.015920398009950248,0.015920398009950248,0.07761194029850746,0.30845771144278605,1.3223880597014925,7.230845771144279,6.983084577114428,8.24676616915423,6.8318407960199,19.681592039800996,22.322388059701492,102.4982465753425,88.00125412541252,33.285275908479136,91.21298245614034,25.047038777908355,56.22415966386556
,923,923,923,903,809,862,305,282,588,263,809,862,0.4955312810327706,0.21946375372393248,0.32671300893743793,0.3118172790466733,13.088381330685204,11.307845084409136,0.0,0.0,0.0,0.031777557100297914,0.24826216484607747,0.958291956305859,6.087388282025819,5.966236345580933,7.809334657398212,5.966236345580933,20.032770605759683,18.995034756703078,91.77006557377047,84.31751773049648,43.50574829931971,89.18102661596959,29.368393077873925,54.744037122969836
,910,910,906,865,827,881,292,265,609,264,827,881,0.5074775672981057,0.386839481555334,0.3160518444666002,0.6689930209371885,14.481555333998006,13.199401794616152,0.0,0.015952143569292122,0.0,0.047856430707876374,0.2033898305084746,0.9332003988035892,6.1595214356929215,6.189431704885344,7.217347956131605,6.177467597208375,21.218344965104684,21.61914257228315,90.9188698630137,84.6171320754717,38.244991789819416,79.66125000000005,29.110447400241846,49.880261066969325
,964,964,950,936,839,917,338,292,559,282,839,917,0.4161735700197239,0.2948717948717949,0.4161735700197239,0.3994082840236686,14.15680473372781,15.2465483234714,0.0,0.0,0.0,0.09467455621301775,0.21696252465483234,1.131163708086785,6.61439842209073,6.387573964497041,7.788954635108481,6.40138067061144,22.182445759368836,23.91715976331361,96.64446745562132,82.03616438356161,46.809516994633285,87.61996453900704,28.58224076281285,53.162148309705564
,803,803,803,798,737,770,256,243,453,242,737,770,0.33562992125984253,0.2470472440944882,0.35334645669291337,0.23228346456692914,12.003937007874017,11.143700787401574,0.0,0.0,0.015748031496062992,0.060039370078740155,0.08956692913385826,0.6269685039370079,4.9891732283464565,5.142716535433071,5.8799212598425195,5.297244094488189,18.059055118110237,17.888779527559056,89.93074218749996,78.33168724279832,43.877637969094955,78.7515702479339,29.772781546811405,49.67425974025973
,942,942,942,906,823,895,352,285,630,264,823,895,0.52324431256182,0.5123639960435212,0.44906033630069236,0.35113748763600394,9.402571711177053,10.67457962413452,0.01483679525222552,0.0,0.01582591493570722,0.04648862512363996,0.12265084075173097,0.9396636993076162,6.372898120672601,6.204747774480712,7.52917903066271,6.281899109792285,15.988130563798219,18.208704253214638,86.97940340909086,83.44526315789471,39.91065079365078,89.1302272727273,29.533402187120288,53.92740782122907
,744,744,744,743,710,734,222,222,354,208,710,734,0.10778443113772455,0.18762475049900199,0.14171656686626746,0.156686626746507,12.734530938123752,14.27944111776447,0.0,0.0,0.0,0.031936127744510975,0.10678642714570859,0.5139720558882236,5.198602794411178,5.216566866267465,5.932135728542915,5.18562874251497,19.601796407185628,21.85828343313373,86.97653153153153,87.73797297297298,56.9962711864407,90.84764423076922,32.08973239436619,46.94301089918257
,918,918,918,908,812,867,291,273,556,274,812,867,0.4891732283464567,0.1377952755905512,0.47539370078740156,0.1624015748031496,11.527559055118111,12.914370078740157,0.0,0.0,0.015748031496062992,0.031496062992125984,0.2608267716535433,0.844488188976378,5.818897637795276,5.790354330708661,6.493110236220472,5.590551181102362,18.533464566929133,20.790354330708663,91.02999999999993,87.62648351648353,43.684424460431664,85.88419708029194,28.52949507389164,54.338569780853504
,878,878,866,843,765,853,270,247,508,229,765,853,0.6202783300198808,0.3260437375745527,0.3290258449304175,0.3101391650099404,10.059642147117296,9.468190854870775,0.0,0.0,0.0,0.04771371769383698,0.17296222664015903,0.7504970178926441,6.295228628230617,6.095427435387674,6.486083499005964,6.063618290258449,17.33797216699801,17.566600397614312,98.68511111111113,80.21020242914977,43.41572834645668,87.68537117903931,30.09075816993463,51.61908558030482
,972,977,952,912,820,914,357,301,632,275,820,914,0.8550148957298908,0.6037735849056604,0.4657398212512413,0.2939424031777557,12.033763654419067,9.119165839126117,0.0,0.0,0.0,0.09235352532274081,0.15690168818272096,1.1747765640516385,6.568023833167826,6.399205561072493,7.12909632571996,6.180734856007945,18.699106256206555,16.93743793445879,91.53361344537817,82.4180398671096,39.55229430379747,81.03498181818182,27.91643902439024,52.64269146608314
,795,795,795,792,752,783,264,249,427,237,752,783,0.2770137524557957,0.07662082514734773,0.27603143418467585,0.15422396856581533,14.097249508840864,10.24950884086444,0.0,0.0,0.014734774066797643,0.05893909626719057,0.07367387033398821,0.6719056974459725,5.1031434184675835,5.029469548133595,5.578585461689587,4.966601178781925,19.93713163064833,17.405697445972496,85.94268939393933,80.26100401606429,50.93166276346602,83.47345991561177,32.581768617021275,52.01789272030649
,877,877,877,865,765,836,300,273,532,284,765,836,0.32435129740518964,0.16966067864271456,0.19760479041916168,0.3273453093812375,8.93812375249501,12.688622754491018,0.0,0.0,0.0,0.031936127744510975,0.2025948103792415,0.7295409181636726,5.648702594810379,5.702594810379241,6.803393213572854,5.700598802395209,15.040918163672655,21.219560878243513,87.35226666666667,81.95571428571427,44.46454887218042,84.85482394366194,29.75495424836603,53.18112440191389
,1016,1016,1015,959,858,966,383,303,773,283,858,966,1.06003937007874,0.8513779527559056,0.8612204724409449,0.3543307086614173,9.670275590551181,13.845472440944881,0.0,0.0,0.015748031496062992,0.12401574803149606,0.23228346456692914,1.389763779527559,7.50984251968504,7.397637795275591,8.169291338582678,7.033464566929134,16.44291338582677,23.023622047244096,97.80684073107047,79.99435643564357,33.60031047865459,83.08148409893994,27.36412587412586,53.11240165631473
,949,949,944,918,815,903,321,282,604,277,815,903,0.38461538461538464,0.2781065088757396,0.3796844181459566,0.3214990138067061,8.033530571992111,11.720907297830374,0.0,0.0,0.0,0.1232741617357002,0.22781065088757396,1.1548323471400395,6.261341222879684,6.045364891518737,6.84319526627219,6.050295857988166,14.171597633136095,19.752465483234715,91.72333333333334,84.86808510638295,42.85958609271523,85.75422382671478,28.76801226993865,53.465492801771866
,934,934,932,916,835,886,300,289,587,263,835,886,0.3531746031746032,0.2787698412698413,0.373015873015873,0.3244047619047619,10.681547619047619,10.711309523809524,0.0,0.0,0.0,0.15376984126984128,0.2003968253968254,0.9583333333333334,5.865079365079365,5.895833333333333,6.992063492063492,5.974206349206349,17.45734126984127,18.717261904761905,89.1324666666667,77.06256055363322,43.7845996592845,81.8196958174905,29.37251497005989,51.297968397291214
,923,923,920,893,815,882,322,291,577,280,815,882,0.44510385756676557,0.20178041543026706,0.5084075173095944,0.29574678536102866,11.847675568743819,8.870425321463896,0.0,0.01483679525222552,0.0,0.02967359050445104,0.1572700296735905,0.798219584569733,5.818991097922849,5.802176063303659,6.577645895153314,5.834817012858556,17.962413452027697,15.896142433234422,90.49714285714289,80.5546048109966,43.89514731369151,85.90464285714286,28.85125153374233,49.86041950113381
,935,935,930,911,820,890,303,270,632,284,820,890,0.5608782435129741,0.3263473053892216,0.4031936127744511,0.2634730538922156,13.040918163672655,25.67365269461078,0.0,0.0,0.0,0.031936127744510975,0.21357285429141717,0.8592814371257484,6.182634730538922,5.936127744510978,7.397205588822355,5.978043912175648,19.756487025948104,36.11477045908184,99.20108910891085,85.0738518518519,37.676867088607594,85.66172535211265,26.370439024390254,52.25978651685392
,833,833,833,832,752,799,265,251,445,258,752,799,0.1438423645320197,0.15073891625615762,0.13596059113300493,0.33793103448275863,13.16256157635468,11.239408866995074,0.0,0.0,0.0,0.015763546798029555,0.1724137931034483,0.6502463054187192,5.666995073891625,5.54975369458128,6.287684729064039,5.530049261083744,19.920197044334977,18.72906403940887,86.42984905660379,82.62800796812748,49.64880898876403,78.91437984496123,31.5060106382979,52.667271589486845
,941,941,938,905,826,899,313,274,609,267,826,899,0.6031589338598223,0.32675222112537017,0.4175715695952616,0.29516288252714706,9.925962487660415,13.683119447186575,0.0,0.0,0.01579466929911155,0.06120434353405726,0.1372161895360316,0.8923988153998026,6.499506416584403,6.3632773938795655,7.5616979269496545,6.405725567620928,16.679170779861796,22.374136229022707,92.3188178913738,82.58682481751825,40.66292282430213,85.0701872659176,27.77059322033898,51.20017797552838
,913,913,913,906,813,875,282,266,535,258,813,875,0.35334645669291337,0.19980314960629922,0.39763779527559057,0.22933070866141733,9.30511811023622,12.353346456692913,0.0,0.0,0.0,0.047244094488188976,0.20078740157480315,0.6624015748031497,5.959645669291339,5.75984251968504,7.155511811023622,5.881889763779528,15.690944881889763,20.084645669291337,86.18212765957449,79.32793233082705,42.41362616822431,84.91949612403097,27.328954489544902,49.85570285714287
,1003,1003,1003,964,834,958,398,296,701,279,834,958,1.2931206380857427,0.8524426719840479,0.638085742771685,0.6650049850448654,8.536390827517447,10.464606181455633,0.031904287138584245,0.015952143569292122,0.0,0.09272183449651047,0.4317048853439681,1.4915254237288136,7.5423728813559325,7.217347956131605,7.9182452642073775,6.858424725822532,15.476570289132603,19.848454636091724,108.47135678391965,78.84614864864866,37.26987161198287,88.00569892473116,26.242362110311756,55.492098121085576
,934,934,934,926,850,899,300,260,540,283,850,899,0.47581441263573543,0.21224086870681144,0.19743336623889438,0.23198420533070088,14.481737413622902,13.295162882527148,0.0,0.0,0.014807502467917079,0.03060217176702863,0.20039486673247778,0.8795656465942744,5.959526159921027,5.974333662388943,6.993089832181639,5.96248766041461,21.85587364264561,21.592300098716684,94.22353333333332,88.80765384615383,45.826333333333324,84.57409893992936,28.606247058823545,56.13777530589546
,1014,1014,1013,983,874,955,364,312,802,308,874,955,0.6443349753694582,0.30935960591133005,0.49261083743842365,0.5231527093596059,10.911330049261084,13.183251231527093,0.0,0.0,0.0,0.10837438423645321,0.2788177339901478,0.9231527093596059,6.467980295566503,6.5645320197044335,7.547783251231527,6.394088669950739,18.382266009852216,21.569458128078818,88.27571428571424,80.99929487179489,32.681995012468825,77.54577922077924,26.426075514874128,51.36317277486908
,967,968,960,930,818,933,320,283,637,267,818,933,0.5376237623762377,0.5742574257425742,0.6534653465346535,0.4782178217821782,13.497029702970297,13.544554455445544,0.0,0.0,0.0,0.030693069306930693,0.15346534653465346,1.3712871287128714,6.9970297029702975,6.751485148514852,7.896039603960396,6.596039603960396,21.484158415841584,23.480198019801982,101.51740625000004,85.31109540636045,38.83042386185244,85.31149812734083,28.144046454767725,52.90669882100748
,886,886,886,885,789,844,262,262,462,280,789,844,0.16748768472906403,0.17044334975369457,0.16945812807881774,0.2315270935960591,11.493596059113301,9.665024630541872,0.0,0.0,0.0,0.029556650246305417,0.1980295566502463,0.7655172413793103,5.86896551724138,5.763546798029557,7.023645320197044,5.900492610837438,17.99704433497537,18.107389162561578,86.81896946564882,84.42725190839693,52.51415584415584,82.58621428571428,30.481812420785815,48.842156398104244
,962,962,961,947,838,921,354,304,647,285,838,921,0.448,0.626,0.47,0.359,12.198,10.022,0.0,0.0,0.016,0.109,0.187,0.956,6.519,6.46,8.269,6.567,20.061,18.067,86.38192090395478,78.44842105263157,36.49494590417311,84.76915789473692,26.32362768496422,48.83453854505973
,817,817,817,814,760,792,245,236,420,241,760,792,0.281592039800995,0.2507462686567164,0.23184079601990049,0.12238805970149254,16.838805970149252,11.6,0.0,0.0,0.0,0.06069651741293532,0.2009950248756219,0.7442786069651741,5.370149253731343,5.261691542288557,6.164179104477612,5.307462686567164,23.378109452736318,18.960199004975124,90.98934693877553,86.05648305084742,50.76669047619046,80.09132780082989,31.128236842105256,50.91856060606059
,923,923,923,922,818,882,307,300,570,281,818,882,0.3228035538005923,0.29318854886475815,0.4471865745310958,0.36920039486673245,11.96051332675222,15.216189536031589,0.0,0.0,0.0,0.04738400789733465,0.18262586377097728,0.8894373149062191,6.007897334649556,6.193484698914117,7.409674234945705,6.189536031589339,18.69990128331688,23.822309970384996,86.29710097719868,80.32696666666665,42.78087719298245,79.1835231316726,30.070220048899742,52.59758503401361
,862,862,862,851,770,825,308,262,536,256,770,825,0.48554336989032904,0.21834496510468593,0.34097706879361916,0.12362911266201396,11.741774675972083,14.227318045862413,0.0,0.0,0.0,0.07776669990029911,0.13858424725822532,0.7497507477567298,5.893320039880359,5.9730807577268195,6.671984047856431,5.943170488534397,18.77467597208375,22.587238285144565,91.38964285714283,83.27183206106871,45.19285447761194,80.40726562500002,30.21083116883115,51.617503030303084
,930,930,930,919,820,887,323,273,609,290,820,887,0.5718533201189296,0.4182358771060456,0.4311199207135778,0.3855302279484638,12.625371655104063,16.033696729435086,0.0,0.0,0.0,0.030723488602576808,0.18731417244796827,1.083250743310208,6.182358771060456,6.369672943508424,6.960356788899901,6.247770069375619,19.004955401387512,24.761149653121905,93.21492260061916,88.87498168498172,38.54673234811167,81.41758620689654,26.792817073170742,52.32702367531006
,901,901,894,858,784,880,314,261,602,235,784,880,0.6554121151936445,0.4925521350546177,0.33962264150943394,0.3684210526315789,11.330685203574975,10.551142005958292,0.014895729890764648,0.0,0.0,0.10724925521350546,0.21747765640516387,1.0844091360476664,6.692154915590864,6.490566037735849,7.623634558093347,6.334657398212513,18.8987090367428,18.871896722939425,93.62792993630576,84.99168582375479,40.29765780730899,92.80114893617025,31.016288265306112,52.08426136363632
,912,912,909,897,790,859,289,275,543,262,790,859,0.32475247524752476,0.21782178217821782,0.3702970297029703,0.26534653465346536,15.758415841584158,13.781188118811881,0.0,0.0,0.0,0.07623762376237624,0.24752475247524752,0.7851485148514852,5.80990099009901,5.700990099009901,6.627722772277227,5.8376237623762375,22.397029702970297,21.65841584158416,85.36927335640137,80.8307272727273,44.927826887661176,88.39530534351145,27.962506329113918,50.29996507566937
,856,856,856,842,743,810,288,267,489,253,743,810,0.39303482587064675,0.21691542288557214,0.3572139303482587,0.2646766169154229,12.950248756218905,8.419900497512439,0.0,0.0,0.0,0.07661691542288557,0.27860696517412936,0.7761194029850746,5.744278606965175,5.807960199004975,6.458706467661692,5.683582089552239,19.60497512437811,15.64676616915423,91.13690972222224,76.68191011235956,48.083885480572604,86.30019762845852,30.96125168236877,50.751765432098786
,988,988,986,963,825,930,308,305,635,289,825,930,0.5601990049751244,0.37711442786069654,0.4845771144278607,0.2766169154228856,10.22089552238806,13.803980099502487,0.0,9.950248756218905E-4,0.014925373134328358,0.045771144278606964,0.29850746268656714,1.1701492537313434,6.380099502487562,6.425870646766169,7.973134328358209,6.352238805970149,17.18308457711443,22.634825870646765,95.7638961038961,81.48416393442625,39.64976377952757,77.59653979238752,27.436484848484852,53.02866666666665
,860,860,860,860,764,810,262,252,499,252,764,810,0.15476190476190477,0.2003968253968254,0.3878968253968254,0.2777777777777778,19.892857142857142,14.118055555555555,0.0,0.0,0.0,0.04563492063492063,0.23412698412698413,0.7777777777777778,5.865079365079365,5.680555555555555,6.750992063492063,5.679563492063492,28.58531746031746,22.572420634920636,90.88049618320612,82.370873015873,46.54110220440883,84.56738095238093,30.91395287958116,54.14730864197531
,812,812,812,812,751,787,240,234,398,238,751,787,0.218562874251497,0.2345309381237525,0.14271457085828343,0.09281437125748503,18.67864271457086,12.048902195608783,0.0,0.0,0.0,0.0,0.12275449101796407,0.36926147704590817,5.324351297405189,5.280439121756487,5.825349301397206,5.2604790419161676,26.35828343313373,19.459081836327346,84.60983333333333,79.24747863247862,51.20427135678393,77.70079831932775,31.13828229027962,47.098576874205854
,920,920,913,895,786,890,292,268,527,277,786,890,0.6482213438735178,0.2608695652173913,0.3073122529644269,0.29150197628458496,9.74901185770751,8.513833992094861,0.06225296442687747,0.0,0.0,0.015810276679841896,0.2025691699604743,0.7766798418972332,5.937747035573122,5.967391304347826,6.708498023715415,5.9357707509881426,16.15909090909091,15.538537549407115,92.81393835616436,91.33287313432841,46.56984819734344,84.37227436823109,29.861323155216297,52.37071910112358
,922,922,922,902,817,893,320,282,606,289,817,893,0.5249500998003992,0.281437125748503,0.3602794411177645,0.3313373253493014,13.174650698602795,13.977045908183634,0.0,0.0,0.0,0.06187624750499002,0.24850299401197604,0.9610778443113772,6.023952095808383,6.0249500998003995,6.976047904191617,6.167664670658683,20.160678642714572,22.348303393213573,90.13259374999997,80.6101418439716,39.25303630363035,81.52702422145332,26.702509179926558,50.39367301231802
,920,920,920,920,798,883,279,260,556,270,798,883,0.47110675808031344,0.24289911851126347,0.1831537708129285,0.2899118511263467,9.671890303623899,10.86875612144956,0.0,0.0,0.0,0.04505386875612145,0.15377081292850148,0.8961802154750245,5.962781586679726,5.959843290891283,6.938295788442703,5.9608227228207635,15.936336924583742,19.494613124387854,94.51623655913978,86.33961538461539,42.97778776978418,90.26155555555555,28.810977443609012,50.82712344280862
,885,885,885,883,795,848,284,274,484,265,795,848,0.17082917082917082,0.24975024975024976,0.2017982017982018,0.25074925074925075,11.427572427572427,14.022977022977024,0.0,0.0,0.0,0.030969030969030968,0.21678321678321677,0.7592407592407593,5.4715284715284715,5.37962037962038,6.547452547452547,5.55044955044955,17.907092907092906,21.82817182817183,82.82809859154929,78.13638686131388,47.264318181818204,79.43849056603779,30.26003773584906,52.1843632075472
,986,986,986,977,825,936,309,302,640,320,825,936,0.5850540806293019,0.46214355948869223,0.39823008849557523,0.5054080629301868,10.291052114060964,10.129793510324484,0.0,0.0,0.0,0.08947885939036382,0.21337266470009833,1.1376597836774829,6.244837758112094,6.182890855457227,7.535889872173058,6.366764995083579,16.829891838741396,18.843657817109143,95.97906148867315,83.21708609271523,43.91031249999999,82.54859374999998,28.633781818181816,50.98838675213676
,939,939,939,935,818,888,299,297,584,299,818,888,0.324,0.172,0.465,0.308,13.656,11.748,0.0,0.0,0.0,0.016,0.229,1.111,6.567,6.522,7.722,6.709,21.451,20.776,90.73220735785958,83.15454545454544,42.587037671232885,82.1287959866221,27.49523227383864,50.84093468468469
,868,868,868,862,772,826,283,250,498,247,772,826,0.31274900398406374,0.14143426294820718,0.45119521912350596,0.199203187250996,14.137450199203187,12.681274900398407,0.0,0.0,0.0,0.014940239043824702,0.21713147410358566,0.6195219123505976,5.752988047808765,5.473107569721115,6.837649402390438,5.643426294820717,20.60358565737052,19.75199203187251,87.30713780918725,83.97599999999994,44.827891566265095,88.29210526315784,28.92629533678755,52.686077481840215
,1006,1006,1003,954,845,938,343,292,752,291,845,938,1.0790513833992095,0.7529644268774703,0.8310276679841897,0.49308300395256915,8.555335968379447,9.311264822134387,0.0,0.0,0.0,0.12055335968379446,0.3241106719367589,1.4555335968379446,7.230237154150197,7.1521739130434785,7.939723320158103,6.8270750988142295,15.67786561264822,17.795454545454547,104.57906705539368,86.472705479452,33.47662234042553,84.46161512027491,25.745704142011828,55.61383795309168
,1010,1010,999,972,875,950,347,305,768,300,875,950,0.9277227722772278,0.6504950495049505,0.697029702970297,0.4613861386138614,11.3990099009901,10.268316831683169,0.0,0.0,0.0,0.07821782178217822,0.200990099009901,1.5821782178217823,7.42970297029703,7.058415841584158,8.788118811881189,7.011881188118812,18.69009900990099,20.0009900990099,96.84342939481272,83.59937704918036,33.647838541666665,82.36996666666666,25.225417142857136,54.28596842105262
,984,984,984,967,830,938,342,288,703,296,830,938,1.0494071146245059,0.5405138339920948,0.48122529644268774,0.5731225296442688,12.172924901185771,10.784584980237154,0.03162055335968379,0.0,0.0,0.09189723320158102,0.29446640316205536,1.2509881422924902,7.124505928853755,6.937747035573122,8.713438735177865,6.8438735177865615,19.284584980237153,18.943675889328063,98.90590643274851,82.59274305555557,36.23166429587481,83.95993243243245,27.11560240963854,51.45788912579959
,994,994,991,963,843,924,351,293,652,282,843,924,0.49603174603174605,0.3869047619047619,0.5575396825396826,0.35615079365079366,10.04265873015873,12.078373015873016,0.0,0.0,0.0,0.061507936507936505,0.25,1.2073412698412698,6.595238095238095,6.468253968253968,7.491071428571429,6.608134920634921,17.08730158730159,20.675595238095237,86.65575498575502,85.6192150170648,40.68277607361965,83.15925531914891,26.6282206405694,49.926179653679654
,825,825,824,823,740,805,244,240,395,248,740,805,0.24752475247524752,0.2633663366336634,0.15544554455445544,0.1405940594059406,15.725742574257426,19.77128712871287,0.0,0.0,0.0,0.030693069306930693,0.07524752475247524,0.7277227722772277,5.575247524752475,5.467326732673268,6.379207920792079,5.59009900990099,22.69108910891089,28.33960396039604,83.17143442622948,83.97695833333331,53.58068354430382,83.9017741935484,31.931067567567563,49.699925465838504
,939,939,934,913,821,884,298,269,590,270,821,884,0.40279162512462613,0.45164506480558325,0.45164506480558325,0.21734795613160518,11.689930209371884,17.56829511465603,0.0,0.014955134596211365,0.015952143569292122,0.047856430707876374,0.3120638085742772,1.1425722831505483,6.518444666001994,6.469591226321037,8.135593220338983,6.561316051844466,18.44765702891326,28.7098703888335,91.38114093959732,78.95724907063202,41.39645762711862,83.91225925925926,27.638781973203407,52.17171945701357
,963,963,963,945,865,925,345,289,707,297,865,925,0.6968190854870775,0.4821073558648111,0.40357852882703776,0.5268389662027833,13.486083499005964,11.73061630218688,0.0,0.0,0.0,0.09542743538767395,0.17196819085487078,1.1451292246520874,6.620278330019881,6.498011928429423,8.326043737574553,6.481113320079523,20.422465208747514,20.04075546719682,91.59913043478261,77.23079584775083,35.6447100424328,81.8769023569024,26.41384971098266,54.429654054054076
,904,904,904,904,796,859,289,282,537,290,796,859,0.26129666011787817,0.27406679764243613,0.3988212180746562,0.19646365422396855,13.428290766208251,12.370333988212181,0.0,0.0,0.0,0.04616895874263261,0.2907662082514735,0.8113948919449901,5.715127701375246,5.839882121807466,6.653241650294696,5.9636542239685655,20.216110019646365,19.832023575638505,88.46121107266436,80.264609929078,43.31171322160148,82.82575862068967,30.092261306532663,51.25358556461
,927,927,924,900,814,893,310,280,590,275,814,893,0.375,0.218,0.459,0.299,11.448,12.079,0.0,0.031,0.0,0.048,0.187,0.878,6.303,6.163,7.146,6.067,18.064,20.317,94.21480645161284,81.15467857142856,43.62927118644068,87.2293818181818,27.774508599508597,53.318958566629334
,830,830,830,821,774,802,272,251,471,249,774,802,0.2143569292123629,0.20139581256231306,0.3100697906281156,0.2502492522432702,11.002991026919242,12.656031904287138,0.0,0.0,0.0,0.047856430707876374,0.21635094715852443,0.7816550348953141,5.036889332003988,5.132602193419741,5.833499501495513,5.228315054835494,16.56729810568295,19.283150548354936,82.75841911764705,80.6605577689243,46.29326963906582,77.51863453815263,31.839405684754517,50.23407730673314
,930,930,930,927,828,885,317,298,588,287,828,885,0.3260437375745527,0.18290258449304175,0.3717693836978131,0.3121272365805169,10.295228628230616,8.828031809145129,0.0,0.015904572564612324,0.0,0.030815109343936383,0.1242544731610338,0.668986083499006,6.403578528827038,6.26441351888668,7.382703777335984,6.174950298210735,17.073558648111334,16.60934393638171,78.66498422712934,77.69479865771811,43.27166666666665,79.3080836236934,28.17250000000001,50.049864406779655
,979,979,979,978,842,946,330,304,726,278,842,946,1.4145129224652087,0.9622266401590457,0.9333996023856859,0.9165009940357853,9.821073558648111,13.214711729622266,0.0,0.0,0.015904572564612324,0.1550695825049702,0.3687872763419483,1.565606361829026,8.219681908548708,8.095427435387673,9.073558648111332,7.614314115308151,17.86182902584493,24.467196819085487,104.50103030303032,84.2127960526316,34.57078512396698,89.9643165467626,25.3314133016627,52.28731501057082
,944,944,939,923,826,907,305,269,563,254,826,907,0.35650446871896724,0.21648460774577954,0.27805362462760674,0.34061569016881826,11.909632571996028,9.464746772591857,0.0,0.0,0.0,0.04667328699106256,0.2035749751737835,0.9304865938430983,6.17974180734856,6.182720953326713,7.049652432969215,6.199602780536246,18.824230387288978,16.99006951340616,91.19973770491801,84.4949442379182,43.46783303730017,86.5760236220472,26.4558837772397,50.68638368246969
,933,933,933,912,825,886,309,285,596,286,825,886,0.5361328125,0.36328125,0.4599609375,0.484375,15.0419921875,10.8291015625,0.0,0.0,0.0,0.0908203125,0.16796875,1.2197265625,6.2763671875,6.03515625,6.8251953125,6.171875,21.5419921875,19.0703125,96.95194174757283,79.60014035087715,40.71859060402684,85.32951048951041,28.585272727272727,53.69867945823926
,963,963,946,919,844,929,325,328,669,290,844,929,0.7366863905325444,0.4280078895463511,0.645956607495069,0.3875739644970414,9.798816568047338,12.069033530571993,0.0,0.0,0.0,0.03155818540433925,0.20216962524654833,1.2416173570019724,7.045364891518737,6.957593688362919,8.001972386587772,6.968441814595661,17.462524654832347,21.71005917159763,98.79849230769229,79.62536585365851,37.50766816143496,83.75658620689654,27.86622037914691,53.93496232508073
,1008,1008,1008,1008,867,972,353,287,806,298,867,972,1.5376984126984128,1.1716269841269842,0.9434523809523809,0.6934523809523809,9.924603174603174,13.37797619047619,0.02976190476190476,0.0,0.0,0.13988095238095238,0.32242063492063494,1.8878968253968254,8.264880952380953,7.911706349206349,9.705357142857142,7.783730158730159,17.92063492063492,23.988095238095237,108.77838526912188,84.94421602787456,31.9790570719603,89.50610738255037,26.563967704728952,54.36584362139916
,939,939,939,931,826,891,329,297,656,286,826,891,0.7365805168986084,0.38767395626242546,0.5288270377733598,0.40457256461232605,14.031809145129225,9.951292246520875,0.0,0.0,0.0,0.09343936381709742,0.18687872763419483,1.0854870775347913,6.824055666003976,6.686878727634195,8.23558648111332,6.749502982107356,22.17693836978131,18.820079522862823,91.25659574468085,77.0924915824916,36.59567073170733,81.56510489510491,27.483184019370462,53.06925925925926
,889,889,889,878,770,830,306,266,540,289,770,830,0.38469184890656066,0.3558648111332008,0.3081510934393638,0.21570576540755468,15.049701789264413,12.121272365805169,0.0,0.0,0.0,0.04771371769383698,0.17196819085487078,0.9662027833001988,6.000994035785288,5.912524850894632,7.2286282306163026,6.000994035785288,22.45427435387674,21.710735586481114,89.26408496732026,80.4675187969925,43.22240740740738,82.54442906574394,30.589740259740257,52.2653373493976
,734,734,734,732,693,713,245,234,373,218,693,713,0.23023715415019763,0.16699604743083005,0.18675889328063242,0.10869565217391304,12.477272727272727,11.453557312252965,0.0,0.0,0.0,0.0,0.19861660079051383,0.4150197628458498,4.640316205533597,4.67193675889328,5.645256916996048,4.705533596837944,18.17885375494071,17.574110671936758,84.7684897959184,81.9810683760684,55.487426273458446,85.71678899082565,33.322987012987014,53.52151472650771
,841,841,841,829,761,812,285,236,498,253,761,812,0.37662337662337664,0.21878121878121878,0.23676323676323677,0.18581418581418582,13.875124875124875,13.813186813186814,0.0,0.0,0.0,0.015984015984015984,0.2007992007992008,0.8931068931068931,5.593406593406593,5.4585414585414584,6.206793206793207,5.501498501498501,20.541458541458542,20.96203796203796,87.54989473684215,92.08296610169491,47.856526104417675,86.1275889328063,31.179908015768724,49.17496305418714
,957,957,954,923,834,899,322,313,643,308,834,899,0.6172106824925816,0.3897131552917903,0.45103857566765576,0.4025717111770524,12.1513353115727,11.356083086053413,0.0,0.0,0.0,0.04648862512363996,0.34124629080118696,0.9426310583580614,6.341246290801187,6.218595450049456,7.347181008902077,6.282888229475766,19.551928783382788,19.25717111770524,96.3467391304348,77.93265175718857,40.1353032659409,85.36827922077917,27.41076738609113,53.36498331479423
,941,941,940,914,802,901,321,279,575,255,802,901,0.44653465346534654,0.3702970297029703,0.4623762376237624,0.32772277227722774,9.522772277227723,9.236633663366337,0.0,0.0,0.0,0.07821782178217822,0.15544554455445544,0.7574257425742574,5.824752475247525,5.76039603960396,7.137623762376237,5.916831683168317,15.197029702970298,16.73168316831683,93.01501557632399,85.10082437275983,45.64283478260869,89.90168627450983,28.173740648379066,56.17657047724754
,887,887,887,886,815,861,278,281,500,274,815,861,0.26176470588235295,0.21568627450980393,0.21176470588235294,0.19901960784313724,11.491176470588234,13.36078431372549,0.0,0.0,0.0,0.01568627450980392,0.1676470588235294,0.5186274509803922,5.81078431372549,5.798039215686274,6.443137254901961,5.950980392156863,18.26372549019608,21.187254901960785,91.53302158273382,81.84854092526696,47.78768000000002,82.45762773722632,29.035006134969343,49.24860627177701
,940,940,940,922,845,889,303,281,594,284,845,889,0.3206256109481916,0.2619745845552297,0.3196480938416422,0.3362658846529814,11.392961876832844,11.478983382209188,0.0,0.015640273704789834,0.0,0.044965786901270774,0.32160312805474095,0.9921798631476051,6.161290322580645,6.0068426197458455,6.90811339198436,6.207233626588465,18.055718475073313,19.53567937438905,90.31640264026403,78.29284697508898,42.86994949494951,80.64161971830988,27.40123076923077,52.12735658042745
,1012,1012,1012,997,862,993,378,304,804,319,862,993,1.2005928853754941,0.7816205533596838,0.8300395256916996,0.49407114624505927,8.83498023715415,11.851778656126482,0.029644268774703556,0.0,0.0,0.06225296442687747,0.274703557312253,1.6225296442687747,7.523715415019763,7.554347826086956,8.633399209486166,7.1353754940711465,15.784584980237154,21.82114624505929,97.82185185185182,88.2389144736842,32.510534825870664,82.3145141065831,25.866867749419963,53.17456193353475
,974,974,969,954,832,922,318,294,583,293,832,922,0.6133464180569186,0.42983316977428854,0.23159960745829244,0.30618253189401373,12.181550539744848,12.827281648675172,0.0,0.0,0.03042198233562316,0.029440628066732092,0.21589793915603533,1.2119725220804711,6.68792934249264,6.8125613346418055,7.672227674190383,6.691854759568204,19.854759568204123,21.68596663395486,85.53367924528301,81.58431972789114,46.876998284734135,84.35860068259389,28.34852163461539,51.42202819956616
,905,905,904,895,805,867,276,271,503,271,805,867,0.3869047619047619,0.25,0.20238095238095238,0.4146825396825397,10.704365079365079,15.48611111111111,0.0,0.0,0.0,0.04662698412698413,0.15178571428571427,0.8194444444444444,6.3313492063492065,6.128968253968254,6.629960317460317,6.2688492063492065,17.44345238095238,24.933531746031747,88.22097826086959,86.12014760147603,44.83387673956266,86.13431734317345,28.33450931677019,50.327670126874274
,1003,1003,987,956,819,947,367,299,635,304,819,947,0.7308075772681955,0.38584247258225324,0.6041874376869392,0.4476570289132602,12.759720837487537,10.321036889332005,0.0,0.0,0.0,0.10867397806580259,0.3270189431704885,1.308075772681954,6.732801595214357,6.751744765702892,8.136590229312064,6.577268195413759,20.15752741774676,18.93419740777667,92.04283378746594,83.97063545150499,42.612047244094505,85.57355263157899,28.592075702075693,50.79889123548048
,934,934,934,925,792,879,291,272,530,267,792,879,0.43478260869565216,0.3092885375494071,0.33992094861660077,0.4031620553359684,14.726284584980236,12.436758893280633,0.0,0.0,0.0,0.07707509881422925,0.3547430830039526,0.7984189723320159,6.58399209486166,6.381422924901186,6.985177865612648,6.538537549407114,22.288537549407113,20.530632411067195,96.6194501718213,81.12687499999998,45.83928301886794,92.97689138576779,28.992196969696977,50.855733788395916
,942,942,942,938,840,906,335,275,672,282,840,906,1.024582104228122,0.6302851524090463,0.640117994100295,0.5978367748279253,10.47787610619469,9.175024582104228,0.014749262536873156,0.0,0.014749262536873156,0.061946902654867256,0.2143559488692232,1.710914454277286,7.132743362831858,6.978367748279252,7.899705014749262,6.763028515240904,17.686332350049163,18.244837758112094,106.53268656716426,87.45098181818177,34.80842261904761,85.1630141843972,27.663642857142836,55.83023178807949
,977,977,977,965,829,931,337,296,617,304,829,931,0.47964250248262164,0.3247269116186693,0.4915590863952334,0.2810327706057597,12.110228401191659,16.435948361469713,0.0,0.0,0.0,0.06156901688182721,0.26514399205561073,1.1578947368421053,6.7249255213505466,6.443892750744786,8.180734856007945,6.63356504468719,19.737835153922543,25.290963257199603,87.79964391691395,82.61070945945941,44.35021069692058,80.94355263157898,29.997153196622435,53.55517722878625
,767,767,767,747,730,732,245,225,440,244,730,732,0.3886113886113886,0.1878121878121878,0.2827172827172827,0.22477522477522477,12.025974025974026,10.047952047952048,0.0,0.0,0.0,0.030969030969030968,0.1258741258741259,0.5114885114885115,4.973026973026973,5.066933066933067,5.908091908091908,5.274725274725275,17.814185814185816,16.866133866133865,91.47073469387756,87.98137777777785,48.96747727272726,81.49081967213115,32.46061643835616,50.374781420765025
,937,937,919,887,794,896,310,281,575,285,794,896,0.5139720558882236,0.4091816367265469,0.2624750499001996,0.4221556886227545,10.656686626746508,12.057884231536926,0.0,0.0,0.014970059880239521,0.10978043912175649,0.26646706586826346,1.1047904191616766,6.430139720558882,6.2445109780439125,7.411177644710579,6.323353293413174,17.531936127744512,21.534930139720558,96.71054838709675,87.37925266903912,42.297252173913044,84.22108771929824,27.66955919395465,51.31287946428572
,999,1000,980,940,837,931,339,316,682,308,837,931,0.6388059701492538,0.6398009950248756,0.6199004975124378,0.40298507462686567,11.598009950248755,10.046766169154228,0.0,0.0,0.015920398009950248,0.046766169154228855,0.2646766169154229,1.1482587064676617,6.846766169154229,6.861691542288558,7.685572139303482,6.988059701492538,18.471641791044775,18.907462686567165,93.38061946902661,82.20458860759496,36.56740469208212,77.23113636363635,25.7415531660693,53.43113856068748
,922,922,922,909,806,875,296,274,569,274,806,875,0.38866799204771374,0.12624254473161034,0.23161033797216699,0.31510934393638174,13.192842942345925,10.400596421471173,0.0,0.0,0.0,0.04970178926441352,0.21669980119284293,0.6461232604373758,5.986083499005964,5.987077534791252,7.427435387673956,5.883697813121272,20.45328031809145,18.11431411530815,91.75114864864865,89.63905109489055,43.94622144112476,85.07850364963502,29.216352357320083,52.130708571428556
,912,912,912,896,807,873,293,243,564,274,807,873,0.5540275049115914,0.23084479371316308,0.3506876227897839,0.30648330058939094,10.6237721021611,13.081532416502947,0.0,0.0,0.0,0.0756385068762279,0.24459724950884087,0.7838899803536346,5.806483300589391,5.719056974459725,6.820235756385069,5.898821218074656,17.140471512770137,21.224950884086443,88.157747440273,92.53580246913582,46.00858156028366,91.2032116788322,29.855489467162336,49.5041809851088
,883,883,883,878,787,849,273,254,484,257,787,849,0.2796019900497512,0.2796019900497512,0.2915422885572139,0.2626865671641791,13.712437810945273,16.702487562189056,0.0,0.0,0.0,0.0626865671641791,0.18706467661691542,0.8676616915422886,5.866666666666666,5.728358208955224,7.014925373134329,5.821890547263681,20.86268656716418,25.38507462686567,90.32043956043958,81.49460629921266,47.072603305785115,83.9256420233463,29.68912325285895,52.04441696113072
,941,941,941,920,836,889,324,276,589,281,836,889,0.4499504459861249,0.20218037661050545,0.2933597621407334,0.20118929633300298,12.130822596630328,11.064420218037661,0.0,0.0,0.0,0.04658077304261645,0.22893954410307235,1.1110009910802776,6.21605550049554,6.479682854311199,7.438057482656095,6.186323092170466,18.54013875123885,19.617443012884042,85.40391975308644,78.1070652173913,40.958421052631586,79.82661921708183,27.02687799043062,52.27282339707534
,840,840,840,840,751,804,244,253,434,250,751,804,0.1689453125,0.1513671875,0.24609375,0.322265625,11.736328125,13.861328125,0.0,0.0,0.0,0.0302734375,0.201171875,0.4912109375,5.728515625,5.7119140625,6.400390625,5.775390625,17.779296875,22.5751953125,95.4589344262295,82.5867984189723,51.244078341013825,90.48516000000005,30.32286284953395,50.431691542288576
,924,924,924,923,801,880,286,248,531,249,801,880,0.3592814371257485,0.218562874251497,0.48602794411177647,0.312375249500998,14.464071856287426,13.50499001996008,0.0,0.0,0.0,0.046906187624750496,0.18762475049900199,0.8702594810379242,5.822355289421158,5.870259481037924,6.8812375249501,5.88622754491018,22.012974051896208,21.622754491017965,86.64874125874127,89.10145161290322,48.504331450094185,91.4689156626506,28.580861423220984,48.6483068181818
,868,868,868,861,778,827,267,238,467,230,778,827,0.29458128078817736,0.17339901477832512,0.3044334975369458,0.1566502463054187,11.593103448275862,10.155665024630542,0.0,0.0,0.0,0.04532019704433497,0.15172413793103448,0.69064039408867,5.608866995073892,5.502463054187192,6.258128078817734,5.533990147783252,18.12709359605911,17.72118226600985,89.51404494382017,84.90533613445385,48.07441113490365,89.64717391304352,30.494447300771213,51.04431680773879
,963,963,962,927,816,923,326,302,617,285,816,923,0.512388503468781,0.3557978196233895,0.43310208126858274,0.354806739345887,12.641228939544103,11.902874132804758,0.0,0.0,0.0,0.061446977205153616,0.21704658077304262,0.9355797819623389,6.203171456888008,6.275520317145689,7.160555004955401,6.417244796828543,19.40436075322101,20.49157581764123,92.79604294478524,79.52003311258278,40.28774716369529,82.33445614035088,27.510698529411755,51.14242686890573
,897,897,897,895,786,867,297,257,526,262,786,867,0.24509803921568626,0.2,0.2901960784313726,0.3205882352941177,13.511764705882353,13.877450980392156,0.0,0.0,0.0,0.03137254901960784,0.21470588235294116,0.8166666666666667,5.750980392156863,5.765686274509804,7.1872549019607845,5.920588235294118,20.416666666666668,22.455882352941178,91.00606060606067,86.39762645914402,46.359410646387836,85.78759541984736,29.310216284987273,51.174256055363315
,916,916,916,903,803,870,298,286,549,274,803,870,0.351431391905232,0.32477788746298125,0.42941757156959526,0.24777887462981243,13.099703849950641,13.937808489634747,0.0,0.0,0.0,0.03060217176702863,0.20236920039486672,0.8035538005923001,6.143139190523199,6.191510365251728,7.454096742349457,6.192497532082922,20.423494570582427,22.456071076011845,88.62778523489938,85.15013986013987,47.18369763205828,87.21357664233577,29.240012453300125,52.33093103448278
,936,936,930,899,801,888,320,252,596,284,801,888,0.610337972166998,0.46222664015904574,0.45029821073558646,0.37673956262425445,16.00099403578529,14.540755467196819,0.0,0.0,0.015904572564612324,0.07455268389662027,0.23260437375745527,1.0099403578528827,6.714711729622266,6.638170974155069,7.646123260437376,6.519880715705765,24.191848906560637,23.368787276341948,82.64128125,87.05440476190475,41.69538590604027,85.98954225352112,29.682484394506865,51.934358108108086
,987,987,982,955,862,935,350,309,678,310,862,935,0.4782178217821782,0.402970297029703,0.4168316831683168,0.4485148514851485,10.026732673267327,10.607920792079208,0.0,0.0,0.0,0.061386138613861385,0.15544554455445544,0.9801980198019802,6.379207920792079,6.332673267326733,7.753465346534654,6.410891089108911,16.483168316831684,19.50891089108911,89.69757142857152,79.42543689320388,39.87448377581122,81.33699999999999,27.41944315545243,54.6432406417112
,766,766,766,754,748,750,267,239,458,219,748,750,0.2746268656716418,0.1880597014925373,0.24875621890547264,0.3890547263681592,9.895522388059701,12.672636815920399,0.015920398009950248,0.015920398009950248,0.0,0.015920398009950248,0.07860696517412935,0.5462686567164179,5.466666666666667,5.434825870646766,6.566169154228856,5.886567164179104,16.03283582089552,19.807960199004974,84.37737827715357,82.17255230125528,44.020393013100446,79.68319634703201,32.67645721925133,51.79221333333331
