0.05,135,135,402.73,2.99,139,139,368.7,2.68,139,139,319.29,2.33,132,132,369.33,2.93
0.05,140,140,411.85,2.97,144,144,347.91,2.43,146,146,339,2.31,144,144,341.95,2.46
0.05,133,133,399.06,3.17,132,132,344.59,2.73,142,142,327.04,2.29,141,141,365.98,2.62
0.05,127,127,400.11,3.64,132,132,392.4,3.09,132,132,380.7,3.01,134,134,339.91,2.56
0.05,159,159,434.26,2.79,160,160,420.96,2.67,159,159,392.22,2.6,163,163,396.68,2.46
0.05,168,168,500.37,3.13,172,172,481.27,2.85,177,177,439.3,2.5,179,179,445.48,2.51
0.05,127,127,383.42,3.36,130,130,358.31,2.86,128,128,352.48,2.8,133,133,358.81,2.72
0.05,118,118,392.05,3.71,118,118,337.96,4.01,122,122,328.88,2.86,120,120,361.93,3.4
0.05,176,176,479.2,2.74,168,168,459.71,2.81,169,169,456.66,2.71,174,174,465.23,2.71
0.05,152,152,438.02,3.04,148,148,415.96,3.41,155,155,364.43,2.43,154,154,374.21,2.51
0.05,133,133,390.58,2.96,135,135,349.59,2.62,133,133,342.2,2.61,135,135,365.05,2.75
0.05,157,157,470.01,3.06,160,160,449.79,2.85,165,165,411.05,2.49,162,162,413.01,2.57
0.05,109,109,311.93,2.98,116,116,305.23,2.66,118,118,274.79,2.36,119,119,283.29,2.41
0.05,145,145,428.8,3.36,149,149,405.58,2.86,153,153,377.05,2.49,156,156,379.02,2.49
0.05,127,127,383.93,3.31,134,134,343.24,2.79,127,127,305.48,2.71,133,133,380.03,2.95
0.05,174,174,494.4,2.99,177,177,475.19,2.78,182,182,456.79,2.57,182,182,444.42,2.49
0.05,126,126,397.78,3.24,136,136,360.06,2.77,140,140,368.92,2.67,142,142,366.19,2.57
0.05,165,165,514.1,3.47,173,173,466.44,2.73,176,176,435.02,2.51,172,172,457.53,2.73
0.05,139,139,417.88,3.58,148,148,406.94,2.9,151,151,392.22,2.81,146,146,410.24,2.91
0.05,145,145,436.51,3.02,154,154,374.67,2.45,147,147,365.56,2.67,151,151,403.79,2.73
0.1,243,243,850.21,3.6,250,250,800.73,3.27,256,256,801.5,3.18,254,254,795.61,3.18
0.1,214,214,787.58,3.89,219,219,733.62,3.64,230,230,657.91,3.03,234,234,702.28,3.03
0.1,211,211,762.84,3.66,212,212,711.43,3.41,214,214,695.62,3.29,215,215,695.18,3.34
0.1,251,251,870.7,3.57,259,259,829.25,3.25,266,266,769.88,2.92,256,256,785.47,3.13
0.1,257,257,837.51,3.38,258,258,836.22,3.33,266,266,766.09,2.9,267,267,775.46,2.97
0.1,242,242,833.93,3.49,247,247,764.49,3.13,245,245,704.29,2.9,242,242,707.98,2.95
0.1,226,226,817.6,3.89,232,232,779.15,3.63,242,242,736.25,3.15,239,239,759.81,3.38
0.1,240,240,800.32,3.58,246,246,785.63,3.22,254,254,764.15,3.1,253,253,759.52,3.08
0.1,247,247,872.23,3.6,251,251,805.57,3.35,262,262,743.63,2.9,259,259,769.5,3.01
0.1,223,223,750.09,3.84,234,234,715.59,3.11,232,232,660.41,2.95,239,239,723.18,3.07
0.1,238,238,803.52,3.47,242,242,776.06,3.28,255,255,761.3,3.02,259,259,762.44,3.03
0.1,243,243,842.26,3.6,250,250,759.1,3.21,254,254,754.68,3.02,256,256,776.26,3.05
0.1,253,253,896.94,3.87,269,269,840.56,3.2,274,274,831.86,3.1,274,274,785.19,2.93
0.1,255,255,886.71,3.55,254,254,836.12,3.42,266,266,755.57,2.86,261,261,745.18,2.94
0.1,222,222,801.41,4.02,229,229,718.82,3.33,233,233,653.16,2.95,239,239,658.65,2.79
0.1,263,263,936.11,4.07,281,281,849.78,3.11,285,285,811.35,2.97,283,283,861,3.08
0.1,249,249,807.55,3.42,253,253,741.04,3.08,261,261,685.98,2.71,260,260,761.64,2.91
0.1,260,260,864.88,3.59,265,265,811.63,3.44,274,274,780.01,2.9,275,275,848.37,3.13
0.1,249,249,875.52,3.68,256,256,819.19,3.66,254,254,737.76,2.93,255,255,751.35,2.99
0.1,220,220,839.29,4.17,235,235,757.64,3.76,250,250,730.24,2.96,247,247,752.52,3.13
0.15,304,304,1175.21,4.02,305,305,1076.2,4.05,322,322,1064.02,3.33,322,322,1068.33,3.34
0.15,314,314,1217.01,4,331,331,1183,3.68,338,338,1084.23,3.38,341,341,1081.22,3.25
0.15,312,312,1251.5,4.33,340,340,1146.88,3.49,339,339,1052.15,3.21,340,340,1123.35,3.39
0.15,318,318,1269.97,4.06,319,319,1105.13,3.48,325,325,1075.49,3.33,325,325,1121.59,3.47
0.15,320,320,1173.05,3.72,325,325,1154.94,3.62,335,335,1034.68,3.12,335,335,1102.13,3.34
0.15,327,327,1274.26,4.14,336,336,1145.66,3.74,350,350,1165.64,3.49,343,343,1171.03,3.43
0.15,310,310,1219.28,4.03,316,316,1175.64,3.79,324,324,1088.3,3.52,326,326,1119.83,3.46
0.15,319,319,1209.28,4.1,338,338,1199.19,3.63,348,348,1065.81,3.13,343,343,1165.64,3.48
0.15,301,301,1140.7,3.87,323,323,1084.95,3.45,335,335,1068.15,3.29,315,315,1045.84,3.47
0.15,355,355,1374.91,4.14,361,361,1264.26,3.64,379,379,1226.4,3.36,370,370,1301.2,3.7
0.15,325,325,1267.54,4.04,343,343,1177.28,3.42,353,353,1124.11,3.2,351,351,1175.55,3.41
0.15,357,357,1398.36,3.92,361,361,1303.71,3.68,370,370,1252.09,3.43,353,353,1244.37,3.72
0.15,290,290,1187.44,4.28,317,317,1141.34,3.58,311,311,1013.59,3.24,309,309,1025.93,3.33
0.15,325,325,1269.2,4.03,347,347,1138.02,3.33,345,345,1110.71,3.32,341,341,1153.52,3.46
0.15,324,324,1190.26,3.76,331,331,1175.23,3.61,339,339,1070.19,3.22,330,330,1102.07,3.44
0.15,319,319,1183.18,3.81,334,334,1140.7,3.5,340,340,1088.91,3.24,335,335,1139.56,3.64
0.15,337,337,1351.07,4.24,355,355,1236.05,3.54,361,361,1156.32,3.23,358,358,1151.55,3.34
0.15,330,330,1313.62,4.05,340,340,1216.68,3.7,359,359,1169.52,3.29,351,351,1164.52,3.4
0.15,351,351,1432.27,4.36,383,383,1322.32,3.67,385,385,1282.29,3.4,389,389,1308.25,3.49
0.15,349,349,1345.72,4.03,364,364,1308.67,3.78,373,373,1238.13,3.35,373,373,1281.92,3.51
0.2,403,403,1797.72,4.63,418,418,1631.45,4.22,426,426,1545.13,3.64,431,431,1645.44,3.89
0.2,390,390,1573.63,4.13,406,406,1527.12,3.87,422,422,1419.69,3.42,411,411,1410.85,3.59
0.2,372,372,1569.96,4.34,394,394,1396.05,3.68,404,404,1403.61,3.55,399,399,1498.18,3.88
0.2,395,395,1698.62,4.67,432,432,1705.91,4.09,449,449,1573.41,3.59,432,432,1614.69,3.96
0.2,372,372,1599.94,4.75,410,410,1525.7,3.96,403,403,1442.59,3.64,413,413,1444.54,3.6
0.2,410,410,1701.56,4.2,426,426,1657.23,3.85,434,434,1576.04,3.7,418,418,1635.62,3.9
0.2,407,407,1666.86,4.53,426,426,1618.07,3.79,432,432,1465.06,3.42,435,435,1608.24,3.84
0.2,397,397,1643.04,4.25,400,400,1525.31,3.96,419,419,1453.76,3.55,413,413,1470.4,3.6
0.2,383,383,1702.43,5.01,425,425,1559.03,3.83,419,419,1501.76,3.69,435,435,1534.88,3.51
0.2,374,374,1664.91,4.58,393,393,1576.21,4.08,412,412,1501.41,3.73,403,403,1535.02,3.87
0.2,399,399,1777.01,4.85,434,434,1722.36,3.95,442,442,1572.24,3.6,440,440,1737.33,4.15
0.2,425,425,1832.8,4.64,454,454,1767.83,3.97,463,463,1651.12,3.64,461,461,1730.42,3.83
0.2,403,403,1730.81,4.69,439,439,1741.19,4.02,443,443,1598.44,3.72,446,446,1622.63,3.75
0.2,414,414,1772.53,4.39,434,434,1693.3,3.99,434,434,1526.31,3.55,441,441,1652.55,3.81
0.2,376,376,1645.04,4.48,399,399,1507.42,3.92,406,406,1405.13,3.62,404,404,1471.69,3.74
0.2,395,395,1666.19,4.53,408,408,1579.85,4.13,432,432,1513.52,3.62,442,442,1581.81,3.61
0.2,390,390,1695.71,4.46,399,399,1572.09,3.96,409,409,1487.02,3.73,409,409,1559.28,3.91
0.2,393,393,1660.19,4.34,403,403,1486.89,3.83,415,415,1419.42,3.72,413,413,1473.1,3.58
0.2,375,375,1514.87,4.09,391,391,1396.32,3.6,396,396,1417.57,3.62,388,388,1429.87,3.71
0.2,455,455,1882.11,4.3,470,470,1766.53,3.97,488,488,1696.54,3.62,471,471,1774.36,3.92
0.25,442,442,2080.17,4.96,463,463,1925.2,4.34,483,483,1823.07,3.87,469,469,1934.09,4.25
0.25,483,483,2177.82,4.76,499,499,2088.83,4.26,547,547,2011.25,3.77,525,525,2102.02,4.09
0.25,482,482,2289.86,5.1,523,523,2129.1,4.42,561,561,2090.3,3.79,534,534,2129.41,4.14
0.25,491,491,2257,4.95,515,515,2144.64,4.35,533,533,2014.44,3.83,517,517,2118.86,4.19
0.25,450,450,2137.94,5,492,492,1925.88,3.97,500,500,1825.72,3.73,490,490,2015.93,4.3
0.25,492,492,2250.74,4.97,516,516,2165.89,4.37,547,547,2026.25,3.75,505,505,2165.88,4.58
0.25,469,469,2124.69,4.79,500,500,1982.15,4.07,521,521,1866.76,3.72,511,511,1953.4,3.95
0.25,494,494,2310.89,4.92,540,540,2177.87,4.05,559,559,2027.75,3.64,542,542,2093.63,3.94
0.25,495,495,2312.29,4.94,522,522,2143.45,4.17,540,540,2057.52,3.92,534,534,2164.38,4.14
0.25,469,469,2185.41,4.85,496,496,1952.68,4.1,512,512,1833.12,3.61,505,505,1927.3,3.92
0.25,483,483,2298.22,4.93,508,508,2098.26,4.26,510,510,2009.72,4.12,514,514,2091.34,4.28
0.25,485,485,2335.22,5.12,491,491,2115.62,4.47,535,535,2002.83,3.93,503,503,2122.44,4.34
0.25,529,529,2435.5,4.9,555,555,2300.48,4.19,586,586,2161.25,3.74,567,567,2334.26,4.35
0.25,436,436,1966.41,4.81,470,470,1784.64,3.9,462,462,1755.05,4.06,471,471,1805.61,3.85
0.25,462,462,2195.54,4.98,519,519,2065.53,4.09,522,522,1884.21,3.81,521,521,2022.41,4.1
0.25,463,463,2171.6,4.92,490,490,1979.53,4.25,492,492,1804.23,3.75,497,497,1977.83,4.33
0.25,488,488,2231.37,4.8,511,511,2111.99,4.27,534,534,2007.21,3.82,515,515,2151.38,4.27
0.25,480,480,2226.9,5,518,518,2153.19,4.45,523,523,2084.23,4.21,499,499,2111.26,4.57
0.25,467,467,2210.28,5.08,506,506,2014.66,4.07,503,503,1891.58,4.09,507,507,1949.95,4.08
0.25,498,498,2292.54,4.75,532,532,2190.83,4.32,561,561,2042.56,3.71,542,542,2154.59,4.07
0.3,524,524,2507.36,4.93,549,549,2409.7,4.75,590,590,2234.97,3.89,574,574,2490.34,4.49
0.3,502,502,2443.78,5.19,561,561,2339.56,4.18,573,573,2167.95,3.84,541,541,2419.82,4.64
0.3,506,506,2481.45,5.33,563,563,2408.58,4.35,585,585,2241.8,3.93,557,557,2278.31,4.28
0.3,531,531,2687.54,5.44,589,589,2524.36,4.5,626,626,2443.79,4.01,592,592,2509.21,4.46
0.3,519,519,2449.8,5.02,548,548,2378.1,4.61,576,576,2194.95,3.92,550,550,2417.39,4.68
0.3,546,546,2680.22,5.49,587,587,2529.8,4.39,602,602,2376.88,4.01,577,577,2535.33,4.74
0.3,546,546,2725.42,5.37,581,581,2509.76,4.42,612,612,2425.22,4.09,599,599,2599.77,4.63
0.3,540,540,2581.4,5.09,575,575,2377.78,4.29,586,586,2323.69,4.05,573,573,2347.96,4.63
0.3,506,506,2420.65,5.21,541,541,2296.57,4.25,554,554,2125.38,3.94,541,541,2343.6,4.76
0.3,523,523,2551.96,5.16,572,572,2318.5,4.33,586,586,2192.45,3.94,577,577,2436.1,4.38
0.3,567,567,2695.32,5.02,592,592,2528.77,4.37,616,616,2340.07,3.92,603,603,2613.59,4.58
0.3,526,526,2531.85,5.02,565,565,2467.94,4.44,586,586,2189.21,3.78,575,575,2348.46,4.33
0.3,500,500,2557.16,5.51,543,543,2419.17,4.54,554,554,2202.21,4.21,549,549,2390.1,4.55
0.3,562,562,2739.01,5.11,614,614,2515.79,4.19,622,622,2348.48,3.91,616,616,2594.5,4.45
0.3,568,568,2758.54,5.1,604,604,2616.13,4.45,648,648,2413.66,3.78,613,613,2551.05,4.35
0.3,575,575,2847.47,5.35,627,627,2615.66,4.26,649,649,2352.72,3.6,621,621,2677.36,4.49
0.3,533,533,2600.1,5.13,573,573,2354.45,4.36,597,597,2216.96,3.89,578,578,2337.57,4.31
0.3,543,543,2698.71,5.28,581,581,2473.57,4.35,612,612,2409.52,3.95,594,594,2612.51,4.43
0.3,555,555,2658.45,5.26,573,573,2528.8,4.74,618,618,2334.7,3.84,604,604,2588.81,4.47
0.3,537,537,2594.02,5.42,574,574,2460.71,4.5,605,605,2359.48,3.92,582,582,2536.44,4.63
0.35,619,619,3083.23,5.28,670,670,2950.73,4.48,684,684,2677.12,3.99,624,624,2873.3,4.92
0.35,575,575,2975.58,5.51,614,614,2705.76,4.54,641,641,2526.06,4.02,627,627,2786.12,4.62
0.35,599,599,3075.78,5.46,648,648,2876.93,4.63,686,686,2664.78,3.93,660,660,3044.19,4.82
0.35,585,585,2936.25,5.24,606,606,2714.12,4.76,632,632,2498.41,4.09,615,615,2794.36,4.76
0.35,601,601,3011.54,5.55,655,655,2922.47,4.8,665,665,2639.93,4.35,665,665,3011.52,4.93
0.35,637,637,3095.45,5.14,673,673,2924.6,4.43,688,688,2734.11,4.06,684,684,3031.96,4.68
0.35,601,601,3123.2,5.58,676,676,2902.13,4.4,695,695,2764.82,4.09,664,664,2875.48,4.5
0.35,578,578,3021.72,5.51,633,633,2692.22,4.38,653,653,2495.02,3.78,623,623,2772.61,4.71
0.35,616,616,2997.43,5.19,668,668,2954.5,4.58,699,699,2724.27,4.1,672,672,2933.32,4.66
0.35,561,561,2812.84,5.45,603,603,2681.11,4.53,641,641,2494.91,4.03,612,612,2665.29,4.58
0.35,602,602,3126.84,5.55,679,679,3047.53,4.63,698,698,2760.57,4.06,655,655,2982.19,4.68
0.35,581,581,3059.83,5.59,633,633,2772.01,4.55,655,655,2606.84,4.07,623,623,2818.71,4.74
0.35,616,616,3150.88,5.44,673,673,2978.03,4.5,692,692,2797.7,4.16,644,644,3122,5.14
0.35,610,610,3154.08,5.48,666,666,2979.65,4.63,706,706,2754.72,4.01,670,670,3029.32,4.79
0.35,568,568,2922.25,5.64,629,629,2717.14,4.5,653,653,2573.54,3.97,638,638,2791.74,4.72
0.35,614,614,3167.83,5.73,651,651,2968.3,4.78,695,695,2795.32,4.25,673,673,2896.75,4.36
0.35,620,620,3195.96,5.65,664,664,2911.46,4.6,684,684,2660.05,3.91,671,671,2990.62,4.75
0.35,584,584,2967.93,5.52,636,636,2876.57,4.56,664,664,2578.01,3.94,635,635,2769.46,4.47
0.35,646,646,3293.79,5.62,704,704,3082.89,4.72,714,714,2789.85,4.2,704,704,3232.17,4.98
0.35,583,583,2961.09,5.27,619,619,2736.81,4.51,650,650,2661.3,4.15,641,641,2763.6,4.4
0.4,633,633,3559.15,6.21,716,716,3333.54,4.78,752,752,3032.6,4.11,711,711,3472.98,5.07
0.4,630,630,3558.62,6.2,718,718,3227.02,4.6,728,728,2972.65,4.26,712,712,3586.2,5.28
0.4,640,640,3354.01,5.64,711,711,3049.79,4.43,715,715,2731.34,3.92,681,681,2961.08,4.6
0.4,641,641,3464.49,5.93,742,742,3207.88,4.36,766,766,2919.74,3.83,731,731,3306.38,4.51
0.4,635,635,3470.5,5.98,713,713,3176.29,4.62,745,745,2932.1,3.95,721,721,3336.6,4.85
0.4,648,648,3522.06,5.81,686,686,3147.11,4.8,721,721,2963.89,4.4,689,689,3293.35,5.01
0.4,611,611,3285.26,5.64,654,654,2952.24,4.78,680,680,2802.75,4.23,658,658,3153.1,4.98
0.4,627,627,3240.9,5.4,685,685,3121.02,4.66,712,712,2736.63,3.89,678,678,3149.64,4.77
0.4,641,641,3361.02,5.44,718,718,3299.24,4.71,733,733,2906.9,4.18,662,662,3278.19,5.3
0.4,628,628,3392.52,5.75,716,716,3185.58,4.54,720,720,2929.05,4.23,703,703,3136.39,4.78
0.4,658,658,3434.37,5.49,732,732,3253.4,4.62,757,757,2900.35,3.94,733,733,3234.8,4.62
0.4,666,666,3437.45,5.73,724,724,3226.92,4.71,772,772,2994.63,4.14,728,728,3399.61,5.03
0.4,637,637,3378.5,5.69,681,681,3091.11,4.8,727,727,2994.3,4.22,696,696,3307.85,4.93
0.4,639,639,3199.22,5.4,676,676,2999.38,4.66,700,700,2881.42,4.32,683,683,3100.12,4.69
0.4,655,655,3560.49,5.92,722,722,3308.78,4.74,758,758,2934.95,3.85,722,722,3398.83,4.96
0.4,610,610,3342.58,5.82,672,672,3009.53,4.5,690,690,2848.92,4.21,666,666,3337.58,5.25
0.4,646,646,3497.74,5.94,727,727,3241.35,4.56,740,740,2908.15,4.03,718,718,3383.54,4.99
0.4,613,613,3220.95,5.62,676,676,2999.67,4.53,704,704,2814.77,4.03,679,679,3109.92,4.81
0.4,631,631,3332.77,5.69,705,705,3122.35,4.68,735,735,2852.41,4.08,714,714,3296.88,4.81
0.4,620,620,3227.24,5.52,696,696,3120.7,4.51,709,709,2855.34,4.17,702,702,3323.56,4.76
0.45,699,699,3824.44,5.94,759,759,3518.72,4.85,809,809,3098.51,3.89,767,767,3733.01,5.15
0.45,684,684,3649.1,5.51,730,730,3290.98,4.73,752,752,3058.54,4.26,727,727,3409.7,4.92
0.45,706,706,3888.39,5.84,780,780,3539.12,4.71,801,801,3159.38,3.95,776,776,3631.92,4.96
0.45,684,684,3851.06,6.08,758,758,3344.91,4.68,787,787,3094.74,4.16,755,755,3681.96,5.13
0.45,671,671,3772.29,6.24,744,744,3465.45,5.01,782,782,3159.63,4.18,747,747,3465.61,4.95
0.45,664,664,3603.74,5.95,730,730,3264.2,4.54,760,760,3039.65,4.08,721,721,3450.91,4.99
0.45,684,684,3750.03,5.79,753,753,3360.13,4.56,767,767,3112.49,4.12,740,740,3682.12,5.15
0.45,682,682,3825.05,5.83,760,760,3500.68,4.76,792,792,3178.95,4.07,735,735,3499.86,4.95
0.45,664,664,3705.34,6.04,745,745,3419.1,4.72,771,771,3097.67,4.07,761,761,3539.52,4.77
0.45,687,687,3786.52,5.91,753,753,3471.09,4.81,794,794,3170.26,4.09,730,730,3682.83,5.28
0.45,705,705,3774.75,5.71,763,763,3468.81,4.75,791,791,3152.85,4.08,769,769,3599.77,5.06
0.45,697,697,3846.7,6.07,759,759,3418.94,4.55,804,804,3142.8,3.87,767,767,3610.4,5.22
0.45,706,706,3814.58,5.78,774,774,3560.24,4.7,825,825,3196.66,3.95,778,778,3618.4,4.91
0.45,663,663,3765.53,6.04,739,739,3360.34,4.74,767,767,3150.21,4.13,731,731,3673.46,5.42
0.45,695,695,3733.77,5.75,730,730,3274.47,4.6,786,786,3048.5,3.97,741,741,3539.78,5.06
0.45,661,661,3666.46,6.05,738,738,3299.73,4.64,769,769,2979.58,4.11,726,726,3484.78,5.06
0.45,708,708,4037.39,6.21,771,771,3589.65,4.89,781,781,3125.58,4.03,768,768,3777.62,4.94
0.45,691,691,3924.7,6.16,777,777,3519.98,4.7,809,809,3197.53,4.01,773,773,3654.13,4.94
0.45,656,656,3527.51,5.78,682,682,3229.96,5.11,711,711,3035.28,4.46,708,708,3414.95,5.13
0.45,658,658,3624.5,6.34,733,733,3461.68,4.83,760,760,3085.43,4.16,731,731,3495.1,4.85
0.5,700,700,3904.65,6.07,773,773,3594.78,4.76,814,814,3263.95,4.03,791,791,3789.49,5.07
0.5,709,709,4056.8,6.35,782,782,3732.71,4.95,835,835,3337.36,4,792,792,3892.71,5.28
0.5,721,721,4175.87,6.25,807,807,3601.31,4.52,828,828,3278.13,3.97,767,767,3851.82,5.46
0.5,742,742,4151.39,5.97,808,808,3698.14,4.58,842,842,3364.13,4.02,793,793,3931.62,5.24
0.5,700,700,3996.57,6.33,799,799,3687.09,4.64,824,824,3241.07,3.94,778,778,3923.13,5.29
0.5,706,706,3974.74,6.13,763,763,3547.34,4.86,807,807,3245.6,4.21,802,802,3741.47,4.76
0.5,699,699,3918.62,5.98,759,759,3402.84,4.64,799,799,3205.23,4.1,745,745,3605.97,5.17
0.5,724,724,4104.36,5.99,775,775,3500.31,4.8,808,808,3211.91,4.06,785,785,3820.62,5.17
0.5,667,667,3835.64,6.01,741,741,3356.96,4.72,764,764,3053.66,4.17,745,745,3590.19,5.13
0.5,699,699,3789.54,5.62,781,781,3630.44,4.88,790,790,3187.58,4.18,763,763,3688.44,5
0.5,688,688,3958.79,6.32,763,763,3589.48,4.89,805,805,3223.25,4.15,771,771,3675.92,5.03
0.5,696,696,4017.66,6.13,767,767,3638.02,4.85,832,832,3246.16,3.94,795,795,3891.21,5.11
0.5,691,691,3783.44,5.91,761,761,3403.92,4.58,778,778,3208.18,4.08,753,753,3630.89,5.08
0.5,742,742,4149.16,6.01,795,795,3652.1,4.64,820,820,3190.18,3.92,789,789,3834.83,4.93
0.5,686,686,3858.72,6.06,753,753,3511.53,4.75,776,776,3125.29,4.09,760,760,3642.63,4.96
0.5,711,711,4143.39,6.38,815,815,3628.69,4.7,841,841,3288.1,3.99,760,760,3940.58,5.65
0.5,711,711,4072.06,6.26,778,778,3476.99,4.66,809,809,3079.42,3.86,759,759,3765.09,5.35
0.5,687,687,4033.54,6.26,760,760,3628.5,5.01,786,786,3244.41,4.23,727,727,3642.3,5.44
0.5,683,683,4038.55,6.52,790,790,3542.97,4.56,803,803,3124.53,4.04,790,790,3897.05,5.26
0.5,720,720,4089.72,6.24,800,800,3588.09,4.52,818,818,3304.99,4.04,766,766,3846.09,5.49
0.5,717,717,4080.98,5.97,785,785,3642.43,4.65,841,841,3300.81,3.92,823,823,3822.01,5
0.55,691,691,4148.8,6.38,788,788,3660.6,4.74,833,833,3270.19,3.96,800,800,3936.66,5.21
0.55,743,743,4414.21,6.49,819,819,3607.18,4.44,852,852,3268.49,3.79,805,805,4129.16,5.26
0.55,746,746,4378.29,6.31,826,826,3693.36,4.66,834,834,3338.81,4.17,810,810,4002.48,5.28
0.55,737,737,4372.74,6.28,821,821,3739.36,4.68,860,860,3509.5,4.08,832,832,4212.96,5.53
0.55,740,740,4385.11,6.24,832,832,3868.29,4.89,851,851,3554.85,4.24,800,800,4101.68,5.49
0.55,735,735,4224.95,6.16,810,810,3804.58,4.83,837,837,3501,4.08,812,812,3985.63,5.02
0.55,732,732,4436.41,6.56,831,831,3867.42,4.92,860,860,3380.97,4,824,824,4004.27,5.07
0.55,738,738,4270.39,6.3,794,794,3735.3,4.98,849,849,3281.55,3.91,808,808,3949.5,5.25
0.55,731,731,4227.83,6.33,801,801,3772.24,4.73,849,849,3370.8,3.91,773,773,3931.16,5.42
0.55,727,727,4166.94,6.13,797,797,3656.69,4.63,832,832,3204.52,3.93,779,779,4030.92,5.45
0.55,719,719,4129.59,6.18,784,784,3616.39,4.74,821,821,3380.67,4.07,792,792,3887.88,5.11
0.55,743,743,4330.6,6.42,825,825,3742.15,4.6,856,856,3328.37,3.9,785,785,3967.69,5.35
0.55,706,706,4156.82,6.24,802,802,3577.4,4.55,827,827,3179.58,3.77,808,808,3739.71,4.73
0.55,720,720,4126.58,6.24,797,797,3682.11,4.7,823,823,3263.61,3.92,811,811,3949,5.24
0.55,734,734,4335.03,6.31,811,811,3814.54,4.83,851,851,3295.83,3.92,837,837,4060.28,5.23
0.55,721,721,4116.28,5.91,806,806,3776.05,4.66,822,822,3171.98,3.96,795,795,4053.72,5.5
0.55,714,714,4152.45,6.3,835,835,3865.28,4.65,833,833,3419.85,4.31,806,806,4000.5,5.15
0.55,742,742,4234.95,6.32,827,827,3825.69,4.93,855,855,3337.72,4,811,811,4121.59,5.48
0.55,734,734,4333.39,6.33,794,794,3720.91,4.82,833,833,3326.32,4.09,803,803,3998.54,5.08
0.55,758,758,4378.29,6.23,813,813,3643.51,4.54,845,845,3266.96,4.26,813,813,4017.58,5.2
0.6,728,728,4346.77,6.32,821,821,3918.97,4.9,868,868,3478.82,4.07,849,849,4260.38,5.31
0.6,754,754,4440.19,6.13,846,846,3835.07,4.59,855,855,3234.24,3.75,841,841,4251.54,5.32
0.6,744,744,4674.6,6.83,851,851,3948.89,4.69,862,862,3451.19,4.01,838,838,4126.86,5.09
0.6,760,760,4651.44,6.5,843,843,3917,4.83,884,884,3492.84,4.01,845,845,4174.51,5.26
0.6,773,773,4565.39,6.49,843,843,3934.68,4.67,865,865,3521.9,4,829,829,4519.53,5.65
0.6,759,759,4351.98,6.12,836,836,3912.83,4.85,851,851,3461.33,4.08,842,842,4038.41,4.94
0.6,759,759,4498.93,6.33,824,824,3823.21,4.78,874,874,3315.35,3.68,844,844,4068.51,4.96
0.6,792,792,4621.33,6.13,850,850,3884.04,4.57,887,887,3396.62,3.85,834,834,4275.33,5.52
0.6,763,763,4568.97,6.37,822,822,3853.71,4.82,870,870,3328.72,3.9,825,825,4162.92,5.2
0.6,769,769,4556.03,6.56,854,854,3954.83,4.77,879,879,3332.44,3.86,830,830,4107.33,5.33
0.6,773,773,4412.39,6.28,846,846,3872.62,4.75,887,887,3432.16,3.93,843,843,4292.18,5.29
0.6,752,752,4494.1,6.43,808,808,3868.44,4.86,844,844,3456.81,4.15,834,834,4024.58,5.11
0.6,786,786,4532.24,6.24,849,849,3816.38,4.74,897,897,3275.76,3.53,863,863,4332.58,5.26
0.6,740,740,4341.18,6.12,815,815,3699.81,4.68,858,858,3357.03,3.95,813,813,4255.69,5.57
0.6,754,754,4460.19,6.22,839,839,3861.73,4.74,866,866,3286.69,3.83,824,824,4082.59,5.08
0.6,750,750,4451.65,6.29,818,818,3662.46,4.46,865,865,3384.88,3.9,818,818,4085.96,5.22
0.6,781,781,4634.53,6.34,864,864,3866.77,4.56,891,891,3352.25,3.6,847,847,4198.06,5.4
0.6,769,769,4478.85,6.25,851,851,3871.28,4.58,872,872,3440.76,3.84,810,810,4299.88,5.65
0.6,770,770,4643.71,6.5,858,858,3785.9,4.48,893,893,3401.35,3.73,823,823,4187.91,5.48
0.6,771,771,4820.86,6.83,860,860,3989.47,4.72,891,891,3414.65,3.79,847,847,4148.31,5.38
0.65,755,755,4643.16,6.76,847,847,3809.44,4.5,871,871,3359.13,3.86,861,861,4281.87,5.35
0.65,759,759,4609.7,6.45,831,831,3988.11,5.07,861,861,3388.08,3.81,860,860,4334.05,5.2
0.65,758,758,4695.17,6.73,876,876,3845.93,4.56,892,892,3379.4,3.88,882,882,4278.54,5.2
0.65,761,761,4750.15,6.74,878,878,3960.01,4.67,902,902,3330.46,3.65,857,857,4341.62,5.44
0.65,752,752,4786.01,6.88,854,854,4066.65,4.92,882,882,3438.98,4.01,860,860,4285.01,5.26
0.65,750,750,4650.65,6.83,850,850,3882.01,4.76,871,871,3383.84,3.9,834,834,4125.54,5.29
0.65,782,782,4675.76,6.4,852,852,3892.96,4.7,896,896,3371.36,3.71,857,857,4185.03,5.03
0.65,759,759,4729.58,6.92,846,846,4064.57,4.71,889,889,3463.02,3.93,838,838,4281.82,5.21
0.65,765,765,4644.84,6.58,840,840,3769.44,4.52,872,872,3380.03,3.81,839,839,4179.65,5.3
0.65,765,765,4632.97,6.41,860,860,3944.63,4.57,889,889,3438.09,3.8,859,859,4278.07,5.31
0.65,743,743,4518.32,6.74,836,836,3769.7,4.53,864,864,3296.99,3.59,838,838,3965.76,4.98
0.65,767,767,4752.62,6.64,844,844,3908.74,4.64,877,877,3311.23,3.78,846,846,4239.47,5.4
0.65,760,760,4782.22,6.71,845,845,3893.11,4.79,865,865,3382.17,3.85,831,831,4231.45,5.52
0.65,769,769,4579.8,6.27,850,850,3821.68,4.62,899,899,3373.64,3.83,870,870,3988.74,4.78
0.65,734,734,4279.14,6.3,822,822,3831.79,4.85,863,863,3340.53,3.85,831,831,4132.02,5.35
0.65,780,780,4868.4,6.69,871,871,3927.62,4.58,894,894,3452.67,3.91,848,848,4284.47,5.34
0.65,772,772,4711,6.54,846,846,3915.09,4.71,860,860,3427.11,4.01,849,849,4343.01,5.46
0.65,765,765,4657.46,6.3,873,873,4049.86,4.67,898,898,3451.8,3.78,843,843,4267.94,5.39
0.65,759,759,4623.06,6.61,841,841,3808.04,4.58,868,868,3378.42,3.83,848,848,4159.06,5.18
0.65,774,774,4704.35,6.63,840,840,3854.32,4.63,853,853,3215.46,3.72,852,852,4280.74,5.31
0.7,812,812,4972.49,6.5,891,891,3978.43,4.48,912,912,3493.65,3.7,883,883,4614.12,5.37
0.7,771,771,4677.93,6.71,857,857,3966.68,4.89,875,875,3319.07,3.75,843,843,4313.02,5.51
0.7,766,766,4727.89,6.63,843,843,3771.58,4.59,883,883,3331.09,3.8,850,850,4249.23,5.28
0.7,782,782,5025.21,6.9,855,855,3943.53,4.63,884,884,3369.04,3.6,858,858,4255.71,5.14
0.7,799,799,4867.36,6.64,859,859,4090.77,4.82,905,905,3509.83,3.8,851,851,4510.71,5.64
0.7,792,792,4917.73,6.5,878,878,4209.85,4.93,908,908,3651,4,869,869,4406.56,5.3
0.7,779,779,4917.5,6.88,860,860,3897.72,4.55,894,894,3467.96,3.8,860,860,4311.06,5.12
0.7,789,789,4850.85,6.75,889,889,4079.97,4.58,928,928,3454.66,3.74,895,895,4344.52,5
0.7,755,755,4741.42,6.84,846,846,3842.25,4.54,874,874,3364.02,3.83,861,861,4133.23,5.07
0.7,816,816,5072.01,6.69,892,892,4109.34,4.71,921,921,3463.03,3.92,902,902,4451.53,5.25
0.7,824,824,5028.99,6.51,900,900,4031.85,4.67,920,920,3371.21,3.65,883,883,4411.69,5.25
0.7,806,806,5079.46,6.8,878,878,3830.23,4.32,914,914,3372.74,3.57,890,890,4512.98,5.49
0.7,782,782,4689.78,6.49,851,851,3785.36,4.66,889,889,3335.19,3.8,868,868,4124.53,5.1
0.7,774,774,4903.65,7.05,884,884,3928.82,4.48,915,915,3389.28,3.61,879,879,4219.34,5.12
0.7,768,768,4601.59,6.5,849,849,3886.13,4.81,894,894,3353.53,3.78,843,843,4197.63,5.06
0.7,787,787,4995.1,6.71,880,880,3976.97,4.48,910,910,3456.64,3.86,864,864,4298.3,5.2
0.7,812,812,4992.61,6.74,893,893,3991.61,4.61,906,906,3286.06,3.74,876,876,4324.49,5.29
0.7,774,774,4795.84,6.68,858,858,4061.42,4.89,890,890,3436.51,3.77,842,842,4440.17,5.66
0.7,810,810,5136.15,6.8,899,899,4041.08,4.48,925,925,3251.41,3.48,894,894,4290.6,5.05
0.7,808,808,4974.69,6.63,887,887,4020.72,4.68,920,920,3492.48,3.91,862,862,4321.07,5.35
0.75,798,798,4970.24,6.92,880,880,3903.97,4.44,898,898,3286.95,3.54,882,882,4216.67,5.05
0.75,776,776,5010.34,6.81,867,867,3889.82,4.58,890,890,3239.75,3.51,851,851,4156.43,5.02
0.75,786,786,4882.31,6.56,878,878,3933.21,4.5,896,896,3396.77,3.7,872,872,4424.55,5.47
0.75,808,808,5208.46,6.85,881,881,4004.54,4.49,922,922,3276.02,3.55,874,874,4445.34,5.35
0.75,787,787,4975.93,7.05,876,876,3840.51,4.29,895,895,3393.07,3.59,860,860,4403.67,5.48
0.75,801,801,4970.36,6.72,873,873,3982.37,4.45,896,896,3250.94,3.44,901,901,4378.02,5.19
0.75,792,792,5188.23,7.06,878,878,4077.55,4.81,914,914,3435.92,3.68,908,908,4609.06,5.31
0.75,792,792,4847.6,6.68,884,884,4076.47,4.74,922,922,3412.88,3.58,897,897,4461.25,5.29
0.75,819,819,5242.75,7.09,892,892,4035.18,4.42,923,923,3381.54,3.51,887,887,4438.22,5.23
0.75,804,804,4966.63,6.62,872,872,4085.59,4.67,889,889,3369.03,3.68,877,877,4276.39,5.08
0.75,829,829,5007.94,6.54,890,890,3948.01,4.36,926,926,3422.09,3.61,887,887,4427.62,5.46
0.75,771,771,4991.64,7.04,888,888,4089.56,4.58,903,903,3430.06,3.79,859,859,4458.71,5.36
0.75,791,791,5052.62,6.94,877,877,4192.7,4.9,910,910,3556.6,3.84,871,871,4576.26,5.69
0.75,791,791,5066.56,6.95,881,881,4080.62,4.71,916,916,3473.4,3.79,903,903,4485.5,5.22
0.75,795,795,4847.72,6.58,881,881,3863.33,4.25,913,913,3409.46,3.62,904,904,4436.81,5.13
0.75,809,809,5133.28,6.67,906,906,4313.76,4.81,920,920,3445.5,3.69,894,894,4569.71,5.45
0.75,818,818,5105.92,6.74,905,905,4093.27,4.76,933,933,3382.85,3.59,904,904,4634.3,5.32
0.75,807,807,5235.61,6.93,884,884,4002.54,4.44,914,914,3568.61,3.92,877,877,4773.54,5.64
0.75,801,801,4898.59,6.76,885,885,3947.3,4.52,925,925,3489.28,3.79,882,882,4429.8,5.08
0.75,783,783,4934.73,6.9,878,878,3927.81,4.46,882,882,3117.02,3.41,849,849,4128.3,4.97
0.8,838,838,5333.44,6.82,909,909,4113.03,4.46,916,916,3345.88,3.5,900,900,4572.28,5.15
0.8,785,785,5033.04,6.79,859,859,4001.06,4.72,895,895,3346.04,3.66,890,890,4364.47,5.09
0.8,809,809,5179.46,6.94,884,884,3959.11,4.55,911,911,3263.42,3.56,900,900,4292.29,5.14
0.8,790,790,4997.01,6.76,896,896,4017.57,4.62,899,899,3345.42,3.66,879,879,4327.42,5.17
0.8,814,814,5181.81,6.83,899,899,4124.28,4.57,930,930,3384.92,3.46,908,908,4514.31,5.17
0.8,795,795,5257.37,7.04,896,896,4063.32,4.55,919,919,3470.12,3.71,895,895,4562.74,5.44
0.8,794,794,5013.44,6.87,891,891,3946.87,4.51,917,917,3358.77,3.55,883,883,4655.36,5.63
0.8,815,815,5129.05,6.7,886,886,3985.81,4.45,917,917,3241.32,3.52,905,905,4646.2,5.37
0.8,832,832,5406.46,7.11,901,901,3962.05,4.49,929,929,3463.67,3.7,894,894,4476.8,5.42
0.8,811,811,5218.01,7.02,890,890,3960.53,4.48,912,912,3343.21,3.75,898,898,4351.51,5.26
0.8,820,820,5293.45,7.06,901,901,4019.48,4.5,919,919,3351.48,3.44,878,878,4371.53,5.27
0.8,800,800,5124.56,7.08,886,886,3915.88,4.54,913,913,3201.31,3.38,894,894,4085.14,4.82
0.8,848,848,5327.65,6.69,903,903,4074.63,4.6,913,913,3351.73,3.57,888,888,4526.8,5.33
0.8,801,801,5254.79,7.17,875,875,4109.21,4.73,913,913,3388.15,3.58,884,884,4355.72,5.08
0.8,824,824,5280.73,6.97,903,903,4029.54,4.63,923,923,3233.29,3.28,881,881,4315.64,5.14
0.8,814,814,5085.84,6.69,899,899,4042.95,4.53,916,916,3271.51,3.41,884,884,4651.98,5.46
0.8,805,805,4918.08,6.64,884,884,4064.09,4.68,918,918,3473.35,3.78,876,876,4704.18,5.63
0.8,823,823,5221.02,6.96,892,892,4051.65,4.77,928,928,3220.6,3.4,909,909,4360.3,5.01
0.8,796,796,5169.01,7.09,885,885,3981.86,4.68,912,912,3240.37,3.47,907,907,4311.73,4.9
0.8,825,825,5300.82,7.05,908,908,4115.13,4.5,933,933,3420.57,3.68,905,905,4421.9,5.11
0.85,821,821,5234.57,6.86,894,894,4089.68,4.52,930,930,3439.82,3.74,900,900,4556.16,5.3
0.85,811,811,5277.84,7.16,904,904,4034.95,4.39,935,935,3305.36,3.43,893,893,4351.45,5.16
0.85,814,814,5158.62,6.97,895,895,3951.74,4.47,937,937,3090.42,3.26,887,887,4310.23,4.96
0.85,821,821,5296.47,6.92,900,900,3886.9,4.27,916,916,3302.55,3.57,902,902,4395.6,4.96
0.85,834,834,5257.47,6.62,892,892,4019.65,4.4,928,928,3318.82,3.42,880,880,4482.75,5.28
0.85,811,811,5232.29,6.86,892,892,4065.6,4.73,913,913,3258.23,3.5,892,892,4575.16,5.64
0.85,843,843,5259.21,6.58,900,900,4001.31,4.43,923,923,3301.71,3.46,893,893,4193.02,4.97
0.85,817,817,5381.44,7.14,902,902,4131.08,4.76,935,935,3346.03,3.43,896,896,4710.5,5.6
0.85,820,820,5336.55,7.12,904,904,4095.99,4.65,930,930,3345.82,3.49,895,895,4696.95,5.67
0.85,790,790,5029.62,6.8,887,887,4017.52,4.5,911,911,3309.56,3.58,871,871,4442.95,5.33
0.85,848,848,5297.1,6.82,902,902,3945.66,4.26,928,928,3392.05,3.54,900,900,4421.42,5.27
0.85,826,826,5242.29,6.77,892,892,4211.81,4.79,933,933,3572.13,3.87,909,909,4594.47,5.42
0.85,810,810,5340.35,6.95,913,913,4036.92,4.3,914,914,3351.21,3.51,895,895,4530.25,5.42
0.85,826,826,5386.57,7.05,898,898,4044.37,4.47,926,926,3469.05,3.73,909,909,4626.4,5.41
0.85,812,812,5262.53,7.14,904,904,4052.09,4.47,921,921,3283.73,3.41,886,886,4489.56,5.42
0.85,823,823,5273.26,6.97,896,896,4002.01,4.4,928,928,3329.63,3.4,903,903,4601.88,5.7
0.85,837,837,5535.58,7.15,910,910,4116.01,4.53,930,930,3230.34,3.34,913,913,4395.07,5.21
0.85,830,830,5448.11,7.03,919,919,4070.55,4.28,934,934,3262.59,3.37,912,912,4758.85,5.61
0.85,840,840,5332.46,6.88,887,887,4151.11,4.9,917,917,3432.88,3.71,891,891,4616.06,5.24
0.85,802,802,5193.53,7.14,909,909,4147.81,4.54,934,934,3401.43,3.65,917,917,4196.84,4.83
0.9,809,809,5442.18,7.32,893,893,4016.38,4.42,922,922,3472.4,3.58,900,900,4913.11,5.61
0.9,849,849,5451.38,6.83,903,903,3865.9,4.24,924,924,3227.77,3.35,919,919,4386.93,5.25
0.9,834,834,5394.04,6.94,901,901,3979.11,4.49,919,919,3243.23,3.52,902,902,4445.26,5.11
0.9,803,803,5350.19,7.23,910,910,4025.54,4.51,925,925,3396.59,3.56,904,904,4765.14,5.47
0.9,835,835,5481.69,6.99,902,902,4170.72,4.6,922,922,3288.72,3.3,897,897,4862.64,5.77
0.9,827,827,5586.78,7.31,910,910,4120.67,4.48,930,930,3446.88,3.56,910,910,4386.39,5.01
0.9,828,828,5628.29,7.44,915,915,4112.84,4.55,934,934,3271.48,3.37,917,917,4502.66,5.15
0.9,854,854,5656.92,7.14,923,923,4164.29,4.41,941,941,3430.41,3.43,911,911,4475.01,5.18
0.9,818,818,5272.92,6.78,900,900,3968.39,4.3,933,933,3298.05,3.46,905,905,4451.48,5.29
0.9,832,832,5467.6,7.09,908,908,4276.99,4.84,927,927,3497.43,3.79,902,902,4737.83,5.58
0.9,830,830,5366.91,6.99,913,913,4100.06,4.5,946,946,3302.4,3.23,924,924,4739.54,5.28
0.9,830,830,5414.52,7.04,921,921,4053.61,4.39,938,938,3275.76,3.36,908,908,4495.37,5.34
0.9,822,822,5257.34,6.64,897,897,3781.53,4.16,925,925,3012.56,2.93,919,919,4324.86,4.84
0.9,828,828,5438.5,7.28,901,901,4204.11,4.71,923,923,3270.37,3.44,903,903,4280.13,5.06
0.9,868,868,5808.95,7.17,930,930,4134.98,4.56,951,951,3391.25,3.59,931,931,4773.91,5.41
0.9,822,822,5415,7.06,912,912,4228.29,4.77,933,933,3516.48,3.71,905,905,4647.79,5.68
0.9,812,812,5394.26,7.15,899,899,3980.13,4.42,931,931,3256.66,3.41,909,909,4435.91,5.16
0.9,829,829,5404.02,6.84,900,900,3996.76,4.34,920,920,3472.05,3.69,915,915,4577.85,5.49
0.9,816,816,5193.03,6.96,915,915,3994.54,4.48,944,944,3221.25,3.34,903,903,4460.42,5.4
0.9,828,828,5275.15,6.84,901,901,3974.98,4.26,927,927,3166.91,3.25,897,897,4401.73,5.21
0.95,865,865,5845.72,7.18,913,913,4093.79,4.48,943,943,3339.01,3.43,928,928,4578.9,5.35
0.95,824,824,5423.02,7.11,906,906,4193.61,4.62,930,930,3429.08,3.41,908,908,4534.75,5.2
0.95,822,822,5336,6.97,889,889,3980.14,4.35,922,922,3265.01,3.52,890,890,4518.93,5.22
0.95,820,820,5517.2,7.13,896,896,4099.77,4.59,922,922,3162,3.36,906,906,4550.22,5.31
0.95,853,853,5606.73,7.02,917,917,4139.35,4.4,937,937,3260.44,3.28,917,917,4637.76,5.34
0.95,862,862,5444.59,6.94,912,912,4007.49,4.39,944,944,3356.44,3.4,922,922,4496.16,5.12
0.95,848,848,5692.82,7.22,916,916,4118.14,4.65,938,938,3371.38,3.51,899,899,4745.61,5.65
0.95,855,855,5574.9,6.94,918,918,4115.5,4.45,939,939,3180.58,3.25,912,912,4425.27,4.99
0.95,846,846,5448.02,7.03,914,914,4001.38,4.33,940,940,3299.68,3.43,916,916,4499.14,5.07
0.95,820,820,5572.12,7.14,916,916,4170.57,4.47,927,927,3284.03,3.37,928,928,4286.66,4.71
0.95,846,846,5517.54,6.98,917,917,4130.64,4.39,935,935,3238.38,3.25,910,910,4491.8,5.19
0.95,853,853,5622.21,7.03,914,914,3974.87,4.38,929,929,3175.16,3.27,911,911,4515.59,5.14
0.95,842,842,5801.07,7.24,929,929,4112.16,4.41,941,941,3206.47,3.29,919,919,4629.39,5.22
0.95,833,833,5769.49,7.46,915,915,4132.43,4.61,931,931,3164.71,3.23,907,907,4589.91,5.38
0.95,844,844,5598.45,7.13,916,916,4000.25,4.29,935,935,3175.02,3.21,923,923,4420.18,4.89
0.95,825,825,5593.5,7.07,907,907,4127.13,4.47,940,940,3396.8,3.49,901,901,4545.26,5.34
0.95,824,824,5341.07,6.9,898,898,3900.95,4.24,928,928,3196.96,3.32,905,905,4448.38,5.18
0.95,841,841,5430.97,6.98,898,898,4127.1,4.55,931,931,3359.84,3.45,916,916,4515.04,5.19
0.95,817,817,5543.77,7.52,901,901,4134.77,4.48,931,931,3395.95,3.56,905,905,4495.68,5.38
0.95,796,796,5472.22,7.44,884,884,3990.68,4.66,926,926,3381.7,3.52,930,930,4563.14,5.25
1,856,856,5802.37,7.18,924,924,4006.06,4.16,941,941,3089.7,2.96,918,918,4512.59,5.13
1,835,835,5404.29,6.94,897,897,3864.48,4.36,936,936,3050.32,3,917,917,4374.24,4.94
1,827,827,5358.7,6.99,908,908,3999.85,4.45,938,938,3153.73,3.14,910,910,4559.53,5.21
1,831,831,5453.84,6.93,907,907,4033.2,4.49,930,930,2988.38,2.99,918,918,4659.69,5.33
1,845,845,5655.68,7.03,929,929,4122.51,4.4,941,941,3233.72,3.23,910,910,4486.94,5.26
1,837,837,5506.47,7.16,902,902,3969.55,4.4,943,943,3210.49,3.17,899,899,4442.63,5.2
1,846,846,5674.01,7.28,929,929,4189.48,4.45,959,959,3373.71,3.23,923,923,4467.25,5.13
1,847,847,5616.59,6.98,916,916,4241.93,4.6,933,933,3364.77,3.51,921,921,4505.57,5.04
1,851,851,5641.88,7.13,931,931,4029.09,4.3,944,944,3138.96,3.12,930,930,4538.01,5.13
1,821,821,5422.99,7,895,895,3901.78,4.25,918,918,3129.19,3.19,897,897,4481.84,5.27
1,830,830,5532.68,7.1,917,917,4052.9,4.39,922,922,3242.4,3.34,916,916,4727.42,5.6
1,858,858,5746.79,7.35,917,917,4271.25,4.75,937,937,3284.22,3.37,910,910,4555.18,5.33
1,849,849,5775.64,7.31,920,920,3997.18,4.2,949,949,3185.65,3.11,944,944,4736.79,5.17
1,858,858,5491.47,6.83,920,920,4055.48,4.4,940,940,3162.64,3.08,920,920,4586.54,5.31
1,848,848,5567.38,6.99,901,901,4042.38,4.62,921,921,3148.24,3.25,929,929,4454.23,5.05
1,860,860,5809.83,7.26,918,918,4055.66,4.4,940,940,3014.95,2.93,925,925,4062.46,4.44
1,841,841,5723.33,7.4,917,917,4223.25,4.62,943,943,3343.93,3.57,934,934,4372.61,5.04
1,849,849,5728.38,7.16,915,915,4096.63,4.39,935,935,3407.42,3.6,901,901,4821.1,5.8
1,854,854,5665.71,7.17,912,912,4087.22,4.46,950,950,3297.11,3.32,915,915,4663.01,5.4
1,842,842,5358.11,6.62,930,930,4134.25,4.51,950,950,3129.52,3.07,925,925,4532.9,5.15
1.1,847,847,5732.93,7.25,922,922,3929.85,4.23,953,953,3084.1,2.96,936,936,4476.82,4.78
1.1,875,875,5788.77,6.96,938,938,4077.34,4.4,949,949,3228.92,3.24,924,924,4515.75,5.15
1.1,874,874,5926.75,7.26,926,926,3940.62,4.16,965,965,3095.28,3.03,948,948,4320.35,4.75
1.1,865,865,5913.82,7.45,921,921,4159.48,4.49,956,956,3186.9,3.14,950,950,4456.67,4.84
1.1,853,853,5852.84,7.31,923,923,3914.21,4.2,938,938,3031.98,3.13,913,913,4368.35,5.23
1.1,876,876,5598.83,6.86,936,936,4075.8,4.26,955,955,3133.72,3.1,933,933,4526.7,5.08
1.1,863,863,5810.45,7.22,932,932,3930.83,4.26,953,953,3109.1,2.98,928,928,4441.15,4.99
1.1,867,867,6198.12,7.64,936,936,4324,4.63,956,956,3374.58,3.45,943,943,4554.32,5.08
1.1,868,868,5984.39,7.47,930,930,4083.7,4.46,963,963,3127.54,3.07,945,945,4366.37,4.87
1.1,857,857,5669.16,6.89,934,934,4148.99,4.34,958,958,3257.02,3.28,920,920,4587.69,5.62
1.1,853,853,5788.81,7.18,921,921,4032.31,4.32,943,943,3232.71,3.18,911,911,4639.35,5.49
1.1,863,863,6030.27,7.39,934,934,4194.56,4.38,958,958,3140.6,3.01,931,931,4629.3,5.21
1.1,846,846,5790.53,7.41,924,924,3942.8,4.21,942,942,3071.49,3.05,924,924,4375.76,4.91
1.1,849,849,5747.54,7.31,914,914,4122.89,4.62,950,950,3207.69,3.1,942,942,4727.14,5.39
1.1,876,876,6047.82,7.35,948,948,4176.5,4.39,968,968,3199.22,3.1,933,933,4563.62,5.23
1.1,841,841,5596.95,7.12,923,923,4078.36,4.37,942,942,3152.77,3.11,921,921,4373.16,5.21
1.1,831,831,5862.9,7.61,916,916,3960.9,4.13,936,936,3237.8,3.3,920,920,4411.08,5.03
1.1,856,856,5740.58,7.26,921,921,3993.74,4.31,940,940,3189.7,3.29,913,913,4521.88,5.14
1.1,850,850,5695.92,7.15,926,926,3934.98,4.22,939,939,3096.09,3.11,942,942,4547.51,5.21
1.1,831,831,5680.32,7.29,883,883,3944.23,4.44,918,918,3239.52,3.3,898,898,4304.65,5.02
1.2,865,865,6069.72,7.33,918,918,4124.05,4.37,943,943,3127.8,3.17,923,923,4428.78,5.06
1.2,854,854,5962.39,7.51,920,920,4118.04,4.28,955,955,2967.71,2.79,940,940,4136.74,4.52
1.2,875,875,6048.62,7.39,948,948,4049.77,4.15,958,958,3032.51,2.87,959,959,4412.77,4.71
1.2,872,872,5850.03,7.13,930,930,4054.48,4.34,949,949,3076.1,3.08,931,931,4622.76,5.43
1.2,866,866,5806.1,7.2,940,940,4162.79,4.39,958,958,3041.27,3.03,930,930,4512.44,5.14
1.2,896,896,6029.16,7.28,931,931,3977.07,4.22,947,947,2946.74,2.9,927,927,4249.19,4.87
1.2,866,866,6038.62,7.34,934,934,4046.84,4.17,954,954,3043.44,2.91,943,943,4445.36,4.78
1.2,863,863,6131.24,7.53,920,920,4042.01,4.29,941,941,3054.73,3.13,922,922,4774.78,5.59
1.2,849,849,6034.21,7.62,929,929,4284.09,4.69,955,955,3277.76,3.31,930,930,4536.31,5
1.2,860,860,6090.86,7.89,912,912,4076.97,4.41,949,949,3150.94,3.09,927,927,4342.76,4.9
1.2,868,868,6000.13,7.63,914,914,4135.21,4.5,939,939,3117.91,3.07,904,904,4583.43,5.38
1.2,851,851,5940.82,7.52,917,917,4204.36,4.7,938,938,3270.62,3.32,923,923,4230.97,4.94
1.2,892,892,5971.75,7.18,941,941,3921.88,4.04,951,951,2952.76,2.84,931,931,4187.2,4.89
1.2,865,865,5936.55,7.46,925,925,3934.99,4.13,943,943,3046.93,2.89,927,927,4381.34,4.88
1.2,852,852,5941.37,7.48,934,934,3937.39,4.04,945,945,3070.74,3.03,927,927,4638.44,5.15
1.2,888,888,6233.37,7.37,946,946,4018.25,4.2,959,959,3090.46,2.97,939,939,4398.99,4.87
1.2,861,861,5839.7,7.35,919,919,3847.79,4.02,939,939,2958.32,2.82,925,925,4284.62,4.73
1.2,870,870,5902.57,7.18,941,941,3993.74,4.18,957,957,3026.01,3.05,941,941,4565.5,5
1.2,865,865,5887.82,7.05,933,933,4100.04,4.24,950,950,3242.57,3.1,943,943,4333.8,4.65
1.2,889,889,6224.43,7.41,952,952,3839.62,3.97,969,969,2932.95,2.83,964,964,4391.04,4.8
1.3,865,865,6303.06,7.68,942,942,3824.44,3.99,959,959,2757.93,2.62,934,934,4277.33,5.06
1.3,855,855,5868.61,7.31,938,938,3892.55,3.97,961,961,2866.93,2.73,948,948,4332.4,4.71
1.3,889,889,6223.12,7.39,934,934,3988.29,4.12,953,953,2820.21,2.69,942,942,4463.31,5.02
1.3,886,886,6036.7,7.24,930,930,3914.62,4.05,954,954,2993.82,2.81,945,945,4298.4,4.98
1.3,854,854,6114.03,7.61,926,926,4015.84,4.13,939,939,2924.51,2.78,920,920,4438.09,5.06
1.3,863,863,6166.47,7.7,929,929,4054.25,4.3,965,965,3140.94,3.07,938,938,4231.98,4.52
1.3,871,871,5958.05,7.26,944,944,4045.2,4.2,959,959,2932.52,2.7,938,938,4397.35,4.69
1.3,858,858,5972.31,7.31,943,943,3985.1,4.23,964,964,3089.44,3.03,931,931,4303.62,4.74
1.3,886,886,6160.92,7.31,943,943,4110.58,4.21,961,961,3169.8,3,935,935,4465.42,4.83
1.3,875,875,6125.42,7.42,932,932,4165.41,4.61,965,965,3021.69,2.94,953,953,4211.73,4.66
1.3,870,870,6198.28,7.51,925,925,4114.65,4.26,951,951,3068.76,3.04,938,938,4281.54,4.6
1.3,877,877,6241.29,7.58,935,935,4056.41,4.21,956,956,2966.69,2.77,934,934,4142.68,4.66
1.3,862,862,6102.61,7.63,927,927,3939.41,4.18,949,949,2877.08,2.71,937,937,4554.82,5.26
1.3,864,864,5980.75,7.29,920,920,4081.31,4.35,941,941,3005.35,2.79,937,937,4434.21,4.87
1.3,865,865,6003.31,7.37,934,934,4084.54,4.28,954,954,3034.21,2.9,925,925,4599.5,5.04
1.3,876,876,5865.3,7,949,949,4127.16,4.4,956,956,2996.35,2.9,946,946,4323.95,4.79
1.3,874,874,5892.77,7.25,941,941,3974.85,4.05,968,968,2960.6,2.78,942,942,4408.28,4.86
1.3,857,857,6047.37,7.31,923,923,3996.28,4.31,967,967,2998.37,2.9,940,940,4350.21,4.71
1.3,857,857,5910.73,7.36,920,920,3969.2,4.21,945,945,3133.97,3.08,923,923,4530.3,5.12
1.3,864,864,6185.04,7.6,933,933,4036.43,4.29,941,941,2891.69,2.65,938,938,4084.97,4.42
1.4,875,875,6033.91,7.17,947,947,4039.87,4.08,952,952,2923.93,2.82,936,936,3914.34,4.44
1.4,854,854,5841.34,7.01,926,926,4058.01,4.45,944,944,2817.8,2.75,939,939,3945.64,4.36
1.4,877,877,6162.92,7.58,940,940,3905.92,3.96,960,960,2702.44,2.43,949,949,4155.7,4.43
1.4,879,879,6150.06,7.49,946,946,4089.97,4.24,946,946,2944.7,2.9,947,947,4416.99,4.8
1.4,860,860,6061.53,7.33,932,932,3949.39,4.21,950,950,2751.32,2.68,945,945,4404.04,4.81
1.4,874,874,6235.82,7.38,941,941,4146.72,4.3,958,958,3032.26,2.89,939,939,4310.35,4.89
1.4,882,882,6271.98,7.53,927,927,4047.23,4.17,951,951,2923.45,2.65,929,929,4364.73,4.68
1.4,882,882,6222.61,7.61,937,937,3884.38,3.8,957,957,2867.77,2.53,938,938,4155.52,4.45
1.4,890,890,6267.58,7.51,942,942,3978.79,3.99,957,957,2908.91,2.68,941,941,4227.88,4.48
1.4,871,871,6351.05,7.68,931,931,4068.2,4.39,952,952,3143.37,3.16,947,947,4552.09,5.15
1.4,860,860,6226.75,7.66,932,932,4025.55,4.05,953,953,3021.82,2.84,952,952,4238.2,4.55
1.4,870,870,6207.6,7.86,923,923,4014.25,4.09,943,943,3013.49,2.79,932,932,4236.88,4.7
1.4,884,884,6153.09,7.43,941,941,4108.32,4.19,955,955,2969.15,2.81,950,950,4198.1,4.48
1.4,891,891,6372.21,7.62,941,941,3924.06,3.99,957,957,2767.03,2.72,939,939,4423.9,5.11
1.4,866,866,6376.18,7.71,928,928,3868.87,3.98,959,959,2879.94,2.72,954,954,4410.03,4.88
1.4,875,875,6212.39,7.47,943,943,3984.85,4.02,968,968,3026.98,2.8,940,940,4478.58,4.88
1.4,887,887,6147.58,7.33,951,951,3942.76,4.05,961,961,2986.87,2.87,951,951,4464.54,4.74
1.4,887,887,6261.17,7.61,931,931,3924.17,4.08,961,961,2943.35,2.85,952,952,4465.67,4.67
1.4,880,880,6132.34,7.25,929,929,4087.91,4.31,956,956,3014.38,2.89,956,956,4317.34,4.78
1.4,879,879,6092.18,7.32,930,930,3996.65,4.22,944,944,2861.86,2.73,934,934,4060.18,4.41
1.5,866,866,6055.28,7.37,930,930,3934.14,3.9,959,959,3090.1,2.8,950,950,4520.28,4.78
1.5,893,893,6398.17,7.74,941,941,3987.93,4.12,962,962,2754.08,2.5,938,938,4082.73,4.42
1.5,889,889,6219.84,7.36,941,941,3859.77,4.02,961,961,2727.53,2.5,948,948,4227.8,4.6
1.5,882,882,6209.34,7.48,934,934,3875.9,3.85,940,940,2918.54,2.75,941,941,4433.84,4.83
1.5,879,879,6385.14,7.69,938,938,4070.02,4.16,961,961,3166.3,3.06,944,944,4461.7,5.09
1.5,904,904,6361.38,7.43,947,947,4009.76,4.09,969,969,2875.04,2.67,954,954,4279.69,4.71
1.5,882,882,6155.62,7.4,938,938,3932.82,4.08,954,954,2856.69,2.68,942,942,4209.52,4.6
1.5,895,895,6360.68,7.69,935,935,4181.5,4.37,963,963,3028.45,2.89,947,947,4290.89,4.89
1.5,885,885,6165.29,7.41,927,927,3871.85,4.2,952,952,2765.81,2.66,950,950,4345.03,4.77
1.5,886,886,6324.75,7.58,937,937,3977.2,3.95,949,949,2883.36,2.63,947,947,4232.65,4.51
1.5,876,876,6207.62,7.5,929,929,3763.72,3.92,944,944,2704.11,2.6,941,941,4114.65,4.57
1.5,892,892,6420.49,7.6,944,944,4284.72,4.4,960,960,3052.83,2.93,949,949,4765.07,5.23
1.5,858,858,6133.88,7.47,921,921,3838.63,4.07,951,951,2701.1,2.49,944,944,4438.63,4.84
1.5,896,896,6204.54,7.32,955,955,3844.71,3.95,969,969,2742.27,2.54,961,961,4222.5,4.69
1.5,886,886,6237.76,7.43,930,930,3797.12,4.04,952,952,2763.23,2.51,940,940,4328.39,4.81
1.5,886,886,6082.46,7.18,940,940,4058.1,4.15,962,962,3030.43,2.8,954,954,4313.34,4.58
1.5,894,894,6344.48,7.61,951,951,4134.69,4.21,965,965,3057.5,3.01,950,950,4083.52,4.35
1.5,874,874,6050.01,7.42,944,944,3906.9,4.12,957,957,2801.29,2.56,952,952,4330.73,4.79
1.5,889,889,6415.9,7.81,944,944,3866.6,3.88,954,954,2860.05,2.6,946,946,4259.74,4.74
1.5,853,853,6271.22,7.78,928,928,3960.77,4.05,955,955,2778.96,2.5,937,937,4335.85,4.71
1.6,905,905,6570.54,7.68,949,949,3896.72,4.03,963,963,2711.87,2.56,965,965,4069,4.24
1.6,875,875,6313.17,7.54,957,957,3934.74,3.99,967,967,2643.99,2.4,962,962,4411.15,4.77
1.6,917,917,6287.65,7.04,952,952,3786.22,3.84,965,965,2796.21,2.66,963,963,3994.19,4.18
1.6,908,908,6554.33,7.63,956,956,3736.17,3.71,971,971,2607.64,2.35,952,952,4367.87,4.69
1.6,913,913,6422.51,7.26,951,951,3858.9,3.97,965,965,2643.76,2.41,950,950,4108.03,4.45
1.6,884,884,6308.38,7.54,933,933,3938.28,4.07,958,958,2830.89,2.66,957,957,4210.04,4.35
1.6,875,875,6613.38,8.12,952,952,3996.5,3.93,961,961,2689.91,2.44,955,955,4180.77,4.53
1.6,877,877,6326.51,7.7,945,945,4037.42,4.16,956,956,2816.93,2.6,949,949,4312.91,4.74
1.6,888,888,6369.5,7.56,948,948,3995.14,4.05,962,962,2838.14,2.54,952,952,4000.49,4.15
1.6,878,878,6273.29,7.51,940,940,4132.51,4.25,951,951,3049.28,2.85,939,939,4276.62,4.93
1.6,867,867,6385.6,7.74,936,936,3861.97,4.08,964,964,2730.71,2.67,957,957,4188.34,4.51
1.6,882,882,6327.17,7.71,926,926,4090.92,4.19,946,946,2908.35,2.83,943,943,4105.99,4.47
1.6,904,904,6469.58,7.42,948,948,3802.57,3.82,961,961,2504.84,2.22,958,958,3684.71,3.78
1.6,895,895,6516.44,7.69,957,957,4178.44,4.21,959,959,2758.1,2.57,950,950,4162.54,4.56
1.6,882,882,6471.28,7.78,934,934,3854.96,4.04,957,957,2597.86,2.4,948,948,4049.12,4.27
1.6,891,891,6542.84,7.6,945,945,3934.6,4.06,973,973,2827.44,2.61,942,942,4263.8,4.65
1.6,912,912,6323.41,7.21,946,946,3873.12,4.09,961,961,2651.22,2.46,961,961,3884.2,4.28
1.6,902,902,6442.91,7.55,956,956,3889.23,3.85,961,961,2763.89,2.72,946,946,4063.22,4.4
1.6,894,894,6588.67,7.9,931,931,3819.01,3.81,951,951,2632.87,2.43,949,949,3976.79,4.29
1.6,891,891,6361.86,7.68,929,929,3789.45,3.92,957,957,2569.57,2.27,950,950,4016.55,4.18
1.7,866,866,6394.94,7.83,935,935,3897.25,3.92,953,953,2761.31,2.62,940,940,3941.89,4.14
1.7,884,884,6497.52,7.72,937,937,3785.61,3.98,950,950,2576.75,2.43,957,957,3771.43,4.02
1.7,902,902,6683.94,7.99,953,953,3719.1,3.74,962,962,2412.03,2.12,950,950,3927.11,4.18
1.7,883,883,6293.9,7.54,922,922,3758.93,3.86,951,951,2651.53,2.46,946,946,3788.11,4.13
1.7,874,874,6332.48,7.63,929,929,3865.28,4.02,962,962,2892,2.82,960,960,3749.1,4.04
1.7,890,890,6462.47,7.75,937,937,3826.05,3.98,961,961,2731.04,2.52,943,943,4016.6,4.2
1.7,895,895,6461.62,7.39,947,947,3858.98,3.92,965,965,2748.73,2.51,953,953,3868.84,4.03
1.7,892,892,6488.32,7.57,940,940,3837.95,3.8,966,966,2780.73,2.45,956,956,4295.88,4.36
1.7,887,887,6498.61,7.77,944,944,3943.87,3.96,960,960,2877.92,2.65,968,968,3873.97,3.95
1.7,882,882,6395.65,7.68,942,942,3936.11,4.14,958,958,2522.35,2.3,938,938,4207.27,4.69
1.7,902,902,6572.15,7.74,946,946,3883.57,3.87,966,966,2670.13,2.46,967,967,4149.48,4.46
1.7,889,889,6269.53,7.24,945,945,3966.03,4.05,966,966,2659.9,2.34,934,934,4076.6,4.44
1.7,907,907,6482,7.66,951,951,3923.25,4.03,967,967,2668.5,2.4,950,950,3863.75,4.06
1.7,875,875,6324.65,7.73,930,930,3968.12,4.01,948,948,2695.23,2.5,937,937,4228.8,4.85
1.7,874,874,6606.65,8.03,945,945,3990.37,4.08,957,957,2802.45,2.57,946,946,4189.09,4.7
1.7,908,908,6507.47,7.6,947,947,3855.23,3.86,961,961,2839.88,2.6,963,963,4027.52,4.12
1.7,876,876,6388.82,7.78,950,950,3969.95,4.18,974,974,2819.71,2.66,957,957,4195.35,4.56
1.7,897,897,6563.8,7.75,951,951,3869.33,4.09,974,974,2721.28,2.62,957,957,4238.17,4.59
1.7,874,874,6428.58,7.76,926,926,3827.21,3.92,957,957,2799.93,2.59,931,931,4022.92,4.39
1.7,882,882,6208.34,7.36,933,933,3864.07,3.97,949,949,2677.84,2.45,941,941,4366.94,4.82
1.8,894,894,6680.27,7.92,955,955,4028.23,4.16,961,961,2730.41,2.51,957,957,3871.02,4.14
1.8,879,879,6211.53,7.46,945,945,3848.91,3.83,963,963,2754.51,2.48,945,945,4217.92,4.57
1.8,905,905,6482.24,7.63,961,961,4084.1,4.12,967,967,2743.96,2.52,949,949,3888.42,4.23
1.8,908,908,6597.41,7.68,963,963,3920.96,3.87,974,974,2511.81,2.24,967,967,4237.57,4.51
1.8,883,883,6493.03,7.72,941,941,3900.67,3.98,955,955,2505.34,2.33,948,948,4016.1,4.33
1.8,886,886,6533.73,7.64,939,939,3997.52,4.09,951,951,2530.87,2.32,937,937,3830.02,4.05
1.8,879,879,6330.09,7.58,937,937,3801.13,3.89,967,967,2610.6,2.38,958,958,4013.14,4.29
1.8,893,893,6637.86,7.83,950,950,3945.11,3.91,964,964,2610.1,2.34,950,950,4117.33,4.35
1.8,906,906,6515.6,7.59,945,945,3919.63,4.03,963,963,2650.41,2.35,963,963,4033.65,4.26
1.8,897,897,6681.11,7.84,953,953,3928.02,4,962,962,2592.68,2.41,953,953,3819.07,4.22
1.8,918,918,6738.78,7.76,961,961,3957.26,4.02,973,973,2587.38,2.35,964,964,3672.13,3.84
1.8,903,903,6457.17,7.66,945,945,3771.88,3.87,960,960,2479.72,2.35,949,949,4182.18,4.61
1.8,888,888,6411.32,7.56,936,936,3724.62,3.77,944,944,2641.23,2.52,952,952,3816.5,4.21
1.8,894,894,6654.83,7.83,949,949,3902.99,3.96,965,965,2475.71,2.15,956,956,4054.01,4.28
1.8,904,904,6742.42,7.82,953,953,3930.12,3.96,964,964,2484.5,2.2,966,966,4017.92,4.17
1.8,893,893,6602.7,7.97,942,942,3899.93,4.02,965,965,2702.27,2.44,963,963,3975.28,4.1
1.8,903,903,6446.64,7.4,957,957,4051.25,4.22,963,963,2604.1,2.27,956,956,3911.48,4.16
1.8,889,889,6515.28,7.65,934,934,3896.04,3.91,952,952,2802.45,2.7,950,950,3996.44,4
1.8,912,912,6772.01,7.83,947,947,3813.04,3.9,965,965,2629.56,2.37,957,957,4224.12,4.57
1.8,896,896,6723.64,7.82,945,945,3639.21,3.61,958,958,2481.1,2.29,961,961,4028.69,4.19
1.9,885,885,6606.75,7.84,931,931,3695.39,3.78,954,954,2593.45,2.33,956,956,3829.93,4
1.9,886,886,6507.86,7.9,948,948,3894.14,3.87,967,967,2605.42,2.33,964,964,4031.75,4.29
1.9,905,905,6444.03,7.55,967,967,3735.42,3.72,976,976,2448.48,2.13,971,971,3824.31,3.88
1.9,901,901,6635.52,7.74,953,953,3895.34,3.98,964,964,2505.57,2.3,966,966,3416.02,3.77
1.9,902,902,6582.98,7.72,938,938,3760.86,3.79,959,959,2539.59,2.32,945,945,4110.4,4.39
1.9,905,905,6718.47,7.66,956,956,3762.55,3.71,966,966,2457.78,2.23,950,950,4128.13,4.36
1.9,905,905,6450.85,7.37,957,957,3792.07,3.78,970,970,2552.05,2.32,956,956,3961.11,4.19
1.9,887,887,6540.53,7.92,930,930,3839.52,3.86,946,946,2416.31,2.19,948,948,3644.99,3.79
1.9,913,913,6921.21,7.81,959,959,3930.14,3.9,972,972,2496.89,2.1,955,955,3855.8,4.09
1.9,894,894,6671.61,7.87,941,941,3985.98,4.11,959,959,2493.35,2.2,964,964,3482.56,3.63
1.9,904,904,6499.72,7.6,948,948,3869.72,3.84,962,962,2380.46,2.09,954,954,3970.37,4.29
1.9,887,887,6606.93,7.82,939,939,3877.03,3.86,958,958,2542.41,2.24,947,947,3922.03,4.22
1.9,880,880,6526.73,7.7,945,945,3836.27,4.04,953,953,2632.36,2.36,934,934,3878.37,4.22
1.9,892,892,6442.77,7.77,943,943,3641.58,3.73,958,958,2482.38,2.23,947,947,3950.96,4.14
1.9,891,891,6685.13,7.81,945,945,3898.25,4.02,960,960,2632.53,2.46,963,963,3959.14,4.1
1.9,897,897,6581.7,7.78,956,956,3863.5,3.91,966,966,2458.68,2.21,967,967,3749.89,3.89
1.9,891,891,6701.79,7.9,942,942,3790.87,3.87,965,965,2597.44,2.31,956,956,4017.3,4.41
1.9,893,893,6399.88,7.56,948,948,3800.21,3.73,961,961,2531.2,2.23,955,955,3841.28,4.06
1.9,893,893,6750.26,7.93,938,938,3845.03,3.87,960,960,2613.19,2.31,953,953,4182.35,4.51
1.9,893,893,6710.3,7.75,938,938,3766.99,3.7,953,953,2549.01,2.32,946,946,4281.67,4.61
2,892,892,6537.71,7.78,950,950,3899.49,3.92,968,968,2530.2,2.3,958,958,4087.27,4.3
2,906,906,6436.26,7.6,941,941,3572.81,3.61,962,962,2213.77,1.91,956,956,3854.85,4.12
2,890,890,6538.05,7.79,935,935,3748.62,3.86,954,954,2550.01,2.34,937,937,3728.62,4.22
2,895,895,6657.96,7.87,956,956,3919.23,3.82,973,973,2708.23,2.41,966,966,4022.04,4.19
2,905,905,6504.37,7.66,961,961,3896.14,3.89,977,977,2568.97,2.15,970,970,3956.9,4.13
2,914,914,6767.72,7.76,950,950,3962.85,3.91,968,968,2537.58,2.26,962,962,3984.54,4.17
2,908,908,6742.09,7.83,954,954,3837.3,3.74,973,973,2398.77,1.98,969,969,3809.88,4.1
2,890,890,6617.01,7.76,943,943,3848.81,3.78,959,959,2638.5,2.35,953,953,3938.84,3.93
2,912,912,6559.57,7.55,957,957,3811.93,3.87,976,976,2542.96,2.27,966,966,3712.07,3.81
2,909,909,6784.41,7.86,949,949,3884.35,3.88,965,965,2574.63,2.22,950,950,3917.41,4.23
2,881,881,6567.17,7.82,943,943,3834.07,3.93,944,944,2520.87,2.36,949,949,3766.19,4.15
2,887,887,6404.34,7.72,938,938,3774.51,3.83,963,963,2496.83,2.28,961,961,3944.59,4.01
2,899,899,6602.03,7.7,953,953,3962.94,3.97,968,968,2587.78,2.43,959,959,3882.45,4.18
2,895,895,6500.9,7.64,934,934,3750.33,3.73,952,952,2391.31,2.19,948,948,4041.14,4.48
2,901,901,6784.61,7.89,955,955,3831.44,3.77,968,968,2415.18,2.13,950,950,3511,3.76
2,924,924,6776.17,7.7,966,966,3826.46,3.82,973,973,2296.77,2.05,960,960,4095.67,4.4
2,882,882,6610.33,7.96,937,937,3765.58,3.85,962,962,2519.51,2.23,949,949,3889.52,4.17
2,905,905,6650.52,7.8,940,940,3850.8,3.97,957,957,2536.17,2.21,962,962,4085.63,4.41
2,900,900,6557.58,7.63,956,956,3851.33,3.9,975,975,2409.43,2.07,966,966,3942.01,4.22
2,893,893,6479.26,7.63,952,952,3918.14,4.06,972,972,2537.82,2.21,951,951,4009.26,4.36
3,913,913,6915.08,7.79,954,954,3377.86,3.33,972,972,1921.98,1.64,964,964,3260.02,3.4
3,923,923,7081.4,8.08,967,967,3376.26,3.22,974,974,1840.37,1.52,966,966,3097.51,3.31
3,913,913,6992.5,7.92,952,952,3397.56,3.26,965,965,2004.65,1.69,968,968,2923.92,2.93
3,917,917,6978.68,7.93,942,942,3371.15,3.28,952,952,1975.45,1.8,945,945,3178.34,3.38
3,927,927,7135.25,8.02,955,955,3527.92,3.37,977,977,2124.86,1.8,974,974,3477.75,3.66
3,920,920,7151.55,8.05,958,958,3301.04,3.23,972,972,1737.19,1.4,959,959,3123.07,3.47
3,934,934,7106.77,7.96,964,964,3303.98,3.01,971,971,1925.22,1.58,969,969,3078.99,3.24
3,914,914,7177.94,8.14,953,953,3422.58,3.34,965,965,1853.97,1.48,965,965,2996.83,3.08
3,916,916,7165.84,8.17,965,965,3667.33,3.58,971,971,2012.48,1.73,972,972,2821.82,2.86
3,917,917,7112.75,8.06,952,952,3440.54,3.44,968,968,2019.09,1.79,965,965,2877.85,3.02
3,921,921,6997.39,8.01,970,970,3417.41,3.15,969,969,1813.95,1.57,970,970,3145.33,3.25
3,912,912,6844.63,7.91,959,959,3367.96,3.29,969,969,1783.62,1.49,969,969,3028.12,3.1
3,912,912,6902.78,7.94,954,954,3499.5,3.39,965,965,1892.66,1.62,956,956,2971.05,3.15
3,914,914,6893.2,7.88,953,953,3414,3.22,963,963,1863.24,1.55,964,964,3150.89,3.29
3,927,927,6943.43,7.84,966,966,3584.7,3.54,974,974,1920.4,1.63,969,969,3324.42,3.37
3,910,910,6808.27,7.88,956,956,3530.42,3.45,970,970,2090.72,1.79,961,961,3619.5,3.89
3,915,915,7023.72,8.04,948,948,3433.79,3.36,968,968,1999.13,1.77,967,967,3361.04,3.49
3,918,918,6971.63,7.84,967,967,3574.77,3.42,975,975,1958.12,1.65,955,955,3604.87,3.94
3,911,911,7076.04,8.2,961,961,3511.26,3.34,971,971,1857.11,1.57,960,960,3230.55,3.35
3,906,906,7221.1,8.31,955,955,3637.62,3.56,965,965,2050.75,1.79,976,976,3390.34,3.58
4,932,932,7488.45,8.35,962,962,3119.59,2.86,972,972,1582.13,1.29,971,971,2873.15,3.16
4,916,916,7374.56,8.38,949,949,3084.9,2.79,961,961,1660.13,1.39,963,963,2860.7,3.1
4,906,906,6904.48,7.95,953,953,3066.5,2.78,951,951,1577.82,1.32,949,949,2643.55,2.71
4,895,895,7017.67,8.13,945,945,3119.47,2.93,950,950,1640.85,1.37,951,951,2731.63,2.92
4,929,929,7033.34,7.74,963,963,3130.1,2.92,972,972,1579.52,1.36,971,971,2773.77,2.85
4,921,921,7144.04,7.86,960,960,3152.94,3.01,960,960,1647.64,1.44,960,960,3028.8,3.14
4,922,922,7136.93,8.1,950,950,3068.04,2.87,966,966,1571.82,1.27,964,964,2971.94,3.3
4,922,922,7223.61,8.14,958,958,2942.49,2.75,974,974,1531.32,1.26,973,973,2786.38,2.95
4,926,926,7065.18,7.8,951,951,3130.4,2.87,962,962,1622.7,1.37,965,965,2851.03,3.08
4,911,911,7149.11,8.14,952,952,3140.91,3.02,964,964,1621.49,1.33,963,963,2776.06,2.91
4,915,915,7102.38,7.99,950,950,3225.61,3.1,958,958,1673.07,1.36,960,960,2950.21,3.21
4,921,921,7187.41,8.1,959,959,2992.09,2.78,969,969,1572.26,1.31,970,970,3171.35,3.23
4,914,914,7258.92,8.22,953,953,3046.64,2.81,964,964,1642.04,1.43,963,963,3024.92,3.21
4,921,921,7158.84,8.01,956,956,3341.01,3.12,970,970,1792.29,1.48,968,968,2934.31,3.01
4,922,922,7229.7,8.03,961,961,3179.17,3.03,963,963,1463.16,1.28,963,963,2595.13,2.72
4,922,922,7439.52,8.37,952,952,3076.69,2.95,956,956,1444.99,1.2,953,953,2828.76,2.91
4,921,921,7016.48,7.93,956,956,2846.26,2.58,965,965,1569.84,1.32,967,967,2991.74,3.14
4,927,927,7294.33,8.07,961,961,3191.95,2.94,969,969,1667.52,1.35,971,971,3340.03,3.48
4,928,928,7235.4,8.05,954,954,2917.14,2.69,961,961,1505.78,1.29,962,962,2947.39,3.19
4,930,930,7361.85,8.28,956,956,3200.53,3,968,968,1708.27,1.47,962,962,2936.35,3.2
5,921,921,7183.86,8.03,959,959,2739.34,2.47,964,964,1304.73,1.08,969,969,2709.77,2.85
5,926,926,7219.51,8.03,959,959,2725.93,2.49,968,968,1388.27,1.08,971,971,2785.71,2.81
5,925,925,7277.59,8.1,947,947,2820.71,2.64,964,964,1529.62,1.29,960,960,2873.82,3.07
5,921,921,7583.36,8.49,948,948,2943.03,2.71,955,955,1364.52,1.12,960,960,2516.97,2.7
5,929,929,7402.3,8.26,958,958,2769.55,2.58,968,968,1331.94,1.12,965,965,2608.37,2.75
5,933,933,7299.52,8.11,962,962,2878.26,2.67,965,965,1265.74,1.01,963,963,2685.07,2.79
5,931,931,7355.41,8.24,960,960,2816.07,2.65,970,970,1359.07,1.14,969,969,2823.3,3.02
5,934,934,7455.75,8.18,963,963,3081.31,2.77,967,967,1487.55,1.17,968,968,2676.01,2.83
5,913,913,7360.46,8.43,953,953,2929.16,2.69,968,968,1516.04,1.26,967,967,2732.45,2.79
5,906,906,7308.41,8.42,944,944,2972.3,2.74,960,960,1444.93,1.21,955,955,2999.02,3.23
5,947,947,7412.37,8.16,965,965,2817.63,2.54,973,973,1199.5,0.97,972,972,2601.44,2.82
5,925,925,7356.75,8.11,945,945,2714.31,2.55,960,960,1274.64,1.03,956,956,2607.46,2.88
5,931,931,7241.43,7.96,963,963,2942.45,2.71,963,963,1363.14,1.08,962,962,2854.87,3
5,926,926,7317.69,8.07,954,954,2837.65,2.67,964,964,1281.15,1.1,959,959,3264.01,3.48
5,925,925,7368.02,8.18,949,949,2886.37,2.66,959,959,1421.85,1.21,952,952,2652.86,2.85
5,933,933,7432.94,8.18,957,957,2865.27,2.55,968,968,1482.57,1.34,969,969,2739.38,2.82
5,925,925,7499.75,8.44,954,954,2849.82,2.6,956,956,1292.13,1.07,963,963,2709.96,2.79
5,908,908,7203.78,8.05,941,941,2871.67,2.63,946,946,1490.04,1.28,950,950,2268.91,2.48
5,930,930,7439.59,8.34,958,958,2695.48,2.41,968,968,1321.71,1.1,969,969,2451.5,2.56
5,928,928,7374.04,8.14,964,964,2946.98,2.71,971,971,1417.8,1.23,969,969,2778.07,2.9
6,912,912,7393.63,8.38,945,945,2600.97,2.32,950,950,1261.2,1.03,954,954,2368.27,2.62
6,917,917,7386.26,8.15,950,950,2750.76,2.49,954,954,1233.7,1.05,956,956,2715.55,2.84
6,917,917,7253.75,8.13,951,951,2709.24,2.51,963,963,1271.96,1.07,961,961,2664.33,2.79
6,944,944,7376.71,8.01,964,964,2537.99,2.27,966,966,1084.31,0.93,964,964,2212.58,2.38
6,930,930,7392.7,8.06,950,950,2733.9,2.43,954,954,1214.33,0.94,964,964,2669.15,2.75
6,925,925,7364.48,8.22,962,962,2602.08,2.24,964,964,1158.95,0.94,959,959,2318.44,2.36
6,931,931,7331.06,8.17,959,959,2765.88,2.54,969,969,1300.77,1.1,970,970,2897.55,3.13
6,915,915,7259.23,8.07,954,954,2664.93,2.38,955,955,1128.88,0.93,957,957,2391.58,2.62
6,930,930,7282.51,8.06,952,952,2606.81,2.32,957,957,1193.51,0.98,957,957,2715.07,2.81
6,932,932,7436.22,8.17,959,959,2642.55,2.41,965,965,1157.27,0.99,960,960,2395.79,2.67
6,927,927,7449.95,8.34,951,951,2445.26,2.14,959,959,1137.77,0.98,961,961,2658.5,2.72
6,923,923,7314.91,8.27,954,954,2733.88,2.53,965,965,1328.71,1.15,964,964,2529.11,2.68
6,935,935,7506.26,8.22,960,960,2521.69,2.25,970,970,1179.3,0.97,972,972,2280.21,2.41
6,934,934,7460.71,8.18,956,956,2623.94,2.28,963,963,1294.36,1.13,960,960,2568.81,2.77
6,918,918,7175.64,8.05,949,949,2588.72,2.38,959,959,1254.77,1.08,958,958,2487.28,2.72
6,942,942,7396.01,8.09,963,963,2518.79,2.23,967,967,1126.08,0.95,968,968,2702.63,2.71
6,928,928,7488.98,8.36,959,959,2509.8,2.22,963,963,1141.2,0.97,964,964,2752.62,2.82
6,926,926,7474.98,8.19,954,954,2543.5,2.2,965,965,1199.02,0.97,963,963,2478.47,2.57
6,936,936,7505.98,8.2,955,955,2560.3,2.37,962,962,1056.38,0.86,961,961,2328.4,2.4
6,918,918,7363.43,8.21,947,947,2556.02,2.28,954,954,1191.68,0.95,954,954,2723.65,3.01
7,938,938,7319.3,7.98,948,948,2281.21,2.02,959,959,1076.08,0.89,958,958,2437.87,2.65
7,940,940,7618.62,8.29,962,962,2626.34,2.3,962,962,1121.84,0.89,963,963,2497.86,2.67
7,931,931,7276.52,7.92,948,948,2409.72,2.14,960,960,1135.15,0.93,956,956,2600.32,2.86
7,932,932,7557.63,8.29,944,944,2266.58,2.09,954,954,981.5,0.85,950,950,2667.14,2.77
7,918,918,7276.83,8.02,952,952,2550.85,2.26,959,959,1145.85,0.96,962,962,2432.44,2.56
7,947,947,7441.79,8.01,960,960,2521.08,2.27,968,968,1065.67,0.9,967,967,2450.11,2.59
7,934,934,7426.33,8.17,961,961,2410.94,2.15,965,965,1001.33,0.86,968,968,2361.11,2.53
7,932,932,7654.8,8.45,957,957,2417.14,2.08,965,965,1109.09,0.92,958,958,2754.96,2.91
7,924,924,7339.14,8.01,952,952,2485.14,2.3,957,957,990.8,0.84,960,960,2611.99,2.77
7,924,924,7376.07,8.09,960,960,2522.95,2.27,965,965,1110.76,0.93,961,961,2202.62,2.29
7,928,928,7347.25,8.15,956,956,2379.6,2.02,959,959,1124.03,0.98,960,960,2429.98,2.71
7,917,917,7472.69,8.29,942,942,2421.73,2.2,947,947,1004.67,0.83,944,944,2436.15,2.6
7,929,929,7375.5,8.09,963,963,2605.38,2.19,962,962,1155.37,0.94,961,961,2535.78,2.69
7,922,922,7348.65,8.13,953,953,2327.35,2.01,959,959,1057.65,0.9,962,962,2616.33,2.76
7,911,911,7347.34,8.25,940,940,2478.92,2.2,949,949,1123.05,0.92,949,949,2520.83,2.63
7,926,926,7480.3,8.2,961,961,2590.12,2.33,966,966,1176.28,0.99,966,966,2545.78,2.75
7,924,924,7491.48,8.25,957,957,2401.07,2.08,959,959,1046,0.9,959,959,2430.37,2.64
7,931,931,7432.17,8.14,951,951,2519.36,2.27,961,961,1162.85,0.96,962,962,2532.85,2.65
7,929,929,7292.95,7.98,952,952,2485.87,2.25,957,957,1039.15,0.91,958,958,2443.89,2.72
7,919,919,7536.1,8.35,956,956,2364.33,2.13,962,962,1034.24,0.88,959,959,2805.26,2.98
8,945,945,7627.35,8.15,966,966,2297.72,2.02,967,967,847.54,0.73,970,970,2339.93,2.48
8,927,927,7489.66,8.21,942,942,2127.55,1.88,947,947,974.37,0.88,950,950,2410.77,2.6
8,928,928,7442.42,8.1,951,951,2245.14,2.02,954,954,910,0.78,954,954,2242.11,2.42
8,926,926,7750.91,8.57,955,955,2326.57,2.08,960,960,977.49,0.83,954,954,2427.62,2.71
8,935,935,7657.25,8.46,953,953,2273.05,1.97,961,961,1029.96,0.89,958,958,2578.07,2.7
8,930,930,7175.95,7.92,947,947,2264.83,2.02,952,952,983.95,0.83,954,954,2524.03,2.7
8,936,936,7633.55,8.32,958,958,2190.56,2.01,967,967,925.41,0.82,966,966,2281.76,2.51
8,948,948,7602.06,8.21,968,968,2303.31,2.01,972,972,954.94,0.82,976,976,2512.04,2.71
8,922,922,7227.55,8.01,945,945,2292.48,2.01,951,951,971.9,0.82,952,952,2428.34,2.56
8,928,928,7570.77,8.3,949,949,2362.68,2.08,958,958,1053.74,0.88,954,954,2471.11,2.55
8,912,912,7539.87,8.39,941,941,2263.72,2.03,948,948,959.92,0.85,947,947,2187.44,2.34
8,921,921,7645.83,8.44,950,950,2248.55,1.91,954,954,1000.55,0.85,953,953,2423.83,2.51
8,928,928,7239.1,7.88,948,948,2251.77,2.04,954,954,997.15,0.9,952,952,2311.04,2.6
8,937,937,7539.67,8.23,957,957,2136.65,1.87,959,959,937.3,0.81,959,959,2459.12,2.6
8,931,931,7561.09,8.35,960,960,2347.74,2.01,962,962,946.49,0.78,961,961,2344.61,2.53
8,921,921,7715.94,8.63,950,950,2427.23,2.14,952,952,1066.42,0.93,952,952,2568.27,2.7
8,914,914,7224.25,8.13,946,946,2404.84,2.2,953,953,1039.57,0.9,953,953,2343.65,2.53
8,930,930,7579.84,8.3,950,950,2091.57,1.85,956,956,866.35,0.75,955,955,2534.58,2.69
8,926,926,7761.59,8.59,957,957,2527,2.18,955,955,1032.29,0.85,951,951,2508.9,2.68
8,917,917,7435.02,8.31,951,951,2410.12,2.13,961,961,1122.31,0.96,964,964,2526.46,2.77
9,931,931,7519.79,8.26,948,948,1978.13,1.7,954,954,852.31,0.76,952,952,2165.22,2.29
9,926,926,7453.37,8.2,946,946,2126.26,1.84,951,951,1005.32,0.84,951,951,2458.39,2.58
9,918,918,7292.63,8.13,944,944,2091.97,1.81,949,949,936.88,0.79,947,947,2190.85,2.27
9,931,931,7479.16,8.11,955,955,2206.03,1.91,960,960,934.18,0.8,958,958,2331.03,2.51
9,933,933,7640.12,8.3,953,953,2084.99,1.87,962,962,824.02,0.69,960,960,2581.89,2.77
9,935,935,7872.21,8.56,953,953,2130.27,1.82,960,960,947.28,0.78,959,959,2533.1,2.64
9,940,940,7524.35,8.13,961,961,2118.65,1.82,969,969,891.14,0.75,970,970,1987.89,2.05
9,936,936,7219.66,7.83,955,955,1969.61,1.68,958,958,829.2,0.7,959,959,2516.04,2.7
9,940,940,7703.84,8.37,966,966,2046.66,1.66,972,972,1033.41,0.84,970,970,2420.83,2.57
9,919,919,7645.9,8.46,942,942,2144.59,1.93,945,945,827.24,0.73,945,945,2603.83,2.78
9,931,931,7496.42,8.19,943,943,2070.29,1.83,949,949,843.57,0.73,950,950,1935.55,2.03
9,931,931,7654.39,8.47,953,953,2119.79,1.82,954,954,872.37,0.74,954,954,2450.41,2.66
9,936,936,7575.12,8.17,949,949,2147.36,1.93,952,952,851.53,0.73,954,954,2355.63,2.6
9,915,915,7649.18,8.63,948,948,2126.55,1.88,957,957,959.97,0.79,957,957,2343.62,2.53
9,915,915,7489.54,8.36,940,940,2055.78,1.81,949,949,933.85,0.8,942,942,2201.03,2.39
9,935,935,7715.2,8.46,954,954,2084.26,1.82,961,961,929.9,0.75,955,955,2295.28,2.48
9,937,937,7703.42,8.43,951,951,2111.14,1.84,956,956,885.23,0.75,955,955,2627.79,2.85
9,936,936,7718.95,8.4,951,951,1991.62,1.67,954,954,892.25,0.76,955,955,2325.13,2.48
9,924,924,7396.65,8.18,947,947,2101.21,1.79,948,948,874.28,0.74,949,949,2353.04,2.55
9,936,936,7510.24,8.21,952,952,2129.02,1.88,955,955,916.62,0.83,958,958,2508.07,2.65
10,930,930,7492.39,8.26,951,951,1934.89,1.66,954,954,886.34,0.78,953,953,2425.19,2.5
10,929,929,7666.92,8.38,952,952,2030.48,1.74,953,953,867.24,0.75,956,956,2454.11,2.65
10,925,925,7479.23,8.21,939,939,1916.73,1.65,948,948,959.96,0.8,947,947,2544.54,2.68
10,930,930,7627.06,8.35,949,949,1966.57,1.74,952,952,831.05,0.76,955,955,2302.95,2.42
10,926,926,7507.15,8.19,945,945,2054.52,1.81,955,955,947.31,0.81,954,954,2249.4,2.4
10,943,943,7756.6,8.39,960,960,1942.15,1.61,964,964,832.77,0.71,963,963,2299,2.38
10,939,939,7766.13,8.37,948,948,2016.5,1.8,954,954,793.87,0.68,953,953,2037.87,2.22
10,925,925,7261.19,7.96,954,954,2025.23,1.79,960,960,850.5,0.75,961,961,2271.27,2.4
10,935,935,7579.85,8.21,953,953,1842.9,1.57,954,954,755.98,0.66,951,951,2502.83,2.68
10,936,936,7637.47,8.3,955,955,1952.63,1.67,960,960,800.29,0.67,960,960,2478.85,2.56
10,947,947,7660.04,8.1,959,959,1974.64,1.7,961,961,835.84,0.73,964,964,2583.88,2.83
10,940,940,7603.04,8.18,956,956,2093.95,1.77,962,962,998.45,0.88,960,960,2434.38,2.61
10,941,941,7534.7,8.12,961,961,2061.97,1.8,961,961,777.26,0.68,957,957,2405.49,2.56
10,957,957,7734.14,8.22,970,970,2025,1.75,974,974,869.85,0.75,975,975,2548.49,2.65
10,941,941,7695.07,8.22,961,961,2080.43,1.85,964,964,794.76,0.72,964,964,2518.92,2.67
10,943,943,7688.51,8.31,958,958,2076.66,1.75,959,959,830.11,0.72,959,959,2385.74,2.67
10,936,936,7572.03,8.28,958,958,2086.75,1.83,963,963,917.72,0.78,958,958,2448.85,2.58
10,945,945,7898.39,8.51,963,963,2154.59,1.85,964,964,896.3,0.77,962,962,2228.76,2.33
10,918,918,7616.85,8.51,945,945,2026.68,1.75,947,947,827.07,0.71,948,948,2393.6,2.48
10,935,935,7822.39,8.54,954,954,1988.18,1.66,954,954,880.85,0.77,955,955,1993.26,2.06
11,925,925,7519.97,8.21,940,940,1703.2,1.45,940,940,749.48,0.69,942,942,2302.92,2.49
11,922,922,7418.58,8.16,945,945,2086.65,1.87,947,947,851.83,0.77,952,952,2309.6,2.47
11,932,932,7592.11,8.35,950,950,1944.38,1.66,953,953,852.97,0.75,951,951,2188.81,2.38
11,949,949,7796.36,8.35,958,958,1769.66,1.53,962,962,719.17,0.63,956,956,2072.42,2.2
11,933,933,7495.64,8.18,950,950,1729.44,1.5,954,954,785.1,0.73,958,958,2267.22,2.41
11,929,929,7573.27,8.36,951,951,1837.48,1.58,953,953,778.08,0.69,953,953,2432,2.58
11,946,946,7676.94,8.24,968,968,1903.37,1.62,970,970,895.57,0.78,963,963,2267.8,2.36
11,940,940,7736.81,8.44,958,958,1783.09,1.51,959,959,748.99,0.65,960,960,2201.91,2.32
11,924,924,7471.19,8.13,948,948,1936.09,1.66,950,950,844.29,0.77,946,946,2260.53,2.38
11,946,946,7870.44,8.51,962,962,1807.66,1.5,963,963,801.48,0.72,966,966,2372.07,2.53
11,933,933,7598.2,8.31,948,948,1792.12,1.58,951,951,777.02,0.69,950,950,2287.5,2.5
11,931,931,7329.29,8.02,956,956,1766.18,1.53,957,957,780.11,0.71,953,953,2105.37,2.31
11,924,924,7655.9,8.49,941,941,1927.04,1.73,946,946,818.42,0.75,948,948,2229.01,2.4
11,927,927,7493.83,8.23,942,942,1787.46,1.52,948,948,803.35,0.71,950,950,2361.72,2.51
11,944,944,7919.48,8.54,962,962,1902.31,1.61,968,968,824.1,0.71,968,968,2482.45,2.57
11,937,937,7581.73,8.24,961,961,1919.41,1.65,962,962,760.96,0.65,962,962,2201.06,2.31
11,932,932,7799.31,8.53,946,946,1848.92,1.61,951,951,757.36,0.67,946,946,2306.68,2.53
11,916,916,7352.93,8.17,947,947,1857.6,1.6,954,954,951.8,0.85,954,954,2469.65,2.64
11,931,931,7577.11,8.24,949,949,1952.13,1.74,954,954,760.21,0.66,954,954,2279.45,2.43
11,943,943,7897.42,8.5,968,968,1944.23,1.63,969,969,865.38,0.78,966,966,2306.68,2.47
12,937,937,7636.64,8.25,957,957,1966.81,1.68,957,957,826.08,0.73,958,958,2164.61,2.25
12,936,936,7785.94,8.47,952,952,1654.94,1.4,954,954,735.01,0.66,953,953,2286.03,2.43
12,938,938,7414.38,8,956,956,1776.83,1.47,959,959,826.71,0.74,958,958,2448.6,2.56
12,922,922,7316.27,8.08,942,942,1724.85,1.42,947,947,826.99,0.74,947,947,2204.99,2.32
12,927,927,7631.29,8.32,944,944,1894.45,1.65,950,950,784.56,0.71,951,951,2133.69,2.23
12,930,930,7703.48,8.44,945,945,1737.7,1.49,950,950,738.99,0.66,947,947,2407.71,2.6
12,943,943,7764.03,8.34,957,957,1772.58,1.52,962,962,728.99,0.67,961,961,2139.52,2.26
12,928,928,7690.26,8.45,942,942,1702.83,1.53,945,945,694.15,0.64,945,945,2098.73,2.28
12,939,939,7667.66,8.24,956,956,1721.01,1.46,961,961,794.89,0.7,962,962,2168.43,2.22
12,929,929,7849.92,8.59,947,947,1806.29,1.61,952,952,762.74,0.7,953,953,2324.11,2.51
12,926,926,7420.32,8.07,950,950,1855.03,1.59,950,950,771.91,0.7,948,948,2137.17,2.31
12,944,944,7631.49,8.26,957,957,1727.87,1.51,958,958,698.04,0.63,959,959,2348.24,2.46
12,940,940,7845.33,8.45,961,961,1776.55,1.42,964,964,857.7,0.75,965,965,2163.14,2.27
12,926,926,7554.15,8.28,949,949,2046.37,1.81,948,948,825.4,0.74,949,949,2158.66,2.38
12,952,952,7632.38,8.06,966,966,1758.98,1.47,967,967,736.94,0.64,968,968,2299.75,2.47
12,942,942,7889.26,8.53,958,958,1779.21,1.5,959,959,730.9,0.65,960,960,2219.2,2.38
12,931,931,7455.31,8.11,945,945,1817.48,1.55,952,952,880.32,0.77,953,953,2506.13,2.6
12,939,939,7620.35,8.22,947,947,1740.89,1.54,951,951,730.04,0.66,953,953,2556.2,2.62
12,944,944,7646.51,8.29,962,962,1741.41,1.46,963,963,724.77,0.64,961,961,2365.17,2.49
12,925,925,7556.64,8.34,949,949,1854.37,1.61,955,955,860.43,0.76,950,950,2132.23,2.25
13,931,931,7575.87,8.23,952,952,1792.67,1.61,955,955,739,0.65,954,954,2087.92,2.12
13,917,917,7533.78,8.32,945,945,1838.38,1.6,944,944,794.92,0.71,949,949,2263.55,2.43
13,941,941,7702.09,8.3,959,959,1708.6,1.49,961,961,756.41,0.69,958,958,2334.16,2.51
13,922,922,7639.16,8.4,943,943,1928.78,1.63,945,945,788.5,0.7,947,947,2456.53,2.64
13,931,931,7595.91,8.29,947,947,1746.26,1.54,952,952,685.04,0.63,954,954,2228.57,2.35
13,925,925,7629.28,8.38,942,942,1476.11,1.26,944,944,709.01,0.66,944,944,2099.93,2.28
13,914,914,7353.82,8.08,931,931,1704.73,1.56,933,933,686.76,0.64,930,930,2179.2,2.41
13,919,919,7484.49,8.28,935,935,1813.06,1.63,938,938,797.69,0.73,941,941,2268.91,2.5
13,940,940,7686.33,8.22,954,954,1655.03,1.44,956,956,679.44,0.62,958,958,2284.25,2.42
13,925,925,7497.22,8.22,949,949,1938.43,1.66,952,952,855.33,0.76,954,954,2240.02,2.33
13,929,929,7615.56,8.33,948,948,1729.97,1.49,949,949,762.89,0.66,948,948,2176.05,2.36
13,929,929,7525.41,8.21,943,943,1732.36,1.44,945,945,774.87,0.7,950,950,2422.75,2.57
13,933,933,7592.26,8.23,958,958,1848.33,1.6,962,962,782.06,0.7,960,960,2372.36,2.47
13,928,928,7497.05,8.25,949,949,1721.91,1.46,952,952,750.15,0.69,951,951,2562.61,2.78
13,936,936,7727.6,8.43,944,944,1600.58,1.34,944,944,713.44,0.66,945,945,2147.22,2.37
13,927,927,7564.46,8.33,942,942,1745.56,1.49,944,944,812.71,0.72,944,944,2033.24,2.14
13,934,934,7740.23,8.41,955,955,1722.14,1.48,960,960,763.78,0.68,962,962,2380.53,2.41
13,927,927,7747.96,8.45,940,940,1669.66,1.47,945,945,721.08,0.64,944,944,2278.42,2.5
13,935,935,7684.05,8.29,967,967,1838.06,1.55,969,969,800.22,0.71,969,969,2008.99,2.15
13,935,935,7617.98,8.3,954,954,1594.46,1.32,954,954,744.36,0.69,955,955,2280.37,2.46
14,936,936,7568.65,8.23,951,951,1682.78,1.42,952,952,700.54,0.63,950,950,2162.46,2.27
14,931,931,7884.63,8.46,951,951,1661.23,1.44,952,952,694.16,0.63,953,953,2451.47,2.59
14,932,932,7522.52,8.19,950,950,1626.28,1.4,954,954,730.77,0.67,954,954,2206.55,2.37
14,937,937,7757.83,8.39,954,954,1598.3,1.4,955,955,667.94,0.62,954,954,2448.79,2.63
14,935,935,7753.76,8.41,954,954,1547.73,1.29,955,955,741.32,0.67,955,955,2479.38,2.61
14,933,933,7534.89,8.11,949,949,1597.9,1.36,950,950,658.79,0.62,952,952,2223.98,2.38
14,923,923,7746.37,8.55,944,944,1606.74,1.37,946,946,727.84,0.64,945,945,1878.97,2.04
14,926,926,7716.59,8.38,950,950,1729.77,1.52,950,950,665.57,0.63,949,949,2150.15,2.23
14,933,933,7462.12,8.08,951,951,1820.76,1.61,956,956,735.01,0.67,954,954,2516.13,2.75
14,936,936,7701.63,8.37,952,952,1631.16,1.32,955,955,744.42,0.65,953,953,2266.12,2.46
14,934,934,7706.26,8.38,948,948,1619.27,1.43,949,949,697.32,0.64,947,947,2385.65,2.59
14,927,927,7520.58,8.26,952,952,1750.79,1.43,953,953,784.01,0.71,954,954,2191.49,2.36
14,940,940,7711.02,8.28,959,959,1748.58,1.52,960,960,752.05,0.7,959,959,2037.86,2.17
14,943,943,7636.25,8.23,956,956,1692.9,1.46,961,961,729.03,0.65,960,960,2001.45,2.07
14,937,937,7702.78,8.34,949,949,1692.65,1.46,949,949,704.95,0.66,950,950,2269.69,2.41
14,942,942,7692.52,8.29,961,961,1758.82,1.46,965,965,764.96,0.64,966,966,2583.45,2.78
14,934,934,7492.03,8.11,948,948,1610.89,1.42,950,950,703.06,0.63,955,955,2200.47,2.35
14,936,936,7827.58,8.46,945,945,1679.84,1.5,947,947,690.51,0.64,948,948,2190.73,2.36
14,931,931,7759.99,8.49,950,950,1640.26,1.41,954,954,726.1,0.66,953,953,2193.25,2.41
14,928,928,7590.7,8.26,949,949,1728.28,1.46,953,953,748.99,0.66,954,954,2292.13,2.36
15,929,929,7664.47,8.34,945,945,1651.25,1.43,947,947,673.51,0.61,953,953,2220.1,2.39
15,901,901,7578,8.53,924,924,1723.63,1.55,931,931,704.27,0.65,935,935,2185.9,2.4
15,934,934,7603.49,8.25,948,948,1483.12,1.25,951,951,675.89,0.61,951,951,2363.5,2.52
15,935,935,8012.36,8.69,947,947,1498.33,1.29,950,950,658.78,0.62,950,950,2412.45,2.55
15,945,945,7717.44,8.28,957,957,1703.37,1.45,959,959,691.96,0.62,959,959,2284.87,2.5
15,929,929,7630.36,8.29,940,940,1527.54,1.3,939,939,634.7,0.61,941,941,2479.31,2.71
15,937,937,7768.78,8.44,950,950,1590.81,1.37,953,953,696.42,0.64,954,954,2451.08,2.67
15,930,930,7724.65,8.41,943,943,1601.64,1.36,944,944,706.84,0.64,944,944,2511.28,2.6
15,928,928,7568.1,8.23,942,942,1669.48,1.44,945,945,772.07,0.72,941,941,2066.84,2.24
15,942,942,7853.84,8.48,963,963,1704.59,1.44,964,964,728.16,0.66,962,962,2350.95,2.44
15,918,918,7480.3,8.27,947,947,1725.4,1.43,949,949,835.32,0.73,951,951,2206.86,2.46
15,917,917,7659,8.49,943,943,1812.29,1.53,946,946,793.96,0.72,946,946,2303.14,2.45
15,939,939,7809.42,8.45,957,957,1607.87,1.35,959,959,758.92,0.67,961,961,2391.09,2.5
15,941,941,7971.71,8.53,947,947,1597.06,1.4,951,951,666.26,0.61,949,949,2135.3,2.3
15,936,936,7522.28,8.15,949,949,1577.66,1.41,955,955,687.48,0.63,954,954,2413.23,2.62
15,942,942,7803.91,8.41,947,947,1533,1.3,952,952,715.17,0.63,948,948,2293.87,2.43
15,937,937,7582.45,8.17,955,955,1588.83,1.35,959,959,676.88,0.61,959,959,2220.72,2.42
15,934,934,7340.47,7.9,955,955,1700.95,1.38,957,957,836.91,0.74,954,954,2356.48,2.49
15,938,938,7740.42,8.36,947,947,1451.28,1.24,947,947,625.88,0.6,951,951,1940.77,2.09
15,949,949,7646.21,8.13,956,956,1528.26,1.31,959,959,671,0.63,954,954,2312.87,2.45
16,938,938,7999.56,8.67,947,947,1474.86,1.22,952,952,728.27,0.65,955,955,2212.01,2.32
16,920,920,7540.96,8.25,936,936,1567.02,1.41,943,943,691.86,0.63,945,945,2132.8,2.23
16,947,947,7748.1,8.38,953,953,1521.18,1.3,956,956,674.26,0.62,957,957,2018.39,2.13
16,938,938,7788.84,8.33,950,950,1446.02,1.25,951,951,633.04,0.61,952,952,2418.62,2.56
16,933,933,7651.84,8.27,947,947,1532.26,1.33,950,950,659.97,0.62,947,947,2282.75,2.47
16,938,938,7775.39,8.36,950,950,1523.04,1.34,952,952,663,0.61,952,952,2260.88,2.35
16,924,924,7561.14,8.29,939,939,1471.61,1.29,940,940,634.77,0.6,942,942,2199.45,2.35
16,943,943,7860.61,8.42,954,954,1526.87,1.36,956,956,679.14,0.64,958,958,2265.36,2.32
16,918,918,7462.72,8.21,933,933,1512.38,1.32,937,937,677.44,0.62,939,939,2244.88,2.41
16,928,928,7354.62,8,949,949,1495.05,1.31,949,949,679.24,0.62,945,945,1839.49,1.94
16,945,945,7648.48,8.2,957,957,1541.59,1.27,957,957,709.64,0.67,957,957,2435.84,2.53
16,937,937,7659.49,8.24,951,951,1587.33,1.38,954,954,670.02,0.62,955,955,2370.11,2.46
16,926,926,7479.35,8.2,941,941,1469.97,1.31,944,944,653.89,0.61,946,946,2206.61,2.34
16,929,929,7562.12,8.21,941,941,1435.88,1.23,942,942,627.21,0.59,942,942,2279.87,2.49
16,938,938,7754.26,8.32,948,948,1525.19,1.28,953,953,709.38,0.67,954,954,2298.79,2.47
16,940,940,7638.24,8.25,950,950,1509.22,1.27,951,951,706.39,0.62,952,952,2235.33,2.38
16,926,926,7667.47,8.4,941,941,1470.5,1.28,941,941,676.73,0.65,940,940,1977.47,2.12
16,944,944,7719.91,8.25,951,951,1456.89,1.28,954,954,675.55,0.63,956,956,2265.36,2.35
16,936,936,7727.64,8.36,948,948,1528.15,1.33,950,950,665.34,0.61,952,952,2147.13,2.26
16,924,924,7451.89,8.12,940,940,1529.68,1.31,942,942,702.54,0.67,941,941,2026.38,2.24
17,938,938,7732.12,8.35,949,949,1421.37,1.16,950,950,687.12,0.63,949,949,2085.43,2.26
17,930,930,7696.55,8.35,944,944,1534.01,1.34,944,944,633.86,0.61,944,944,2462.61,2.68
17,930,930,7452.03,8.15,942,942,1471.62,1.27,943,943,661.98,0.61,944,944,2339.47,2.54
17,933,933,7712.97,8.35,947,947,1470.02,1.28,949,949,641.27,0.61,945,945,2257.98,2.39
17,930,930,7490.33,8.13,944,944,1354.89,1.23,945,945,614.26,0.59,944,944,2147.74,2.31
17,938,938,7532.58,8.12,957,957,1514.21,1.31,959,959,681.68,0.64,960,960,2426.73,2.58
17,926,926,7592.16,8.29,938,938,1320.11,1.11,940,940,601.27,0.59,938,938,2035.39,2.18
17,931,931,7729.68,8.44,943,943,1392,1.19,945,945,616.56,0.59,942,942,2079.36,2.23
17,927,927,7597.83,8.32,939,939,1524.84,1.3,944,944,701.52,0.62,943,943,2072.15,2.16
17,926,926,7764.1,8.45,941,941,1393.67,1.16,943,943,642.99,0.62,945,945,2158.4,2.34
17,953,953,7748.09,8.25,959,959,1332.81,1.16,962,962,655.34,0.62,962,962,2015.16,2.13
17,932,932,7554.32,8.24,948,948,1545.99,1.33,951,951,724.93,0.65,953,953,2160.43,2.23
17,936,936,7601.72,8.21,946,946,1490.47,1.32,952,952,718.4,0.66,950,950,2045.87,2.15
17,939,939,7728.36,8.34,955,955,1410.94,1.16,959,959,700.75,0.64,956,956,2310.56,2.4
17,929,929,7651.27,8.35,945,945,1483.1,1.26,946,946,681.57,0.64,946,946,2334.14,2.44
17,942,942,7890.68,8.5,955,955,1366.88,1.11,957,957,732.58,0.66,957,957,2251.69,2.41
17,943,943,7701.9,8.28,949,949,1503.48,1.27,949,949,653.4,0.6,946,946,2367.65,2.54
17,929,929,7625.03,8.34,943,943,1526.65,1.32,943,943,618.2,0.58,941,941,2222.11,2.4
17,939,939,7635.45,8.25,946,946,1525.15,1.31,948,948,685.4,0.62,946,946,2106.12,2.22
17,925,925,7668.07,8.43,944,944,1511.14,1.28,950,950,729.72,0.65,952,952,2143.36,2.26
18,937,937,7691.72,8.34,945,945,1407.34,1.17,945,945,568.44,0.54,946,946,2035.14,2.18
18,934,934,7504.19,8.13,952,952,1456.46,1.24,952,952,624.45,0.59,951,951,2196.49,2.32
18,941,941,7914.04,8.48,950,950,1374.74,1.2,953,953,635.5,0.61,950,950,2251.33,2.39
18,926,926,7657.47,8.27,939,939,1496.76,1.32,942,942,652.6,0.62,944,944,2110.71,2.32
18,944,944,7855.5,8.44,950,950,1437.43,1.23,952,952,737.09,0.67,951,951,2126.46,2.24
18,934,934,7849.17,8.48,947,947,1545.51,1.34,952,952,664.8,0.61,952,952,2388.72,2.57
18,943,943,7710.37,8.25,951,951,1390.68,1.19,954,954,641.38,0.61,954,954,2125.86,2.25
18,935,935,7757.84,8.4,940,940,1242.03,1.07,943,943,616.18,0.58,940,940,2235.13,2.39
18,932,932,7624.78,8.23,941,941,1427.38,1.26,942,942,624.01,0.63,942,942,2208.07,2.45
18,934,934,7535.7,8.15,953,953,1495.69,1.3,954,954,619.93,0.59,955,955,2206.1,2.39
18,935,935,7794.76,8.42,947,947,1305.74,1.1,947,947,645.31,0.62,948,948,2414.62,2.54
18,936,936,7496.73,8.09,945,945,1420.39,1.29,945,945,574.91,0.58,947,947,1995.92,2.17
18,931,931,7659.97,8.32,946,946,1435.06,1.21,948,948,676.06,0.63,949,949,2102.91,2.3
18,941,941,7624.9,8.2,955,955,1362.94,1.16,956,956,583.74,0.56,953,953,2216.74,2.35
18,925,925,7764.48,8.52,941,941,1613.24,1.44,944,944,645.95,0.63,944,944,2378.83,2.54
18,936,936,7662.89,8.3,958,958,1528.54,1.26,957,957,729.94,0.67,958,958,2230.82,2.42
18,927,927,7704.87,8.39,943,943,1525.85,1.39,944,944,643.58,0.61,944,944,2368.63,2.52
18,916,916,7448.52,8.2,933,933,1460.43,1.28,935,935,651.27,0.61,935,935,2148.69,2.37
18,934,934,7700.13,8.33,949,949,1530.66,1.36,950,950,639.09,0.61,949,949,2394.61,2.54
18,925,925,7624.81,8.41,941,941,1446.2,1.22,939,939,655.35,0.6,942,942,2233.33,2.45
19,932,932,7640.84,8.27,947,947,1497.54,1.31,947,947,669.02,0.63,946,946,2050.22,2.18
19,923,923,7690.21,8.35,938,938,1304.2,1.14,939,939,628.1,0.6,938,938,2062.43,2.18
19,928,928,7640.05,8.36,942,942,1505.27,1.3,942,942,645.32,0.61,941,941,1980.27,2.13
19,952,952,7801,8.3,963,963,1459.19,1.26,965,965,662.62,0.63,964,964,2280.28,2.4
19,929,929,7639.13,8.26,937,937,1356,1.19,938,938,621.89,0.59,939,939,2206.6,2.35
19,949,949,7727.17,8.17,954,954,1342.91,1.12,954,954,555.37,0.54,955,955,2354.06,2.58
19,924,924,7716.94,8.41,938,938,1433.01,1.26,937,937,592.51,0.58,938,938,2338.36,2.55
19,941,941,7781.34,8.38,951,951,1428.03,1.25,951,951,668.23,0.63,952,952,2041.5,2.17
19,928,928,7535.35,8.2,942,942,1369.38,1.17,943,943,718.86,0.68,945,945,2311.95,2.43
19,950,950,7977.52,8.49,958,958,1343.89,1.16,960,960,623.55,0.59,959,959,2437.46,2.58
19,934,934,7634.09,8.22,943,943,1248.58,1.1,944,944,617.19,0.59,948,948,2121.89,2.29
19,945,945,7726.7,8.23,951,951,1346.75,1.13,953,953,634.12,0.59,951,951,2307.31,2.5
19,931,931,7451.04,8.05,951,951,1482.38,1.26,952,952,647.2,0.6,952,952,2159.07,2.32
19,926,926,7733.81,8.45,945,945,1425.57,1.23,944,944,631.06,0.59,944,944,2130.92,2.31
19,931,931,7531.32,8.18,941,941,1276.8,1.06,941,941,605.16,0.57,940,940,2144.98,2.32
19,921,921,7755.52,8.48,940,940,1322.75,1.16,940,940,624.77,0.6,941,941,2138.42,2.26
19,938,938,7808.12,8.39,950,950,1530.06,1.32,951,951,665.69,0.61,950,950,2284.32,2.42
19,939,939,7878.99,8.46,947,947,1262.62,1.06,950,950,597.57,0.58,951,951,2161.51,2.32
19,937,937,7605.99,8.23,946,946,1421.85,1.21,947,947,627.74,0.6,946,946,2030.87,2.15
19,924,924,7542.46,8.25,937,937,1351.52,1.21,939,939,616.78,0.6,939,939,2162.6,2.4
20,939,939,7677.52,8.3,951,951,1191.21,0.99,952,952,573.7,0.56,951,951,1891.63,2.09
20,925,925,7707.04,8.43,937,937,1279.23,1.1,940,940,654.39,0.62,940,940,2345.59,2.56
20,926,926,7537.19,8.24,935,935,1497.93,1.3,938,938,625.88,0.61,941,941,2043.11,2.3
20,937,937,7669.32,8.15,944,944,1476.58,1.31,945,945,604.79,0.59,945,945,2138.9,2.29
20,943,943,7733.8,8.32,950,950,1223.86,1.04,952,952,647.74,0.62,952,952,2120.61,2.26
20,937,937,7587.26,8.22,946,946,1274.08,1.09,950,950,619.21,0.6,951,951,2169.2,2.28
20,952,952,7578.94,8.03,955,955,1211.72,1.02,957,957,584.44,0.57,954,954,2273.29,2.44
20,920,920,7553.28,8.27,929,929,1239.56,1.09,928,928,599.36,0.61,931,931,2089.29,2.2
20,923,923,7557.73,8.28,945,945,1468.61,1.26,946,946,701.94,0.64,947,947,2195.61,2.33
20,936,936,7796.55,8.37,948,948,1413.52,1.23,948,948,621.04,0.6,950,950,2375.12,2.41
20,933,933,7866.97,8.49,945,945,1291.27,1.13,947,947,621.45,0.59,945,945,2505.59,2.71
20,921,921,7489.97,8.21,935,935,1398.08,1.22,938,938,649.44,0.62,939,939,1899.4,2.05
20,923,923,7739.79,8.45,935,935,1427.76,1.26,937,937,607.53,0.58,938,938,2310.12,2.54
20,933,933,7670.99,8.23,950,950,1360.4,1.16,952,952,600.21,0.59,951,951,2256.12,2.39
20,948,948,7977.83,8.51,956,956,1322.24,1.17,960,960,592.52,0.57,960,960,2235.87,2.34
20,930,930,7675.77,8.33,948,948,1538.64,1.35,948,948,638.57,0.61,945,945,2136.25,2.29
20,934,934,7822.94,8.46,942,942,1160,1,944,944,590.6,0.57,944,944,2152.6,2.28
20,915,915,7634.2,8.4,927,927,1199.6,1.02,925,925,585.27,0.57,928,928,2268.05,2.44
20,919,919,7615.91,8.41,937,937,1348.4,1.18,938,938,654.71,0.63,939,939,1821.86,1.96
20,940,940,7621.49,8.1,956,956,1318.97,1.15,956,956,589.4,0.57,956,956,2207.61,2.36
