0.50,698,698,3927.29,6.18, 1.94, 1.35,769,769,3482.70,4.56, 2.18, 1.67,801,801,3155.33,3.98, 2.19, 1.76,771,771,3735.61,5.06, 2.12, 1.63
0.50,699,699,3972.32,6.05, 1.90, 1.33,800,800,3618.04,4.70, 2.04, 1.63,822,822,3168.69,3.98, 2.36, 1.94,771,771,3878.70,5.43, 2.08, 1.61
0.50,702,702,4039.67,6.20, 1.85, 1.30,798,798,3788.02,4.89, 2.12, 1.69,827,827,3237.11,3.97, 2.23, 1.85,771,771,3846.85,5.32, 2.11, 1.63
0.50,723,723,4150.80,6.03, 1.89, 1.37,787,787,3620.40,4.70, 2.26, 1.78,847,847,3290.78,3.94, 2.25, 1.91,779,779,3869.35,5.19, 2.23, 1.74
0.50,695,695,3996.09,5.93, 1.88, 1.31,781,781,3705.97,4.83, 2.02, 1.58,813,813,3294.02,4.06, 2.12, 1.73,781,781,3876.97,5.07, 2.12, 1.66
0.50,685,685,3896.08,6.16, 1.80, 1.23,752,752,3350.40,4.59, 2.05, 1.54,774,774,3013.65,3.95, 2.05, 1.59,730,730,3639.85,5.32, 1.99, 1.45
0.50,693,693,3854.06,6.19, 1.90, 1.32,768,768,3586.45,4.88, 2.15, 1.65,794,794,3118.69,4.03, 2.29, 1.82,786,786,3599.73,4.81, 2.05, 1.61
0.50,664,664,3761.20,6.19, 1.78, 1.18,717,717,3359.64,4.88, 1.98, 1.42,747,747,2972.21,3.93, 2.07, 1.55,748,748,3479.03,4.87, 1.97, 1.47
0.50,722,722,4011.20,5.92, 2.02, 1.46,795,795,3578.37,4.63, 2.34, 1.86,833,833,3150.73,3.75, 2.44, 2.03,808,808,3837.85,5.02, 2.15, 1.74
0.50,714,714,4087.87,6.17, 1.87, 1.33,783,783,3625.81,4.77, 2.10, 1.65,816,816,3176.01,3.95, 2.20, 1.79,790,790,3771.67,4.79, 2.13, 1.68
0.50,717,717,4006.70,5.91, 1.76, 1.26,764,764,3606.71,4.88, 1.90, 1.45,785,785,3291.77,4.15, 2.09, 1.64,748,748,3613.09,5.28, 1.96, 1.46
0.50,702,702,4144.35,6.45, 1.92, 1.35,807,807,3569.69,4.42, 2.25, 1.82,825,825,3217.27,4.02, 2.37, 1.95,779,779,3782.41,5.07, 2.27, 1.77
0.50,680,680,3873.93,6.02, 1.77, 1.21,766,766,3559.70,4.86, 1.90, 1.46,786,786,3227.67,4.15, 1.98, 1.55,752,752,3572.96,4.96, 1.93, 1.45
0.50,701,701,3907.77,5.91, 1.87, 1.31,785,785,3639.97,4.74, 2.05, 1.61,817,817,3165.06,3.98, 2.26, 1.85,774,774,3685.14,5.09, 2.12, 1.64
0.50,709,709,4107.49,6.38, 1.89, 1.34,806,806,3715.32,4.61, 2.23, 1.80,838,838,3271.87,3.91, 2.16, 1.81,796,796,3902.13,5.11, 2.01, 1.60
0.50,705,705,3960.36,6.13, 2.03, 1.43,787,787,3530.78,4.62, 2.34, 1.84,810,810,3203.69,4.07, 2.31, 1.87,788,788,3971.67,5.46, 2.18, 1.72
0.50,693,693,3937.97,5.98, 1.80, 1.25,770,770,3601.40,4.89, 1.96, 1.51,795,795,3167.82,4.12, 2.14, 1.71,758,758,3827.14,5.39, 2.09, 1.59
0.50,680,680,3925.19,6.26, 1.75, 1.19,753,753,3469.31,4.68, 2.04, 1.54,779,779,3140.68,4.11, 2.05, 1.60,747,747,3556.92,5.00, 2.08, 1.55
0.50,723,723,4139.99,6.27, 1.93, 1.40,803,803,3711.74,4.66, 2.17, 1.75,842,842,3275.97,3.76, 2.26, 1.91,815,815,3758.43,4.80, 2.02, 1.65
0.50,697,697,3936.66,5.97, 1.87, 1.30,771,771,3626.29,4.96, 1.98, 1.53,822,822,3202.22,3.94, 2.11, 1.73,775,775,3728.24,5.07, 1.96, 1.52
0.55,736,736,4387.68,6.48, 1.89, 1.39,837,837,3622.77,4.41, 2.16, 1.81,864,864,3412.40,4.04, 2.13, 1.84,792,792,3917.81,5.13, 2.23, 1.77
0.55,721,721,4322.55,6.54, 2.02, 1.45,836,836,3715.53,4.62, 2.43, 2.04,864,864,3233.19,3.71, 2.33, 2.01,829,829,4084.87,5.26, 2.31, 1.92
0.55,723,723,4190.74,6.17, 1.97, 1.43,795,795,3657.23,4.60, 2.27, 1.81,819,819,3278.71,3.91, 2.36, 1.93,807,807,3961.05,5.41, 2.18, 1.76
0.55,725,725,4241.08,6.32, 1.98, 1.44,799,799,3647.31,4.88, 2.21, 1.77,840,840,3166.58,3.67, 2.31, 1.94,812,812,3886.24,5.12, 2.27, 1.84
0.55,737,737,4229.06,6.19, 1.96, 1.44,817,817,3714.14,4.66, 2.30, 1.88,841,841,3174.20,3.69, 2.35, 1.98,814,814,3845.09,5.04, 2.19, 1.78
0.55,736,736,4308.21,6.25, 1.96, 1.44,832,832,3861.82,4.66, 2.19, 1.82,842,842,3288.93,4.04, 2.36, 1.99,815,815,3876.53,5.02, 2.18, 1.78
0.55,722,722,4353.54,6.55, 1.89, 1.37,822,822,3880.05,4.73, 2.14, 1.76,840,840,3214.77,3.74, 2.30, 1.93,811,811,4058.37,5.26, 2.15, 1.75
0.55,717,717,4190.45,6.42, 1.79, 1.29,781,781,3694.10,4.80, 2.06, 1.61,812,812,3224.00,3.95, 2.16, 1.75,788,788,3831.21,5.14, 2.14, 1.69
0.55,732,732,4232.42,6.25, 2.20, 1.61,824,824,3584.62,4.29, 2.45, 2.02,852,852,3107.50,3.66, 2.46, 2.10,823,823,3861.67,5.04, 2.41, 1.99
0.55,743,743,4248.55,6.07, 1.94, 1.44,826,826,3791.89,4.77, 2.13, 1.76,845,845,3351.82,4.09, 2.32, 1.96,831,831,4086.11,5.07, 2.31, 1.92
0.55,741,741,4263.86,6.26, 2.08, 1.54,833,833,3813.38,4.75, 2.22, 1.85,872,872,3280.19,3.80, 2.36, 2.06,831,831,3980.56,5.02, 2.33, 1.94
0.55,722,722,4222.60,6.14, 2.01, 1.45,801,801,3679.81,4.70, 2.25, 1.81,834,834,3195.91,3.93, 2.39, 1.99,802,802,4084.70,5.35, 2.23, 1.79
0.55,726,726,4155.76,6.22, 1.89, 1.37,831,831,3738.28,4.55, 2.22, 1.85,829,829,3419.33,4.29, 2.16, 1.79,789,789,3947.66,5.36, 2.24, 1.77
0.55,730,730,4216.99,6.28, 1.93, 1.41,824,824,3757.02,4.66, 2.17, 1.79,846,846,3472.24,4.10, 2.17, 1.84,810,810,3951.36,5.19, 2.22, 1.80
0.55,733,733,4331.38,6.35, 1.98, 1.46,818,818,3764.29,4.73, 2.24, 1.83,842,842,3338.15,3.87, 2.37, 1.99,812,812,3963.59,5.14, 2.30, 1.87
0.55,714,714,4113.71,6.18, 1.83, 1.31,815,815,3744.07,4.64, 2.02, 1.65,826,826,3354.97,4.05, 2.16, 1.78,769,769,3964.81,5.36, 2.16, 1.66
0.55,748,748,4384.43,6.45, 1.91, 1.43,839,839,3762.39,4.54, 2.26, 1.89,871,871,3435.26,3.94, 2.32, 2.02,820,820,3979.55,5.14, 2.23, 1.83
0.55,748,748,4378.48,6.50, 1.91, 1.43,825,825,3825.93,4.86, 2.18, 1.80,859,859,3191.85,3.76, 2.36, 2.03,840,840,4186.11,5.11, 2.28, 1.91
0.55,730,730,4219.60,6.33, 2.05, 1.49,813,813,3699.97,4.69, 2.25, 1.83,830,830,3143.84,3.81, 2.48, 2.06,800,800,3983.85,5.13, 2.34, 1.87
0.55,734,734,4327.27,6.41, 1.97, 1.45,798,798,3665.84,4.62, 2.26, 1.80,831,831,3289.43,3.93, 2.24, 1.86,809,809,3978.78,5.15, 2.23, 1.81
0.60,763,763,4634.36,6.47, 2.03, 1.55,844,844,3893.85,4.63, 2.37, 2.00,856,856,3441.41,4.10, 2.39, 2.04,831,831,4093.38,5.20, 2.33, 1.94
0.60,779,779,4780.28,6.37, 2.14, 1.67,848,848,3856.60,4.53, 2.53, 2.15,891,891,3394.16,3.70, 2.67, 2.38,861,861,4406.15,5.52, 2.47, 2.13
0.60,771,771,4595.00,6.31, 1.94, 1.49,825,825,3784.07,4.80, 2.25, 1.86,879,879,3494.91,3.96, 2.45, 2.16,837,837,4124.44,5.18, 2.22, 1.86
0.60,741,741,4459.35,6.46, 1.93, 1.43,829,829,3899.64,4.60, 2.26, 1.87,871,871,3453.51,4.02, 2.35, 2.05,810,810,4153.34,5.42, 2.18, 1.76
0.60,752,752,4328.61,6.46, 2.17, 1.63,832,832,3673.81,4.66, 2.48, 2.06,858,858,3125.71,3.68, 2.49, 2.13,822,822,3957.09,5.16, 2.43, 1.99
0.60,731,731,4312.56,6.43, 1.99, 1.46,833,833,3839.33,4.60, 2.20, 1.83,866,866,3568.02,4.16, 2.20, 1.90,837,837,4228.32,5.22, 2.22, 1.86
0.60,774,774,4660.20,6.46, 2.04, 1.58,828,828,3752.61,4.48, 2.44, 2.02,870,870,3279.97,3.77, 2.52, 2.20,840,840,4207.23,5.13, 2.38, 2.00
0.60,760,760,4595.67,6.63, 1.97, 1.50,852,852,3846.70,4.57, 2.32, 1.98,886,886,3223.00,3.63, 2.50, 2.22,868,868,4134.26,4.91, 2.33, 2.02
0.60,787,787,4617.94,6.46, 1.98, 1.56,868,868,3884.90,4.56, 2.31, 2.01,895,895,3299.38,3.51, 2.50, 2.24,849,849,4309.04,5.25, 2.27, 1.93
0.60,748,748,4435.88,6.41, 2.03, 1.52,834,834,3815.18,4.61, 2.27, 1.90,879,879,3448.75,3.94, 2.28, 2.00,838,838,4216.04,5.40, 2.26, 1.89
0.60,761,761,4574.36,6.44, 2.00, 1.52,841,841,3916.34,4.66, 2.30, 1.93,867,867,3344.79,3.72, 2.38, 2.06,825,825,4112.37,5.18, 2.17, 1.79
0.60,741,741,4557.77,6.82, 2.06, 1.53,829,829,3717.86,4.67, 2.41, 2.00,865,865,3338.73,3.97, 2.46, 2.13,821,821,4423.05,5.75, 2.37, 1.95
0.60,791,791,4597.27,6.31, 2.26, 1.79,856,856,3790.11,4.49, 2.55, 2.19,889,889,3382.96,3.73, 2.60, 2.31,851,851,4205.46,5.28, 2.53, 2.15
0.60,773,773,4723.57,6.57, 2.14, 1.66,851,851,3856.71,4.55, 2.38, 2.02,877,877,3263.16,3.71, 2.46, 2.15,846,846,4134.94,5.43, 2.32, 1.96
0.60,757,757,4569.94,6.51, 2.07, 1.57,846,846,3571.18,4.22, 2.48, 2.10,866,866,3020.30,3.48, 2.51, 2.17,842,842,3981.59,4.91, 2.53, 2.13
0.60,739,739,4471.14,6.46, 1.92, 1.42,844,844,3990.29,4.84, 2.20, 1.85,873,873,3413.10,4.11, 2.28, 1.99,838,838,4191.78,5.42, 2.18, 1.83
0.60,741,741,4443.36,6.42, 2.07, 1.53,845,845,3803.41,4.40, 2.39, 2.02,863,863,3374.00,3.85, 2.54, 2.19,839,839,4196.44,5.36, 2.46, 2.06
0.60,746,746,4493.86,6.37, 1.97, 1.47,814,814,3868.89,4.92, 2.31, 1.88,865,865,3300.37,3.80, 2.30, 1.99,814,814,4251.38,5.65, 2.25, 1.83
0.60,777,777,4595.71,6.43, 1.89, 1.47,812,812,3758.48,4.71, 2.30, 1.87,834,834,3361.25,4.07, 2.42, 2.02,831,831,4210.47,5.27, 2.37, 1.97
0.60,746,746,4365.01,6.19, 1.98, 1.48,851,851,3893.71,4.63, 2.31, 1.97,871,871,3442.10,3.98, 2.36, 2.05,828,828,3974.71,5.15, 2.27, 1.88
0.65,816,816,4835.36,6.29, 2.19, 1.79,893,893,3988.19,4.60, 2.51, 2.25,913,913,3352.24,3.60, 2.69, 2.46,868,868,4159.86,4.93, 2.59, 2.25
0.65,754,754,4752.78,6.87, 1.99, 1.50,850,850,4051.53,4.97, 2.23, 1.90,883,883,3535.86,4.02, 2.43, 2.15,858,858,4253.90,5.32, 2.23, 1.91
0.65,778,778,4548.09,6.20, 2.05, 1.60,845,845,3763.59,4.49, 2.39, 2.02,887,887,3424.53,3.87, 2.43, 2.15,847,847,4220.37,5.32, 2.40, 2.03
0.65,757,757,4811.75,7.04, 1.99, 1.51,859,859,3985.12,4.81, 2.24, 1.93,900,900,3502.58,3.87, 2.40, 2.16,870,870,4534.90,5.49, 2.35, 2.04
0.65,753,753,4514.18,6.52, 2.11, 1.59,838,838,3866.44,4.73, 2.29, 1.92,883,883,3355.56,3.72, 2.38, 2.10,846,846,4048.76,5.00, 2.33, 1.97
0.65,746,746,4707.70,6.86, 2.10, 1.56,839,839,3943.12,4.73, 2.44, 2.05,870,870,3415.58,3.91, 2.51, 2.18,854,854,4224.87,5.28, 2.35, 2.01
0.65,739,739,4504.56,6.54, 2.02, 1.49,850,850,3850.27,4.50, 2.29, 1.95,853,853,3301.20,3.79, 2.40, 2.05,842,842,4255.96,5.19, 2.31, 1.95
0.65,765,765,4750.73,6.82, 2.17, 1.66,851,851,4026.84,4.75, 2.42, 2.06,874,874,3345.00,3.80, 2.69, 2.35,854,854,4374.08,5.36, 2.40, 2.05
0.65,794,794,4675.16,6.53, 2.08, 1.65,871,871,3800.26,4.28, 2.50, 2.18,881,881,3378.96,3.89, 2.50, 2.20,851,851,4227.60,5.25, 2.40, 2.04
0.65,778,778,4861.03,6.63, 2.07, 1.61,860,860,3824.09,4.49, 2.61, 2.24,896,896,3443.93,3.80, 2.62, 2.35,856,856,4392.91,5.35, 2.56, 2.20
0.65,821,821,4791.72,6.20, 2.17, 1.78,860,860,3857.48,4.63, 2.43, 2.09,891,891,3212.36,3.52, 2.56, 2.28,855,855,4372.45,5.54, 2.40, 2.05
0.65,760,760,4779.31,6.87, 2.03, 1.54,870,870,3951.78,4.46, 2.31, 2.01,881,881,3388.08,3.64, 2.45, 2.16,850,850,4151.02,5.04, 2.47, 2.10
0.65,770,770,4706.00,6.81, 2.06, 1.58,853,853,3980.00,4.82, 2.30, 1.97,892,892,3506.13,4.02, 2.46, 2.20,856,856,4165.31,5.29, 2.42, 2.07
0.65,769,769,4655.71,6.48, 2.12, 1.63,854,854,3752.52,4.34, 2.54, 2.17,889,889,3368.99,3.75, 2.70, 2.40,856,856,4348.44,5.22, 2.50, 2.14
0.65,763,763,4462.89,6.25, 1.92, 1.46,845,845,3923.43,4.72, 2.19, 1.85,881,881,3413.71,3.97, 2.34, 2.07,852,852,4139.55,5.17, 2.25, 1.91
0.65,751,751,4744.57,6.79, 2.12, 1.59,853,853,4033.91,4.78, 2.32, 1.98,892,892,3332.13,3.59, 2.54, 2.27,875,875,4428.24,5.50, 2.34, 2.05
0.65,783,783,4871.39,6.57, 1.99, 1.56,851,851,3884.33,4.73, 2.47, 2.11,884,884,3355.84,3.83, 2.43, 2.14,860,860,4177.92,5.24, 2.35, 2.02
0.65,792,792,4854.27,6.40, 2.08, 1.64,868,868,4019.17,4.74, 2.44, 2.12,894,894,3280.45,3.48, 2.58, 2.31,866,866,4346.59,5.18, 2.38, 2.06
0.65,764,764,4640.00,6.56, 1.97, 1.50,860,860,4032.60,4.81, 2.33, 2.00,891,891,3554.25,4.13, 2.38, 2.13,845,845,4281.81,5.40, 2.34, 1.98
0.65,758,758,4509.27,6.68, 1.99, 1.51,818,818,3800.17,4.66, 2.25, 1.84,867,867,3323.19,3.67, 2.35, 2.04,842,842,4236.14,5.57, 2.27, 1.91
0.70,803,803,4892.83,6.60, 2.18, 1.75,854,854,3935.80,4.78, 2.48, 2.12,897,897,3318.38,3.76, 2.59, 2.32,876,876,4487.45,5.58, 2.55, 2.23
0.70,813,813,4939.35,6.63, 2.13, 1.73,887,887,3977.06,4.52, 2.43, 2.16,914,914,3260.49,3.48, 2.66, 2.43,856,856,4436.38,5.69, 2.56, 2.19
0.70,799,799,4940.84,6.57, 2.15, 1.72,879,879,4047.00,4.62, 2.45, 2.15,911,911,3421.32,3.76, 2.62, 2.38,886,886,4295.53,5.04, 2.42, 2.15
0.70,786,786,4950.62,6.74, 2.12, 1.67,869,869,4032.58,4.60, 2.50, 2.18,887,887,3516.58,4.08, 2.59, 2.30,889,889,4502.04,5.50, 2.46, 2.19
0.70,799,799,4843.07,6.69, 2.11, 1.69,887,887,4076.41,4.65, 2.46, 2.18,915,915,3371.94,3.65, 2.60, 2.38,894,894,4538.54,5.45, 2.46, 2.20
0.70,788,788,4824.46,6.47, 2.08, 1.64,851,851,3787.87,4.57, 2.45, 2.08,870,870,3287.72,3.56, 2.46, 2.14,846,846,4348.54,5.25, 2.26, 1.91
0.70,848,848,5164.68,6.63, 2.20, 1.87,894,894,4017.11,4.57, 2.59, 2.31,931,931,3398.41,3.56, 2.68, 2.50,893,893,4628.96,5.49, 2.51, 2.24
0.70,756,756,4879.82,7.01, 2.13, 1.61,862,862,3962.63,4.67, 2.43, 2.10,900,900,3584.08,3.98, 2.44, 2.20,854,854,4298.11,5.26, 2.34, 2.00
0.70,796,796,4957.36,6.68, 2.11, 1.68,886,886,4029.44,4.60, 2.64, 2.34,907,907,3367.76,3.69, 2.64, 2.40,881,881,4550.58,5.51, 2.60, 2.29
0.70,818,818,5034.73,6.57, 2.10, 1.71,881,881,4093.40,4.72, 2.54, 2.24,915,915,3424.24,3.67, 2.61, 2.39,860,860,4314.86,5.44, 2.52, 2.17
0.70,764,764,4884.52,6.94, 2.11, 1.61,869,869,3873.66,4.44, 2.47, 2.15,904,904,3399.95,3.69, 2.55, 2.30,870,870,4580.90,5.76, 2.31, 2.01
0.70,786,786,4785.05,6.48, 2.01, 1.58,851,851,3929.89,4.74, 2.27, 1.93,892,892,3402.83,3.84, 2.37, 2.12,877,877,4267.63,5.24, 2.29, 2.00
0.70,816,816,5040.51,6.64, 2.13, 1.73,909,909,3982.47,4.46, 2.46, 2.23,936,936,3308.66,3.51, 2.69, 2.52,902,902,4388.24,5.10, 2.57, 2.31
0.70,748,748,4756.74,7.00, 2.24, 1.68,849,849,3786.84,4.47, 2.47, 2.09,861,861,3220.05,3.71, 2.54, 2.18,849,849,4250.88,5.42, 2.35, 2.00
0.70,817,817,5015.28,6.66, 2.20, 1.79,891,891,4142.78,4.69, 2.52, 2.24,890,890,3477.92,3.85, 2.63, 2.34,886,886,4568.48,5.32, 2.51, 2.22
0.70,797,797,4853.59,6.42, 2.21, 1.77,882,882,3903.47,4.44, 2.56, 2.26,912,912,3376.67,3.70, 2.70, 2.46,895,895,4384.95,5.19, 2.44, 2.18
0.70,785,785,4916.38,6.77, 2.06, 1.62,857,857,4115.65,4.75, 2.42, 2.07,883,883,3584.02,3.96, 2.36, 2.09,851,851,4286.49,5.26, 2.46, 2.10
0.70,793,793,4867.93,6.46, 2.13, 1.69,869,869,4027.40,4.66, 2.40, 2.08,917,917,3280.80,3.48, 2.64, 2.42,864,864,4191.27,5.22, 2.57, 2.22
0.70,769,769,4857.01,6.96, 2.07, 1.59,862,862,3993.38,4.71, 2.31, 1.99,893,893,3323.41,3.63, 2.57, 2.29,856,856,4165.13,5.14, 2.45, 2.10
0.70,808,808,4911.00,6.62, 2.14, 1.73,875,875,3863.50,4.46, 2.56, 2.24,898,898,3375.28,3.69, 2.52, 2.27,855,855,4215.63,5.31, 2.42, 2.07
0.75,810,810,5170.69,6.89, 2.19, 1.77,893,893,4109.17,4.61, 2.49, 2.23,922,922,3325.38,3.53, 2.72, 2.51,887,887,4421.85,5.33, 2.59, 2.29
0.75,803,803,4933.41,6.62, 2.16, 1.74,885,885,3952.15,4.38, 2.34, 2.07,910,910,3485.34,3.90, 2.38, 2.17,873,873,4126.23,5.07, 2.44, 2.13
0.75,818,818,5295.55,7.05, 2.31, 1.89,903,903,4119.16,4.69, 2.68, 2.42,922,922,3335.91,3.54, 2.79, 2.58,906,906,4450.41,5.13, 2.60, 2.35
0.75,778,778,4871.48,6.75, 2.14, 1.66,856,856,3918.66,4.55, 2.48, 2.13,873,873,3312.58,3.80, 2.60, 2.27,860,860,4349.08,5.16, 2.42, 2.08
0.75,786,786,5004.43,6.95, 2.23, 1.76,877,877,4175.66,4.89, 2.48, 2.18,906,906,3416.87,3.63, 2.62, 2.38,883,883,4455.13,5.53, 2.49, 2.20
0.75,829,829,5227.27,6.67, 2.31, 1.91,891,891,4039.55,4.58, 2.61, 2.33,918,918,3489.71,3.77, 2.79, 2.56,900,900,4575.48,5.29, 2.67, 2.40
0.75,811,811,5065.81,6.78, 2.13, 1.73,889,889,3960.68,4.49, 2.54, 2.26,928,928,3440.92,3.63, 2.57, 2.38,883,883,4248.65,5.15, 2.53, 2.24
0.75,785,785,4902.85,6.77, 2.07, 1.63,873,873,4045.06,4.74, 2.37, 2.07,901,901,3517.60,4.03, 2.38, 2.14,878,878,4215.65,5.28, 2.37, 2.08
0.75,807,807,5107.52,6.75, 2.10, 1.70,891,891,3944.36,4.46, 2.48, 2.21,905,905,3298.61,3.57, 2.60, 2.36,881,881,4407.67,5.07, 2.37, 2.09
0.75,808,808,5058.48,6.72, 2.25, 1.82,882,882,3997.68,4.43, 2.59, 2.29,907,907,3445.28,3.80, 2.60, 2.36,894,894,4582.75,5.39, 2.51, 2.25
0.75,799,799,5101.80,6.99, 2.15, 1.72,895,895,4143.28,4.68, 2.55, 2.28,916,916,3338.12,3.44, 2.61, 2.39,887,887,4450.55,5.33, 2.49, 2.21
0.75,817,817,5056.26,6.68, 2.23, 1.82,895,895,4040.21,4.49, 2.58, 2.31,915,915,3231.58,3.32, 2.77, 2.54,880,880,4501.28,5.37, 2.58, 2.27
0.75,804,804,5177.43,6.81, 2.16, 1.74,874,874,4075.79,4.80, 2.56, 2.24,908,908,3472.89,3.87, 2.67, 2.43,875,875,4485.81,5.65, 2.71, 2.37
0.75,834,834,5092.94,6.55, 2.18, 1.82,902,902,3866.76,4.23, 2.69, 2.42,922,922,3186.72,3.41, 2.80, 2.59,900,900,4595.71,5.34, 2.57, 2.32
0.75,813,813,5142.20,6.67, 2.16, 1.76,879,879,3970.20,4.59, 2.61, 2.29,927,927,3572.50,3.80, 2.68, 2.49,872,872,4515.02,5.54, 2.51, 2.19
0.75,785,785,4822.86,6.58, 2.12, 1.66,862,862,4059.98,4.81, 2.43, 2.09,909,909,3491.29,3.78, 2.41, 2.20,849,849,4242.96,5.30, 2.41, 2.05
0.75,787,787,4892.46,6.70, 2.15, 1.70,865,865,4043.06,4.79, 2.46, 2.13,903,903,3541.73,3.82, 2.54, 2.29,873,873,4355.06,5.07, 2.42, 2.12
0.75,819,819,5088.80,6.58, 2.17, 1.78,904,904,4212.52,4.77, 2.55, 2.31,929,929,3338.03,3.59, 2.76, 2.56,890,890,4366.47,5.34, 2.63, 2.34
0.75,794,794,5195.97,7.29, 2.15, 1.71,871,871,4040.46,4.64, 2.52, 2.20,900,900,3491.77,3.87, 2.56, 2.31,890,890,4610.61,5.68, 2.47, 2.20
0.75,794,794,4888.63,6.59, 2.23, 1.77,879,879,3918.83,4.52, 2.47, 2.17,901,901,3251.51,3.53, 2.56, 2.30,871,871,4229.91,5.05, 2.35, 2.05
0.80,831,831,4961.81,6.64, 2.19, 1.82,903,903,3985.90,4.52, 2.52, 2.27,923,923,3259.63,3.54, 2.64, 2.43,897,897,4365.50,5.18, 2.56, 2.30
0.80,827,827,5261.13,6.76, 2.24, 1.85,904,904,3918.22,4.30, 2.54, 2.30,928,928,3305.67,3.55, 2.69, 2.50,908,908,4457.53,5.31, 2.51, 2.28
0.80,820,820,5148.36,6.85, 2.28, 1.87,892,892,4045.09,4.52, 2.59, 2.31,929,929,3407.36,3.67, 2.69, 2.50,893,893,4387.99,5.03, 2.66, 2.37
0.80,825,825,5204.88,6.90, 2.36, 1.95,898,898,3952.00,4.47, 2.70, 2.43,938,938,3395.70,3.55, 2.77, 2.60,921,921,4416.23,4.89, 2.75, 2.53
0.80,786,786,4972.43,6.69, 2.12, 1.67,882,882,4005.77,4.52, 2.47, 2.18,913,913,3329.49,3.50, 2.54, 2.32,887,887,4456.89,5.44, 2.47, 2.20
0.80,810,810,5350.49,7.34, 2.22, 1.80,893,893,4199.03,4.83, 2.60, 2.32,918,918,3289.00,3.50, 2.73, 2.50,909,909,4529.95,5.17, 2.55, 2.32
0.80,793,793,5067.00,6.83, 2.24, 1.78,885,885,4013.47,4.55, 2.59, 2.30,912,912,3383.32,3.58, 2.75, 2.51,876,876,4420.03,5.38, 2.59, 2.27
0.80,830,830,5201.34,6.67, 2.31, 1.92,912,912,4050.05,4.48, 2.63, 2.40,920,920,3345.87,3.50, 2.81, 2.59,906,906,4562.10,5.20, 2.68, 2.43
0.80,813,813,5005.86,6.60, 2.18, 1.77,889,889,4097.24,4.82, 2.43, 2.16,926,926,3505.55,3.84, 2.61, 2.42,887,887,4490.63,5.49, 2.44, 2.17
0.80,831,831,5182.49,6.81, 2.22, 1.84,888,888,4010.73,4.67, 2.57, 2.29,917,917,3519.59,3.97, 2.65, 2.43,889,889,4633.40,5.58, 2.61, 2.32
0.80,784,784,5184.92,7.09, 2.24, 1.75,891,891,3976.21,4.45, 2.57, 2.29,913,913,3412.97,3.67, 2.69, 2.45,891,891,4512.64,5.40, 2.50, 2.23
0.80,806,806,5302.50,7.36, 2.26, 1.83,889,889,3963.17,4.49, 2.59, 2.30,916,916,3370.86,3.53, 2.69, 2.47,881,881,4387.83,5.28, 2.57, 2.27
0.80,801,801,5256.77,7.01, 2.01, 1.61,877,877,4092.74,5.04, 2.42, 2.12,924,924,3385.24,3.58, 2.46, 2.27,896,896,4508.16,5.28, 2.38, 2.13
0.80,812,812,5114.72,6.93, 2.21, 1.80,886,886,4027.74,4.60, 2.54, 2.25,918,918,3362.02,3.58, 2.65, 2.43,886,886,4271.16,5.00, 2.62, 2.32
0.80,837,837,5277.49,6.83, 2.08, 1.74,894,894,4274.76,4.84, 2.38, 2.13,922,922,3563.67,3.92, 2.56, 2.36,901,901,4430.95,5.46, 2.51, 2.26
0.80,808,808,5142.68,6.66, 2.14, 1.73,875,875,4021.89,4.49, 2.51, 2.19,910,910,3388.94,3.62, 2.59, 2.36,895,895,4458.93,5.51, 2.53, 2.27
0.80,817,817,5138.25,6.77, 2.37, 1.94,906,906,3966.25,4.48, 2.56, 2.32,935,935,3466.25,3.63, 2.58, 2.41,911,911,4348.12,5.19, 2.59, 2.36
0.80,775,775,5135.76,7.21, 2.21, 1.71,889,889,4008.95,4.57, 2.57, 2.29,918,918,3363.31,3.62, 2.60, 2.39,880,880,4433.19,5.49, 2.49, 2.19
0.80,828,828,5134.90,6.71, 2.29, 1.90,900,900,3951.75,4.36, 2.67, 2.40,943,943,3140.33,3.14, 2.77, 2.61,916,916,4686.01,5.45, 2.62, 2.40
0.80,809,809,5328.44,7.04, 2.18, 1.76,877,877,3954.01,4.52, 2.57, 2.26,912,912,3392.62,3.62, 2.70, 2.46,884,884,4407.68,5.14, 2.57, 2.27
0.85,837,837,5307.46,6.88, 2.18, 1.83,893,893,3886.43,4.38, 2.65, 2.36,928,928,3339.35,3.47, 2.61, 2.42,898,898,4405.52,5.26, 2.65, 2.38
0.85,824,824,5426.77,7.11, 2.31, 1.90,902,902,4078.59,4.52, 2.63, 2.37,935,935,3246.37,3.52, 2.81, 2.63,898,898,4489.43,5.17, 2.65, 2.38
0.85,832,832,5299.64,7.09, 2.28, 1.90,876,876,3961.09,4.52, 2.69, 2.36,928,928,3422.21,3.59, 2.66, 2.47,900,900,4498.54,5.40, 2.61, 2.35
0.85,840,840,5437.93,6.96, 2.31, 1.94,911,911,4080.94,4.37, 2.62, 2.39,919,919,3414.23,3.42, 2.72, 2.50,905,905,4481.77,5.21, 2.67, 2.41
0.85,827,827,5351.92,6.95, 2.31, 1.91,894,894,4062.07,4.51, 2.57, 2.30,933,933,3428.22,3.72, 2.73, 2.55,903,903,4541.52,5.27, 2.61, 2.36
0.85,854,854,5524.53,7.01, 2.33, 1.99,922,922,4057.44,4.35, 2.64, 2.44,937,937,3274.65,3.39, 2.85, 2.67,915,915,4521.61,5.18, 2.63, 2.41
0.85,811,811,5419.46,7.29, 2.28, 1.85,907,907,3993.52,4.49, 2.69, 2.44,935,935,3391.41,3.54, 2.79, 2.60,923,923,4522.80,5.11, 2.63, 2.43
0.85,809,809,5355.25,6.97, 2.35, 1.90,897,897,4059.30,4.49, 2.70, 2.42,939,939,3319.75,3.45, 2.74, 2.57,913,913,4694.07,5.51, 2.77, 2.53
0.85,820,820,5465.55,7.11, 2.36, 1.93,917,917,4020.77,4.45, 2.71, 2.49,930,930,3447.13,3.69, 2.79, 2.59,917,917,4442.21,5.10, 2.73, 2.51
0.85,816,816,5230.35,7.07, 2.36, 1.93,903,903,3981.44,4.52, 2.71, 2.45,937,937,3327.87,3.51, 2.75, 2.58,906,906,4413.95,5.30, 2.63, 2.38
0.85,842,842,5345.67,6.81, 2.18, 1.84,916,916,4046.24,4.27, 2.64, 2.42,942,942,3414.43,3.58, 2.77, 2.61,900,900,4562.11,5.22, 2.61, 2.35
0.85,798,798,5112.75,6.93, 2.21, 1.76,882,882,4060.96,4.68, 2.49, 2.19,924,924,3408.34,3.55, 2.54, 2.35,884,884,4659.09,5.54, 2.44, 2.16
0.85,814,814,5438.07,7.31, 2.19, 1.78,901,901,4221.45,4.77, 2.51, 2.26,913,913,3487.54,3.84, 2.71, 2.47,891,891,4522.53,5.52, 2.68, 2.39
0.85,832,832,5500.76,7.09, 2.25, 1.87,931,931,4025.40,4.42, 2.66, 2.48,937,937,3233.12,3.32, 2.76, 2.59,926,926,4688.28,5.23, 2.64, 2.45
0.85,836,836,5299.71,6.82, 2.11, 1.76,892,892,4108.52,4.68, 2.55, 2.28,915,915,3410.43,3.69, 2.72, 2.49,894,894,4506.28,5.38, 2.36, 2.11
0.85,822,822,5416.40,6.99, 2.19, 1.80,913,913,4085.93,4.45, 2.57, 2.35,933,933,3335.66,3.51, 2.66, 2.48,900,900,4209.08,5.00, 2.52, 2.27
0.85,826,826,5338.04,7.07, 2.33, 1.92,898,898,4003.80,4.68, 2.70, 2.42,921,921,3277.33,3.43, 2.77, 2.55,895,895,4716.39,5.59, 2.57, 2.30
0.85,803,803,5219.95,7.10, 2.39, 1.92,883,883,3948.97,4.50, 2.80, 2.47,916,916,3351.62,3.67, 2.88, 2.63,895,895,4572.92,5.37, 2.71, 2.43
0.85,821,821,5318.74,6.98, 2.29, 1.88,888,888,4053.78,4.59, 2.67, 2.37,908,908,3367.25,3.66, 2.80, 2.54,880,880,4474.24,5.32, 2.69, 2.36
0.85,846,846,5356.86,6.70, 2.21, 1.87,908,908,4092.49,4.58, 2.58, 2.34,935,935,3368.49,3.42, 2.68, 2.50,895,895,4469.59,5.24, 2.56, 2.29
0.90,839,839,5425.89,6.77, 2.37, 1.99,905,905,4099.03,4.68, 2.65, 2.40,925,925,3329.26,3.42, 2.83, 2.62,892,892,4582.79,5.42, 2.89, 2.58
0.90,850,850,5579.32,6.86, 2.27, 1.93,923,923,4096.04,4.53, 2.66, 2.46,940,940,3227.15,3.42, 2.82, 2.65,905,905,4567.03,5.29, 2.66, 2.41
0.90,817,817,5427.83,7.04, 2.38, 1.95,904,904,4138.14,4.67, 2.74, 2.48,932,932,3211.62,3.34, 2.80, 2.61,881,881,4537.78,5.49, 2.77, 2.44
0.90,818,818,5399.30,7.01, 2.19, 1.79,911,911,4113.74,4.54, 2.54, 2.31,946,946,3398.77,3.63, 2.61, 2.47,912,912,4524.59,5.47, 2.55, 2.32
0.90,827,827,5401.85,7.05, 2.25, 1.86,884,884,4061.52,4.60, 2.65, 2.35,917,917,3231.35,3.28, 2.73, 2.50,895,895,4607.33,5.42, 2.63, 2.36
0.90,807,807,5139.02,6.93, 2.30, 1.85,901,901,4032.17,4.46, 2.61, 2.35,932,932,3388.99,3.62, 2.64, 2.47,895,895,4286.03,5.27, 2.57, 2.30
0.90,820,820,5242.88,6.92, 2.15, 1.76,890,890,3947.38,4.38, 2.57, 2.29,928,928,3298.88,3.41, 2.59, 2.40,898,898,4369.00,5.08, 2.46, 2.21
0.90,827,827,5354.09,7.05, 2.20, 1.82,919,919,4080.48,4.36, 2.52, 2.32,944,944,3312.94,3.25, 2.62, 2.47,892,892,4620.60,5.53, 2.55, 2.27
0.90,826,826,5537.55,7.10, 2.35, 1.94,901,901,4118.85,4.65, 2.69, 2.42,934,934,3287.35,3.36, 2.77, 2.59,916,916,4427.19,5.03, 2.76, 2.53
0.90,838,838,5386.03,6.90, 2.29, 1.92,909,909,3899.12,4.25, 2.66, 2.42,923,923,3065.24,3.15, 2.82, 2.61,903,903,4487.37,5.39, 2.72, 2.45
0.90,819,819,5291.42,6.97, 2.33, 1.91,896,896,3986.47,4.38, 2.58, 2.31,930,930,3332.70,3.33, 2.58, 2.40,902,902,4417.32,5.06, 2.53, 2.28
0.90,855,855,5570.75,7.04, 2.35, 2.01,920,920,4104.26,4.40, 2.71, 2.49,935,935,3413.52,3.55, 2.83, 2.64,918,918,4701.91,5.48, 2.77, 2.54
0.90,835,835,5362.88,6.86, 2.28, 1.90,911,911,4064.50,4.29, 2.58, 2.35,933,933,3282.71,3.29, 2.71, 2.53,910,910,4398.19,5.13, 2.79, 2.54
0.90,848,848,5553.11,7.10, 2.34, 1.98,915,915,4224.00,4.74, 2.72, 2.49,941,941,3354.65,3.29, 2.85, 2.68,926,926,4669.19,5.23, 2.65, 2.45
0.90,856,856,5314.00,6.52, 2.37, 2.03,916,916,4011.41,4.25, 2.72, 2.49,928,928,3277.51,3.28, 2.80, 2.60,903,903,4627.27,5.27, 2.65, 2.40
0.90,820,820,5321.61,6.98, 2.33, 1.91,895,895,4031.20,4.39, 2.63, 2.35,921,921,3305.35,3.55, 2.71, 2.50,899,899,4422.62,5.11, 2.62, 2.35
0.90,837,837,5666.01,7.32, 2.23, 1.87,913,913,4246.81,4.67, 2.59, 2.36,933,933,3513.18,3.70, 2.61, 2.44,910,910,4395.08,5.02, 2.56, 2.33
0.90,811,811,5061.62,6.69, 2.43, 1.97,885,885,3885.53,4.33, 2.77, 2.45,925,925,3342.13,3.57, 2.83, 2.62,884,884,4423.19,5.22, 2.74, 2.42
0.90,823,823,5319.72,7.30, 2.31, 1.90,908,908,3978.25,4.27, 2.64, 2.39,922,922,3188.77,3.11, 2.72, 2.51,900,900,4661.36,5.38, 2.57, 2.32
0.90,854,854,5504.45,7.06, 2.27, 1.94,907,907,4158.88,4.61, 2.61, 2.37,915,915,3211.45,3.35, 2.81, 2.57,896,896,4467.92,5.26, 2.60, 2.33
0.95,847,847,5667.53,7.35, 2.38, 2.02,911,911,4052.58,4.26, 2.71, 2.47,943,943,3268.70,3.32, 2.84, 2.68,928,928,4233.80,4.76, 2.71, 2.51
0.95,833,833,5560.87,7.27, 2.37, 1.98,901,901,3923.67,4.27, 2.84, 2.56,919,919,3227.19,3.37, 2.88, 2.65,900,900,4381.39,5.12, 2.79, 2.51
0.95,850,850,5553.15,7.15, 2.35, 2.00,917,917,4110.02,4.44, 2.73, 2.50,941,941,3277.85,3.37, 2.86, 2.69,925,925,4548.61,5.23, 2.86, 2.65
0.95,858,858,5737.36,7.11, 2.46, 2.11,913,913,3935.87,4.31, 2.89, 2.64,947,947,3197.28,3.21, 2.96, 2.80,928,928,4617.02,5.43, 2.80, 2.60
0.95,836,836,5362.22,6.97, 2.29, 1.92,921,921,4048.47,4.34, 2.60, 2.40,936,936,3237.57,3.32, 2.70, 2.53,918,918,4372.82,5.16, 2.69, 2.47
0.95,818,818,5301.20,6.61, 2.30, 1.89,881,881,4072.08,4.43, 2.58, 2.28,910,910,3395.32,3.64, 2.62, 2.38,888,888,4613.24,5.59, 2.63, 2.34
0.95,856,856,5587.08,6.98, 2.30, 1.97,923,923,3797.89,4.24, 2.78, 2.57,953,953,3103.75,3.08, 2.78, 2.65,933,933,4541.02,5.35, 2.65, 2.48
0.95,843,843,5598.57,7.21, 2.39, 2.02,917,917,4055.28,4.45, 2.77, 2.54,949,949,3401.28,3.48, 2.84, 2.69,919,919,4332.20,5.19, 2.84, 2.61
0.95,846,846,5733.66,7.24, 2.42, 2.04,929,929,4175.42,4.36, 2.75, 2.56,941,941,3308.81,3.28, 2.82, 2.66,913,913,4273.08,4.92, 2.79, 2.55
0.95,850,850,5611.99,7.12, 2.38, 2.03,934,934,4136.70,4.41, 2.76, 2.57,943,943,3332.34,3.43, 2.87, 2.71,908,908,4620.12,5.40, 2.82, 2.56
0.95,809,809,5480.84,7.07, 2.27, 1.83,892,892,4046.80,4.62, 2.63, 2.35,920,920,3363.87,3.48, 2.61, 2.41,899,899,4360.08,5.16, 2.65, 2.38
0.95,822,822,5502.45,7.18, 2.28, 1.87,912,912,4187.41,4.53, 2.67, 2.43,948,948,3326.02,3.34, 2.69, 2.55,912,912,4576.16,5.38, 2.56, 2.34
0.95,826,826,5513.62,7.14, 2.26, 1.86,926,926,4120.41,4.31, 2.68, 2.48,937,937,3361.53,3.43, 2.62, 2.45,888,888,4428.16,5.30, 2.70, 2.40
0.95,851,851,5699.35,7.13, 2.35, 2.00,932,932,4294.28,4.60, 2.64, 2.46,942,942,3266.01,3.38, 2.82, 2.65,924,924,4437.43,5.18, 2.67, 2.47
0.95,854,854,5523.93,7.01, 2.30, 1.97,934,934,4088.89,4.24, 2.76, 2.57,951,951,3204.44,3.17, 2.92, 2.77,919,919,4438.87,5.09, 2.77, 2.54
0.95,836,836,5654.48,7.10, 2.48, 2.08,916,916,4065.51,4.52, 2.76, 2.53,933,933,3224.87,3.34, 2.81, 2.63,920,920,4642.61,5.45, 2.74, 2.52
0.95,844,844,5555.38,6.95, 2.52, 2.12,917,917,3937.49,4.38, 2.77, 2.54,958,958,3115.04,2.97, 2.89, 2.76,936,936,4554.36,5.08, 2.64, 2.47
0.95,826,826,5479.16,7.26, 2.36, 1.95,915,915,4045.98,4.46, 2.68, 2.45,935,935,3290.70,3.40, 2.80, 2.62,927,927,4548.36,5.14, 2.63, 2.43
0.95,813,813,5359.28,6.96, 2.36, 1.92,899,899,4090.48,4.74, 2.66, 2.39,922,922,3304.92,3.50, 2.88, 2.65,894,894,4479.13,5.38, 2.76, 2.47
0.95,843,843,5546.14,7.02, 2.39, 2.02,918,918,4103.66,4.38, 2.79, 2.56,937,937,3335.37,3.48, 2.84, 2.67,913,913,4457.72,5.02, 2.77, 2.53
1.00,834,834,5702.38,7.16, 2.42, 2.02,908,908,4201.78,4.64, 2.73, 2.48,937,937,3416.06,3.59, 2.86, 2.68,914,914,4697.38,5.49, 2.83, 2.59
1.00,847,847,5634.50,6.92, 2.40, 2.04,911,911,4054.88,4.47, 2.69, 2.45,939,939,3276.34,3.34, 2.82, 2.65,915,915,4631.02,5.44, 2.79, 2.55
1.00,851,851,5690.10,7.17, 2.36, 2.01,926,926,4047.51,4.27, 2.97, 2.75,939,939,3288.91,3.27, 2.97, 2.79,915,915,4737.48,5.45, 2.85, 2.61
1.00,855,855,5721.10,7.28, 2.44, 2.09,943,943,4126.12,4.44, 2.83, 2.67,961,961,3206.71,3.21, 3.00, 2.89,931,931,4503.98,5.18, 2.93, 2.72
1.00,837,837,5613.24,7.01, 2.34, 1.96,918,918,4013.04,4.18, 2.78, 2.55,949,949,3266.31,3.16, 2.81, 2.67,931,931,4549.26,5.12, 2.67, 2.49
1.00,834,834,5675.87,7.26, 2.46, 2.05,921,921,4040.20,4.33, 2.74, 2.52,944,944,3267.59,3.44, 2.83, 2.68,913,913,4515.97,5.20, 2.88, 2.63
1.00,823,823,5542.97,7.27, 2.41, 1.98,911,911,4120.55,4.45, 2.74, 2.50,939,939,3262.46,3.25, 2.78, 2.62,904,904,4788.57,5.82, 2.74, 2.47
1.00,845,845,5704.51,7.27, 2.47, 2.09,921,921,4166.53,4.53, 2.74, 2.53,931,931,3284.57,3.51, 2.82, 2.63,918,918,4532.84,5.10, 2.79, 2.56
1.00,833,833,5595.43,7.10, 2.39, 1.99,901,901,4145.23,4.52, 2.63, 2.37,915,915,3275.82,3.39, 2.82, 2.58,900,900,5038.68,5.89, 2.70, 2.43
1.00,845,845,5598.31,7.08, 2.26, 1.91,918,918,4254.17,4.48, 2.56, 2.35,943,943,3405.21,3.42, 2.75, 2.59,934,934,4656.08,5.31, 2.73, 2.55
1.00,850,850,5760.57,7.33, 2.32, 1.97,915,915,4087.89,4.52, 2.80, 2.56,951,951,3479.06,3.50, 2.73, 2.59,920,920,4533.29,5.22, 2.74, 2.52
1.00,848,848,5536.09,6.87, 2.50, 2.12,920,920,4019.90,4.29, 2.81, 2.58,941,941,3240.34,3.29, 2.90, 2.73,933,933,4720.00,5.31, 2.62, 2.45
1.00,845,845,5803.23,7.16, 2.34, 1.98,914,914,4183.52,4.58, 2.68, 2.45,940,940,3354.04,3.50, 2.83, 2.66,914,914,4561.87,5.27, 2.74, 2.51
1.00,807,807,5396.31,7.24, 2.34, 1.89,906,906,4015.47,4.55, 2.66, 2.41,930,930,3241.61,3.30, 2.70, 2.51,915,915,4344.96,5.17, 2.66, 2.44
1.00,836,836,5747.42,7.30, 2.45, 2.05,897,897,3871.46,4.29, 2.93, 2.63,927,927,3145.72,3.14, 3.04, 2.82,907,907,4605.04,5.31, 2.93, 2.66
1.00,836,836,5656.97,7.24, 2.22, 1.86,921,921,3963.92,4.15, 2.65, 2.44,938,938,3255.04,3.16, 2.86, 2.68,924,924,4566.83,4.95, 2.76, 2.55
1.00,834,834,5919.23,7.60, 2.41, 2.01,916,916,4091.49,4.44, 2.74, 2.51,950,950,3163.15,3.05, 2.87, 2.73,924,924,4532.23,5.13, 2.76, 2.55
1.00,855,855,5710.07,6.91, 2.35, 2.01,914,914,4083.16,4.43, 2.60, 2.37,938,938,3170.74,3.02, 2.68, 2.51,920,920,4363.85,4.92, 2.68, 2.47
1.00,831,831,5448.73,7.18, 2.41, 2.01,907,907,4067.49,4.42, 2.80, 2.54,935,935,3177.58,3.19, 2.88, 2.69,914,914,4339.55,5.01, 2.84, 2.59
1.00,867,867,5847.70,7.11, 2.31, 2.01,917,917,4296.49,4.70, 2.68, 2.46,936,936,3390.14,3.55, 2.84, 2.66,918,918,4457.00,4.88, 2.78, 2.55
1.05,862,862,5825.28,7.20, 2.39, 2.06,917,917,4068.09,4.37, 2.81, 2.58,948,948,3375.14,3.43, 2.89, 2.74,917,917,4401.86,4.86, 2.81, 2.58
1.05,846,846,5758.05,7.32, 2.44, 2.06,914,914,4145.13,4.43, 2.68, 2.45,945,945,3262.98,3.27, 2.77, 2.61,906,906,4495.91,5.27, 2.76, 2.50
1.05,834,834,5621.48,7.24, 2.49, 2.08,924,924,4039.92,4.35, 2.81, 2.60,947,947,3179.54,3.13, 2.90, 2.74,911,911,4120.24,4.62, 2.90, 2.64
1.05,851,851,5779.36,7.21, 2.50, 2.13,907,907,3784.97,4.21, 2.86, 2.60,930,930,3131.62,3.07, 2.91, 2.71,915,915,4470.40,5.33, 2.82, 2.58
1.05,855,855,5793.25,7.25, 2.40, 2.05,925,925,4109.25,4.50, 2.71, 2.51,946,946,3297.89,3.38, 2.82, 2.66,925,925,4171.86,4.79, 2.78, 2.57
1.05,827,827,5495.72,7.03, 2.51, 2.08,923,923,3993.52,4.22, 2.85, 2.63,941,941,3072.82,3.00, 2.94, 2.77,915,915,4493.38,5.10, 2.85, 2.61
1.05,825,825,5570.62,7.39, 2.49, 2.05,916,916,4140.65,4.62, 2.76, 2.53,941,941,3209.71,3.36, 2.90, 2.73,941,941,4466.64,5.09, 2.81, 2.64
1.05,859,859,5981.47,7.35, 2.48, 2.13,918,918,4180.40,4.49, 2.79, 2.56,944,944,3205.04,3.07, 2.82, 2.67,923,923,4396.97,4.95, 2.85, 2.63
1.05,856,856,5883.42,7.33, 2.35, 2.01,921,921,4123.56,4.39, 2.80, 2.58,945,945,3209.16,3.27, 2.86, 2.70,926,926,4374.50,5.10, 2.87, 2.66
1.05,846,846,5592.38,7.11, 2.38, 2.01,918,918,4047.60,4.30, 2.70, 2.48,927,927,3119.45,3.06, 2.79, 2.59,915,915,4740.28,5.44, 2.73, 2.50
1.05,830,830,5502.66,7.16, 2.44, 2.03,914,914,4079.62,4.40, 2.70, 2.47,925,925,3167.56,3.19, 2.87, 2.65,912,912,4238.11,4.99, 2.76, 2.52
1.05,867,867,5788.50,7.31, 2.38, 2.06,925,925,4044.41,4.31, 2.70, 2.50,938,938,3136.48,3.36, 2.82, 2.64,939,939,4356.22,4.98, 2.75, 2.58
1.05,861,861,5864.16,7.28, 2.58, 2.22,930,930,4114.39,4.41, 2.81, 2.61,945,945,3048.94,2.96, 2.99, 2.82,924,924,4329.28,4.89, 2.94, 2.72
1.05,829,829,5637.61,7.30, 2.33, 1.94,907,907,3930.36,4.36, 2.68, 2.43,959,959,3127.56,2.95, 2.72, 2.61,918,918,4347.09,4.97, 2.76, 2.54
1.05,836,836,5951.59,7.70, 2.40, 2.01,922,922,4275.93,4.74, 2.80, 2.59,935,935,3280.07,3.37, 2.85, 2.66,930,930,4541.66,5.36, 2.85, 2.65
1.05,858,858,5784.79,7.03, 2.41, 2.07,921,921,4165.57,4.67, 2.75, 2.54,944,944,3182.89,3.24, 2.94, 2.78,928,928,4308.35,4.71, 2.87, 2.66
1.05,835,835,5815.73,7.53, 2.28, 1.91,927,927,4079.42,4.35, 2.58, 2.39,956,956,3138.16,3.15, 2.79, 2.67,934,934,4366.29,4.81, 2.77, 2.58
1.05,854,854,5762.99,7.31, 2.54, 2.17,912,912,3902.24,4.23, 2.89, 2.64,943,943,3057.57,2.89, 2.98, 2.81,918,918,4542.63,5.14, 2.95, 2.71
1.05,858,858,5725.46,7.19, 2.40, 2.06,922,922,4207.79,4.44, 2.75, 2.54,935,935,3264.90,3.22, 2.95, 2.76,928,928,4489.68,5.02, 2.92, 2.71
1.05,869,869,5916.84,7.35, 2.35, 2.05,933,933,4026.59,4.33, 2.86, 2.66,950,950,3076.47,3.05, 2.87, 2.72,921,921,4600.43,5.15, 2.94, 2.71
1.10,874,874,5986.38,7.43, 2.45, 2.14,933,933,4243.86,4.65, 2.84, 2.65,946,946,3003.76,2.93, 3.00, 2.84,940,940,4424.18,4.79, 2.82, 2.65
1.10,867,867,5828.65,7.06, 2.40, 2.08,925,925,4140.64,4.35, 2.70, 2.50,948,948,3264.62,3.19, 2.77, 2.63,926,926,4481.43,5.24, 2.74, 2.54
1.10,857,857,5863.09,7.36, 2.55, 2.18,924,924,4014.32,4.27, 2.76, 2.55,936,936,3059.70,2.90, 2.86, 2.68,924,924,4438.68,5.07, 2.81, 2.60
1.10,858,858,5854.00,7.32, 2.45, 2.10,924,924,4182.75,4.58, 2.80, 2.59,947,947,3214.48,3.32, 2.94, 2.79,928,928,4324.21,4.74, 2.88, 2.68
1.10,865,865,5919.89,7.28, 2.42, 2.09,934,934,4049.70,4.34, 2.87, 2.68,942,942,3136.79,3.10, 2.89, 2.73,934,934,4292.41,4.72, 2.82, 2.63
1.10,851,851,5850.52,7.35, 2.36, 2.01,925,925,4025.96,4.22, 2.71, 2.50,948,948,3242.15,3.22, 2.80, 2.66,921,921,4690.71,5.46, 2.65, 2.44
1.10,853,853,6011.66,7.48, 2.52, 2.15,936,936,4027.24,4.30, 2.90, 2.71,955,955,3051.50,2.96, 3.02, 2.88,932,932,4610.88,5.13, 2.93, 2.73
1.10,835,835,5560.35,7.04, 2.39, 1.99,907,907,4093.38,4.45, 2.70, 2.45,938,938,3218.25,3.12, 2.79, 2.62,931,931,4562.17,5.11, 2.84, 2.64
1.10,859,859,5930.59,7.37, 2.36, 2.03,927,927,4090.81,4.41, 2.65, 2.45,948,948,3219.87,2.97, 2.73, 2.59,927,927,4572.60,5.20, 2.77, 2.57
1.10,865,865,5963.96,7.30, 2.45, 2.12,919,919,4074.77,4.46, 2.77, 2.55,946,946,3049.06,2.85, 2.93, 2.77,925,925,4555.98,5.17, 2.83, 2.62
1.10,851,851,5622.26,7.19, 2.60, 2.22,931,931,3966.70,4.06, 2.84, 2.64,937,937,3087.79,3.16, 2.91, 2.72,936,936,4447.93,4.78, 2.91, 2.72
1.10,841,841,5879.77,7.36, 2.49, 2.09,917,917,4012.91,4.32, 2.85, 2.61,941,941,3202.85,3.06, 2.90, 2.73,923,923,4771.55,5.40, 2.91, 2.68
1.10,866,866,5793.50,7.40, 2.38, 2.06,932,932,3950.99,4.14, 2.78, 2.59,941,941,3107.78,3.06, 2.86, 2.69,934,934,4338.39,4.90, 2.72, 2.54
1.10,847,847,5717.79,7.45, 2.48, 2.10,928,928,4066.66,4.33, 2.85, 2.65,941,941,3212.01,3.32, 2.94, 2.77,944,944,4435.37,4.84, 2.91, 2.75
1.10,876,876,5862.06,7.18, 2.42, 2.12,939,939,4224.53,4.47, 2.74, 2.58,961,961,3237.99,3.10, 2.84, 2.73,928,928,4362.56,4.95, 2.72, 2.53
1.10,851,851,5910.84,7.43, 2.48, 2.11,915,915,4041.68,4.40, 2.77, 2.53,957,957,3220.94,3.11, 2.89, 2.76,926,926,4351.34,5.00, 2.84, 2.63
1.10,848,848,5809.30,7.12, 2.39, 2.03,925,925,4130.76,4.41, 2.76, 2.56,937,937,3222.46,3.32, 2.96, 2.77,912,912,4523.34,5.26, 2.86, 2.61
1.10,838,838,5678.90,7.06, 2.48, 2.08,914,914,4111.39,4.48, 2.95, 2.69,949,949,3145.46,3.10, 3.06, 2.91,932,932,4454.71,4.80, 2.86, 2.67
1.10,851,851,5703.23,7.03, 2.42, 2.06,905,905,4118.98,4.59, 2.74, 2.48,945,945,3155.70,3.01, 2.82, 2.66,929,929,4645.35,5.01, 2.67, 2.48
1.10,852,852,5785.55,7.04, 2.41, 2.05,931,931,4103.34,4.30, 2.79, 2.60,953,953,3272.32,3.35, 2.83, 2.70,922,922,4480.18,5.07, 2.92, 2.69
1.15,872,872,6023.33,7.23, 2.51, 2.19,926,926,3958.85,4.14, 2.90, 2.69,949,949,3219.26,3.17, 3.06, 2.90,919,919,4688.95,5.18, 3.00, 2.75
1.15,848,848,5894.78,7.50, 2.38, 2.02,928,928,3979.61,4.05, 2.76, 2.56,939,939,3280.33,3.16, 2.83, 2.66,942,942,4633.58,5.30, 2.78, 2.62
1.15,846,846,5889.30,7.39, 2.52, 2.13,933,933,4167.93,4.51, 2.81, 2.62,954,954,3119.97,3.02, 2.94, 2.80,927,927,4607.11,4.98, 2.91, 2.70
1.15,855,855,6045.79,7.65, 2.37, 2.03,929,929,4147.93,4.46, 2.75, 2.56,949,949,3295.76,3.35, 2.86, 2.72,915,915,4295.78,4.84, 2.79, 2.56
1.15,864,864,5743.59,6.87, 2.41, 2.08,908,908,3945.89,4.25, 2.71, 2.46,948,948,3131.21,2.97, 2.77, 2.62,924,924,4215.79,4.68, 2.75, 2.54
1.15,861,861,5781.43,7.18, 2.59, 2.23,905,905,3947.64,4.28, 2.88, 2.60,937,937,3067.46,2.96, 3.02, 2.83,935,935,4528.24,4.95, 2.93, 2.74
1.15,839,839,5800.58,7.09, 2.49, 2.09,935,935,4070.92,4.24, 2.74, 2.56,947,947,3083.49,3.06, 2.82, 2.67,924,924,4617.92,5.29, 2.78, 2.57
1.15,865,865,5721.69,7.06, 2.57, 2.22,919,919,3975.66,4.27, 2.97, 2.73,943,943,2948.34,2.94, 3.02, 2.85,933,933,4248.99,4.55, 3.02, 2.82
1.15,871,871,6052.03,7.44, 2.39, 2.09,929,929,4079.96,4.26, 2.82, 2.62,950,950,3257.65,3.18, 2.84, 2.70,932,932,4348.51,4.60, 2.85, 2.66
1.15,845,845,5854.66,7.21, 2.47, 2.09,913,913,4028.78,4.47, 2.81, 2.56,941,941,3008.84,2.95, 2.94, 2.77,914,914,4277.72,4.76, 2.91, 2.66
1.15,870,870,5849.38,7.00, 2.50, 2.17,932,932,4051.26,4.32, 2.77, 2.58,944,944,2963.21,2.95, 2.88, 2.72,937,937,4424.35,5.12, 2.79, 2.61
1.15,857,857,5933.18,7.37, 2.45, 2.10,924,924,3974.49,4.14, 2.80, 2.59,949,949,3049.75,2.91, 2.83, 2.68,939,939,4513.45,4.68, 2.80, 2.63
1.15,867,867,5620.52,7.04, 2.43, 2.11,933,933,4061.42,4.36, 2.86, 2.66,951,951,3241.45,3.31, 2.89, 2.75,934,934,4755.55,5.39, 2.81, 2.63
1.15,884,884,6078.51,7.51, 2.70, 2.38,936,936,4117.40,4.44, 3.01, 2.82,954,954,3144.49,3.15, 3.01, 2.87,930,930,4344.43,4.90, 3.08, 2.86
1.15,864,864,5916.69,7.49, 2.54, 2.19,926,926,3935.44,4.11, 2.91, 2.70,942,942,3149.93,3.21, 2.98, 2.80,933,933,4569.14,5.31, 2.93, 2.73
1.15,852,852,5843.83,7.44, 2.48, 2.11,923,923,4103.36,4.41, 2.84, 2.62,940,940,3105.72,3.06, 2.89, 2.72,930,930,4363.11,4.82, 2.86, 2.66
1.15,858,858,5829.12,7.32, 2.55, 2.19,926,926,3974.94,4.22, 2.85, 2.64,940,940,2985.90,2.99, 2.93, 2.76,927,927,4382.86,4.91, 2.87, 2.66
1.15,854,854,5808.98,7.16, 2.64, 2.25,920,920,4048.30,4.30, 2.80, 2.58,940,940,3010.88,2.86, 2.92, 2.74,932,932,4443.62,5.00, 2.84, 2.65
1.15,860,860,6124.47,7.70, 2.50, 2.15,926,926,4114.83,4.39, 2.84, 2.63,953,953,3063.97,3.00, 2.99, 2.85,945,945,4633.68,5.34, 2.90, 2.74
1.15,868,868,6138.15,7.62, 2.50, 2.17,922,922,4160.55,4.52, 2.85, 2.63,946,946,3320.31,3.24, 2.98, 2.82,927,927,4724.56,5.42, 2.94, 2.73
1.20,871,871,5891.97,7.32, 2.44, 2.12,927,927,4032.99,4.28, 2.73, 2.53,948,948,3023.50,2.98, 2.82, 2.68,929,929,4347.11,4.92, 2.77, 2.57
1.20,866,866,5875.71,7.23, 2.59, 2.24,929,929,3835.15,4.04, 2.94, 2.73,957,957,3021.53,3.01, 2.93, 2.81,932,932,4453.97,5.35, 2.98, 2.78
1.20,862,862,6004.39,7.20, 2.50, 2.16,927,927,4128.94,4.36, 2.81, 2.60,949,949,3175.23,3.19, 2.96, 2.81,927,927,4638.53,5.34, 2.89, 2.68
1.20,873,873,6037.30,7.21, 2.37, 2.07,946,946,4222.13,4.49, 2.81, 2.66,963,963,3129.69,3.05, 2.98, 2.87,939,939,4581.71,5.09, 3.05, 2.87
1.20,857,857,5803.82,7.22, 2.41, 2.07,931,931,4034.41,4.37, 2.89, 2.69,959,959,2867.13,2.78, 2.97, 2.85,942,942,4182.13,4.38, 2.96, 2.79
1.20,884,884,6039.21,7.28, 2.37, 2.10,932,932,4184.63,4.58, 2.78, 2.59,957,957,2990.32,2.84, 2.90, 2.78,937,937,4619.86,5.28, 2.90, 2.72
1.20,874,874,5930.16,7.07, 2.45, 2.14,927,927,4088.76,4.30, 2.75, 2.55,950,950,3114.58,3.02, 2.77, 2.63,912,912,4538.98,5.19, 2.85, 2.60
1.20,869,869,6036.32,7.39, 2.49, 2.17,933,933,4104.93,4.38, 2.86, 2.67,961,961,3289.13,3.30, 3.02, 2.90,940,940,4477.31,4.93, 3.00, 2.82
1.20,859,859,6095.99,7.32, 2.52, 2.16,929,929,4082.87,4.31, 2.83, 2.63,948,948,3013.26,2.69, 2.92, 2.77,950,950,4390.88,4.69, 2.85, 2.71
1.20,862,862,5941.71,7.49, 2.61, 2.25,924,924,3857.50,4.11, 2.96, 2.73,945,945,3019.98,3.03, 3.02, 2.85,915,915,4602.69,5.21, 2.91, 2.67
1.20,873,873,5916.51,7.21, 2.48, 2.16,923,923,3991.00,4.41, 2.76, 2.55,938,938,2972.19,2.91, 2.91, 2.73,926,926,4107.09,4.68, 2.80, 2.59
1.20,851,851,6013.24,7.47, 2.37, 2.02,935,935,4256.95,4.50, 2.71, 2.53,959,959,3211.56,3.08, 2.83, 2.72,930,930,4253.27,4.75, 2.83, 2.63
1.20,877,877,6010.50,7.31, 2.46, 2.16,934,934,4086.54,4.30, 2.87, 2.68,949,949,3094.80,3.06, 2.96, 2.81,934,934,4479.97,4.90, 2.89, 2.70
1.20,866,866,5991.31,7.44, 2.50, 2.17,925,925,3930.27,4.12, 2.85, 2.63,949,949,2814.93,2.61, 3.02, 2.86,934,934,4371.69,4.86, 2.93, 2.74
1.20,862,862,5698.97,6.92, 2.46, 2.12,938,938,3940.92,4.11, 2.80, 2.63,950,950,3074.34,3.09, 2.84, 2.70,904,904,4474.96,5.18, 2.75, 2.49
1.20,869,869,5802.02,7.18, 2.61, 2.27,919,919,3973.20,4.17, 2.86, 2.63,941,941,2871.33,2.73, 3.01, 2.83,940,940,4363.73,4.95, 2.94, 2.76
1.20,864,864,5842.24,7.15, 2.61, 2.26,924,924,3823.99,3.97, 3.00, 2.77,945,945,2930.79,2.85, 3.02, 2.86,931,931,4592.89,5.03, 2.89, 2.70
1.20,861,861,5914.36,7.24, 2.60, 2.24,934,934,4081.77,4.29, 2.85, 2.66,940,940,3107.56,3.07, 2.93, 2.76,931,931,4559.89,5.13, 2.88, 2.68
1.20,872,872,5874.17,7.15, 2.61, 2.28,929,929,4032.43,4.31, 2.87, 2.66,951,951,3120.03,2.96, 3.03, 2.88,934,934,4387.54,4.88, 2.91, 2.72
1.20,874,874,6141.51,7.65, 2.51, 2.19,934,934,4019.55,4.20, 2.91, 2.72,965,965,3098.11,2.96, 2.99, 2.89,919,919,4604.80,5.37, 2.97, 2.73
1.25,868,868,6239.16,7.79, 2.41, 2.09,930,930,4086.22,4.33, 2.93, 2.72,949,949,3009.85,2.90, 3.06, 2.90,940,940,4285.60,4.67, 2.96, 2.78
1.25,859,859,5982.46,7.46, 2.52, 2.17,923,923,3900.27,4.24, 3.02, 2.79,953,953,3074.70,3.12, 3.08, 2.93,930,930,4251.19,4.76, 3.07, 2.85
1.25,871,871,6054.18,7.37, 2.57, 2.24,928,928,3955.43,4.24, 2.92, 2.71,949,949,2976.68,2.83, 2.99, 2.83,938,938,4202.90,4.53, 3.01, 2.82
1.25,884,884,6213.42,7.47, 2.39, 2.11,945,945,3989.30,4.15, 2.79, 2.64,955,955,2787.07,2.66, 2.95, 2.82,955,955,4234.51,4.54, 2.88, 2.75
1.25,857,857,5914.58,7.36, 2.60, 2.22,938,938,4047.10,4.35, 2.87, 2.69,957,957,3112.79,3.03, 2.94, 2.82,933,933,4429.75,5.02, 2.82, 2.63
1.25,864,864,6110.60,7.58, 2.46, 2.13,927,927,4065.45,4.33, 2.83, 2.62,944,944,3075.74,3.03, 2.88, 2.71,933,933,4555.39,4.92, 2.86, 2.67
1.25,887,887,6234.79,7.54, 2.55, 2.26,944,944,4062.26,4.31, 2.97, 2.80,965,965,3045.26,2.82, 3.03, 2.93,949,949,4344.60,4.59, 3.04, 2.88
1.25,873,873,5926.12,7.17, 2.68, 2.34,945,945,4099.63,4.29, 2.94, 2.78,960,960,3043.04,3.00, 3.02, 2.90,957,957,4465.78,4.90, 2.96, 2.83
1.25,843,843,6130.82,7.72, 2.50, 2.11,916,916,4052.14,4.40, 2.78, 2.55,936,936,2987.72,2.99, 2.99, 2.80,942,942,4085.98,4.22, 2.96, 2.79
1.25,852,852,6024.51,7.58, 2.57, 2.19,926,926,3850.96,4.11, 3.04, 2.81,955,955,2940.39,2.86, 3.08, 2.95,935,935,4287.14,4.69, 2.98, 2.79
1.25,863,863,5927.93,7.24, 2.46, 2.12,933,933,4023.05,4.37, 2.91, 2.71,953,953,2945.16,2.86, 2.96, 2.82,936,936,4088.43,4.65, 2.86, 2.68
1.25,873,873,6097.67,7.30, 2.46, 2.15,939,939,4172.91,4.35, 2.75, 2.58,952,952,3066.92,2.88, 2.91, 2.77,934,934,4312.37,4.79, 2.83, 2.64
1.25,872,872,5953.55,7.24, 2.55, 2.22,943,943,3988.78,4.13, 2.83, 2.67,959,959,2923.16,2.64, 2.93, 2.81,942,942,4532.78,4.90, 2.87, 2.70
1.25,856,856,5886.37,7.24, 2.44, 2.09,930,930,4053.69,4.23, 2.75, 2.55,941,941,3067.06,3.17, 2.85, 2.68,931,931,4316.52,4.79, 2.81, 2.61
1.25,853,853,6132.65,7.64, 2.50, 2.14,930,930,4114.68,4.49, 2.97, 2.76,944,944,3082.64,3.21, 3.06, 2.89,924,924,4612.40,5.17, 3.01, 2.78
1.25,877,877,6061.49,7.37, 2.61, 2.29,940,940,3956.53,4.21, 3.00, 2.82,958,958,2948.63,2.88, 3.06, 2.93,945,945,4314.51,4.98, 2.96, 2.80
1.25,890,890,5985.30,7.15, 2.59, 2.31,940,940,3916.04,4.12, 2.99, 2.81,944,944,2864.94,2.88, 3.21, 3.03,941,941,4296.21,4.90, 3.16, 2.97
1.25,861,861,5764.88,7.01, 2.43, 2.09,925,925,4194.82,4.48, 2.69, 2.49,949,949,3195.18,3.07, 2.75, 2.61,932,932,4347.15,4.88, 2.76, 2.57
1.25,862,862,5889.60,7.30, 2.48, 2.14,928,928,4055.49,4.35, 2.76, 2.56,944,944,2960.44,3.01, 2.88, 2.72,941,941,4245.22,4.66, 2.85, 2.69
1.25,864,864,5990.71,7.30, 2.50, 2.16,940,940,4029.88,4.21, 2.84, 2.67,957,957,3011.51,2.90, 2.96, 2.83,931,931,4219.25,4.74, 2.93, 2.73
1.30,880,880,5999.11,7.35, 2.55, 2.24,934,934,4043.49,4.25, 2.82, 2.64,950,950,3001.63,2.90, 2.94, 2.79,939,939,4378.81,4.84, 2.83, 2.66
1.30,881,881,6042.10,7.20, 2.63, 2.32,935,935,4056.84,4.33, 2.95, 2.76,960,960,3021.17,3.09, 3.02, 2.90,918,918,4317.71,4.97, 2.95, 2.71
1.30,863,863,6111.81,7.47, 2.51, 2.17,925,925,3982.91,4.15, 2.86, 2.65,949,949,3031.54,2.83, 2.88, 2.73,930,930,4395.69,4.88, 2.95, 2.75
1.30,888,888,6023.30,7.32, 2.50, 2.22,934,934,4085.93,4.48, 2.82, 2.64,947,947,2952.70,2.96, 2.93, 2.78,935,935,4331.28,4.70, 2.88, 2.69
1.30,865,865,6078.87,7.40, 2.57, 2.22,928,928,3991.27,4.17, 2.85, 2.65,943,943,3113.36,3.07, 2.91, 2.75,942,942,4587.65,5.04, 2.86, 2.69
1.30,906,906,6219.54,7.32, 2.55, 2.31,962,962,4155.95,4.29, 2.95, 2.83,965,965,2932.34,2.87, 3.15, 3.04,941,941,4306.04,4.77, 3.15, 2.96
1.30,877,877,6005.05,7.38, 2.61, 2.29,941,941,4003.37,4.18, 2.97, 2.79,947,947,2955.90,2.74, 3.06, 2.90,934,934,4329.90,4.58, 2.98, 2.78
1.30,874,874,6168.54,7.52, 2.52, 2.20,931,931,4108.15,4.40, 2.90, 2.70,952,952,3001.45,2.84, 2.95, 2.81,934,934,4444.86,4.86, 2.89, 2.70
1.30,877,877,6115.63,7.24, 2.53, 2.22,940,940,4202.69,4.38, 2.76, 2.60,944,944,3050.46,2.97, 2.92, 2.76,944,944,4565.56,5.05, 2.83, 2.68
1.30,867,867,6027.95,7.39, 2.48, 2.15,928,928,4075.30,4.28, 2.82, 2.61,951,951,2982.71,2.81, 2.91, 2.76,936,936,4376.03,4.84, 2.83, 2.65
1.30,887,887,6329.52,7.48, 2.46, 2.19,944,944,4044.10,4.10, 2.95, 2.79,956,956,2980.53,2.73, 3.04, 2.91,950,950,4440.05,4.95, 2.93, 2.79
1.30,854,854,5940.91,7.45, 2.37, 2.02,907,907,4276.43,4.59, 2.75, 2.50,934,934,3219.77,3.16, 2.91, 2.72,919,919,4555.95,5.16, 2.85, 2.62
1.30,871,871,6165.13,7.51, 2.51, 2.19,941,941,3933.39,4.01, 2.91, 2.74,959,959,3033.37,2.95, 2.96, 2.84,950,950,4650.27,5.03, 2.90, 2.76
1.30,870,870,5888.62,7.20, 2.52, 2.19,933,933,4002.13,4.27, 2.82, 2.63,948,948,2941.49,2.96, 2.99, 2.84,935,935,4400.43,5.11, 2.97, 2.78
1.30,863,863,5960.84,7.43, 2.50, 2.16,930,930,4126.03,4.40, 2.70, 2.51,948,948,2956.72,2.86, 2.89, 2.74,931,931,4438.53,5.06, 2.86, 2.67
1.30,849,849,6072.46,7.51, 2.54, 2.16,935,935,4112.32,4.35, 2.86, 2.67,950,950,3035.92,2.91, 2.99, 2.84,944,944,4448.99,5.09, 2.96, 2.79
1.30,857,857,6114.65,7.61, 2.61, 2.24,926,926,4001.08,4.15, 2.94, 2.72,950,950,2966.13,2.73, 3.02, 2.87,934,934,4382.71,4.80, 2.96, 2.77
1.30,869,869,5998.20,7.46, 2.67, 2.32,945,945,3995.83,4.02, 2.99, 2.83,955,955,2874.90,2.76, 3.05, 2.91,944,944,4316.91,4.71, 2.98, 2.82
1.30,881,881,5967.96,7.21, 2.63, 2.32,952,952,3845.72,3.98, 3.00, 2.85,965,965,2856.53,2.76, 3.06, 2.96,944,944,4470.53,5.08, 3.01, 2.84
1.30,885,885,6256.41,7.56, 2.52, 2.23,952,952,4136.32,4.28, 2.83, 2.70,960,960,2973.12,2.85, 2.96, 2.84,946,946,4336.15,4.60, 2.94, 2.78
1.35,867,867,6103.61,7.47, 2.71, 2.35,942,942,4095.84,4.25, 3.00, 2.82,958,958,2996.84,2.81, 3.11, 2.98,953,953,4431.47,4.86, 3.11, 2.96
1.35,882,882,6010.62,7.22, 2.69, 2.38,945,945,3862.24,3.92, 3.05, 2.88,963,963,2888.78,2.73, 3.14, 3.03,946,946,4260.47,4.55, 3.05, 2.88
1.35,883,883,6246.45,7.50, 2.59, 2.29,931,931,4061.68,4.49, 2.94, 2.74,957,957,2804.30,2.70, 2.96, 2.84,936,936,4425.18,4.92, 2.85, 2.66
1.35,860,860,6047.19,7.51, 2.64, 2.27,937,937,4165.41,4.46, 3.01, 2.82,953,953,3127.04,3.11, 3.04, 2.90,938,938,4447.27,5.05, 2.96, 2.78
1.35,881,881,6185.04,7.54, 2.41, 2.13,931,931,3942.20,4.18, 2.87, 2.67,950,950,2809.73,2.63, 2.99, 2.84,929,929,4357.97,4.90, 2.95, 2.74
1.35,881,881,6193.82,7.39, 2.48, 2.18,946,946,4059.36,4.18, 2.83, 2.68,961,961,2918.61,2.74, 2.91, 2.80,949,949,4292.67,4.61, 2.88, 2.73
1.35,890,890,6156.66,7.29, 2.60, 2.31,936,936,4007.02,4.09, 2.99, 2.80,954,954,2969.09,2.82, 3.08, 2.94,946,946,4561.41,5.01, 3.04, 2.88
1.35,869,869,6396.59,7.97, 2.70, 2.35,928,928,3967.46,4.15, 3.13, 2.91,949,949,2846.45,2.76, 3.16, 3.00,938,938,4028.42,4.34, 3.05, 2.86
1.35,857,857,5957.34,7.22, 2.56, 2.19,940,940,4003.23,3.97, 2.84, 2.67,951,951,2849.44,2.72, 2.88, 2.74,940,940,4421.83,4.86, 2.84, 2.67
1.35,871,871,6179.08,7.61, 2.58, 2.25,923,923,3889.70,4.13, 3.01, 2.78,957,957,2894.32,2.79, 2.96, 2.83,946,946,4427.34,4.89, 2.85, 2.70
1.35,879,879,6241.64,7.61, 2.62, 2.30,945,945,4031.85,4.31, 3.01, 2.85,952,952,2963.93,2.85, 3.09, 2.94,944,944,4336.60,5.05, 3.02, 2.85
1.35,868,868,6113.76,7.44, 2.70, 2.35,924,924,3995.30,4.20, 2.98, 2.75,944,944,2991.12,2.91, 3.00, 2.83,940,940,4566.24,4.98, 2.93, 2.75
1.35,870,870,6149.57,7.61, 2.57, 2.24,942,942,4085.84,4.15, 2.80, 2.64,957,957,2953.77,2.87, 2.91, 2.79,937,937,4354.48,4.80, 2.87, 2.69
1.35,870,870,5924.55,7.22, 2.57, 2.23,932,932,3995.36,4.19, 2.87, 2.68,960,960,3026.54,2.88, 2.98, 2.86,948,948,4287.51,4.71, 2.88, 2.73
1.35,867,867,6061.11,7.23, 2.65, 2.30,938,938,4144.70,4.35, 2.91, 2.73,957,957,3210.89,3.12, 2.99, 2.86,955,955,4328.81,4.62, 2.97, 2.83
1.35,887,887,6246.68,7.39, 2.69, 2.38,956,956,4047.80,4.13, 2.97, 2.84,972,972,2881.22,2.58, 3.10, 3.01,962,962,4444.15,4.87, 3.10, 2.99
1.35,866,866,6015.65,7.50, 2.54, 2.20,932,932,4136.45,4.38, 2.78, 2.59,964,964,3033.11,2.84, 2.92, 2.81,946,946,4206.20,4.48, 2.92, 2.77
1.35,885,885,6149.64,7.27, 2.65, 2.34,934,934,4221.64,4.38, 2.88, 2.69,954,954,3068.74,2.94, 2.91, 2.78,944,944,4362.17,4.82, 2.92, 2.76
1.35,877,877,6230.16,7.55, 2.56, 2.24,941,941,3893.32,3.98, 2.78, 2.62,969,969,2928.22,2.61, 2.87, 2.79,950,950,4242.68,4.63, 2.87, 2.72
1.35,868,868,6259.39,7.66, 2.47, 2.14,919,919,4064.69,4.23, 2.86, 2.63,945,945,2983.88,2.92, 2.94, 2.78,915,915,4268.02,4.82, 3.00, 2.75
1.40,897,897,6157.12,7.35, 2.62, 2.35,949,949,4024.43,4.19, 2.99, 2.84,968,968,2874.37,2.73, 3.05, 2.95,954,954,4303.10,4.86, 3.14, 3.00
1.40,872,872,5938.01,7.34, 2.58, 2.25,935,935,4043.03,4.27, 2.84, 2.65,953,953,3020.01,2.93, 2.93, 2.80,947,947,4231.97,4.55, 2.85, 2.70
1.40,883,883,6126.63,7.27, 2.70, 2.38,933,933,3833.15,4.00, 3.01, 2.81,961,961,2962.64,2.87, 2.98, 2.86,961,961,4139.08,4.69, 2.92, 2.81
1.40,883,883,6119.84,7.31, 2.51, 2.21,943,943,4077.33,4.13, 2.85, 2.68,962,962,3007.98,2.99, 2.93, 2.82,953,953,4426.75,4.87, 2.84, 2.71
1.40,885,885,6256.89,7.68, 2.66, 2.36,948,948,4100.84,4.31, 2.90, 2.75,964,964,2881.64,2.68, 2.94, 2.83,937,937,4321.72,4.70, 2.91, 2.73
1.40,878,878,6136.51,7.37, 2.58, 2.26,943,943,3931.56,4.04, 2.91, 2.75,969,969,2976.97,2.84, 2.94, 2.85,946,946,4459.68,4.70, 2.89, 2.73
1.40,873,873,6159.01,7.59, 2.50, 2.18,941,941,3993.49,4.18, 2.91, 2.73,949,949,3010.49,2.97, 2.95, 2.80,940,940,4098.62,4.43, 2.91, 2.74
1.40,883,883,6273.21,7.46, 2.55, 2.26,926,926,3959.36,4.17, 2.90, 2.69,950,950,2857.97,2.68, 2.91, 2.76,953,953,4036.12,4.39, 2.95, 2.82
1.40,879,879,6198.68,7.52, 2.46, 2.16,933,933,4018.05,4.05, 2.85, 2.66,943,943,2952.21,2.75, 3.04, 2.87,952,952,4440.32,4.66, 2.84, 2.71
1.40,893,893,6317.21,7.55, 2.61, 2.33,947,947,4042.53,4.20, 2.89, 2.73,964,964,2872.92,2.77, 2.94, 2.84,962,962,4280.59,4.79, 2.93, 2.82
1.40,874,874,6151.24,7.28, 2.66, 2.33,930,930,3868.39,3.97, 3.06, 2.84,959,959,2890.95,2.72, 3.11, 2.99,952,952,4150.46,4.44, 2.98, 2.84
1.40,894,894,6128.85,7.29, 2.60, 2.33,952,952,4107.80,4.28, 2.91, 2.77,967,967,2913.14,2.76, 3.05, 2.95,958,958,4241.33,4.59, 3.07, 2.94
1.40,870,870,6126.43,7.50, 2.61, 2.27,949,949,3906.60,3.89, 3.00, 2.85,957,957,2876.67,2.62, 3.10, 2.97,944,944,4368.86,4.89, 2.96, 2.79
1.40,870,870,6250.50,7.51, 2.62, 2.28,932,932,3967.47,4.12, 2.98, 2.78,961,961,3042.72,2.88, 3.09, 2.97,952,952,4365.71,4.79, 2.96, 2.82
1.40,881,881,6449.26,7.79, 2.65, 2.33,945,945,4030.38,4.24, 2.87, 2.71,960,960,2778.35,2.66, 3.02, 2.90,928,928,4256.43,4.71, 2.98, 2.77
1.40,851,851,6116.73,7.64, 2.55, 2.17,917,917,3915.69,4.04, 2.82, 2.59,953,953,3036.63,2.89, 2.84, 2.70,924,924,4321.62,4.75, 2.90, 2.68
1.40,880,880,6162.93,7.50, 2.61, 2.30,932,932,3918.77,4.19, 3.05, 2.84,950,950,2836.43,2.74, 3.20, 3.04,944,944,4421.15,4.72, 3.03, 2.86
1.40,883,883,6351.54,7.74, 2.61, 2.30,948,948,3882.53,4.01, 2.90, 2.75,956,956,2714.55,2.57, 3.02, 2.88,944,944,4213.90,4.53, 2.98, 2.81
1.40,865,865,6164.18,7.60, 2.60, 2.25,944,944,4083.27,4.30, 2.92, 2.76,959,959,2940.08,2.82, 3.04, 2.91,955,955,4348.30,4.71, 3.02, 2.88
1.40,889,889,6169.36,7.25, 2.71, 2.41,939,939,3945.66,4.05, 2.99, 2.81,952,952,2864.06,2.71, 3.10, 2.96,947,947,4552.14,4.87, 2.96, 2.80
1.45,878,878,6072.04,7.25, 2.63, 2.31,932,932,4121.64,4.22, 3.00, 2.80,951,951,3034.36,2.93, 3.00, 2.85,942,942,4782.70,5.30, 3.01, 2.83
1.45,866,866,6130.38,7.61, 2.57, 2.22,922,922,3850.92,3.98, 2.87, 2.65,945,945,2721.81,2.48, 2.93, 2.77,939,939,4156.07,4.55, 2.84, 2.67
1.45,867,867,6381.66,7.71, 2.59, 2.24,937,937,4065.41,4.29, 2.96, 2.77,969,969,3101.15,2.88, 2.92, 2.83,948,948,4487.15,4.91, 3.00, 2.85
1.45,872,872,6263.27,7.58, 2.53, 2.21,940,940,3956.37,4.03, 2.84, 2.67,952,952,2745.37,2.59, 2.97, 2.83,948,948,4034.38,4.58, 2.86, 2.71
1.45,880,880,6115.04,7.21, 2.62, 2.31,932,932,3947.58,4.08, 2.98, 2.77,950,950,2847.73,2.55, 3.08, 2.93,932,932,4229.58,4.76, 3.10, 2.89
1.45,871,871,6346.51,7.96, 2.65, 2.31,948,948,3986.69,4.06, 2.91, 2.76,970,970,2922.34,2.78, 3.01, 2.92,950,950,4250.85,4.83, 2.97, 2.82
1.45,871,871,6077.95,7.45, 2.69, 2.34,920,920,3922.71,4.05, 2.91, 2.68,944,944,2955.11,2.92, 2.93, 2.76,932,932,4391.20,4.66, 2.79, 2.60
1.45,871,871,6087.33,7.66, 2.74, 2.38,932,932,3958.93,4.09, 3.10, 2.89,955,955,3081.87,2.96, 3.17, 3.03,939,939,4440.97,4.76, 3.22, 3.02
1.45,864,864,6114.56,7.42, 2.69, 2.32,930,930,3899.98,4.04, 3.01, 2.80,952,952,2741.44,2.65, 3.13, 2.98,936,936,4424.51,5.01, 3.08, 2.89
1.45,869,869,6112.89,7.52, 2.75, 2.39,930,930,3835.14,3.96, 3.05, 2.84,961,961,2932.00,2.77, 3.04, 2.92,946,946,4837.61,5.36, 3.08, 2.91
1.45,882,882,6171.12,7.37, 2.61, 2.31,954,954,4055.85,4.11, 2.95, 2.81,967,967,2965.59,2.77, 2.99, 2.89,949,949,4304.96,4.74, 2.98, 2.83
1.45,880,880,6320.10,7.47, 2.60, 2.29,932,932,3995.59,4.17, 2.94, 2.74,960,960,2887.24,2.68, 3.09, 2.97,944,944,4146.24,4.52, 3.02, 2.85
1.45,873,873,6226.52,7.55, 2.66, 2.32,942,942,3883.81,4.08, 2.94, 2.77,955,955,2836.68,2.75, 3.10, 2.96,942,942,4303.41,4.73, 3.04, 2.86
1.45,873,873,6217.43,7.75, 2.63, 2.30,934,934,3972.57,4.15, 3.00, 2.80,958,958,3010.62,2.82, 3.01, 2.88,951,951,4220.29,4.44, 2.98, 2.83
1.45,887,887,6361.68,7.59, 2.59, 2.30,953,953,3983.16,4.05, 2.89, 2.75,955,955,2937.92,2.84, 3.03, 2.90,940,940,4231.36,4.61, 3.10, 2.91
1.45,883,883,6273.53,7.51, 2.56, 2.26,947,947,4160.07,4.33, 2.79, 2.64,961,961,2994.43,2.81, 2.94, 2.83,943,943,4468.34,5.13, 3.01, 2.84
1.45,885,885,6203.95,7.45, 2.66, 2.35,942,942,3967.86,4.15, 2.99, 2.82,970,970,2814.75,2.63, 3.04, 2.95,940,940,4320.79,4.70, 3.08, 2.89
1.45,864,864,6317.51,7.64, 2.64, 2.28,941,941,4060.27,4.21, 2.91, 2.74,954,954,2754.95,2.58, 3.02, 2.88,935,935,4019.04,4.40, 3.02, 2.83
1.45,854,854,5870.09,7.25, 2.61, 2.23,920,920,3805.38,3.93, 2.98, 2.74,939,939,2812.79,2.72, 3.02, 2.83,931,931,4176.65,4.54, 3.00, 2.79
1.45,889,889,6050.48,7.12, 2.62, 2.33,948,948,3762.49,3.83, 2.88, 2.73,964,964,2782.20,2.62, 3.04, 2.93,951,951,4043.61,4.54, 3.01, 2.86
1.50,880,880,6392.55,7.83, 2.62, 2.31,949,949,3879.05,3.91, 2.97, 2.82,959,959,2686.58,2.46, 3.14, 3.01,946,946,3988.22,4.42, 3.12, 2.95
1.50,880,880,6334.13,7.80, 2.65, 2.33,946,946,3947.31,4.02, 2.96, 2.80,955,955,2768.03,2.60, 3.07, 2.93,931,931,4266.91,4.78, 3.01, 2.80
1.50,862,862,6245.15,7.73, 2.69, 2.32,940,940,4059.53,4.15, 2.95, 2.78,954,954,2870.11,2.72, 3.08, 2.94,939,939,4332.81,5.01, 3.01, 2.83
1.50,873,873,6412.33,7.86, 2.63, 2.30,929,929,3972.03,4.16, 2.87, 2.66,961,961,2893.65,2.73, 2.94, 2.82,948,948,4202.41,4.48, 2.96, 2.81
1.50,871,871,6183.98,7.60, 2.60, 2.27,927,927,3926.15,4.07, 3.04, 2.82,937,937,3002.06,2.99, 3.08, 2.89,941,941,4267.69,4.62, 3.03, 2.86
1.50,900,900,6130.62,7.04, 2.73, 2.45,956,956,3970.66,3.93, 3.02, 2.89,974,974,2871.65,2.69, 3.08, 3.00,952,952,4138.51,4.51, 3.05, 2.90
1.50,891,891,6387.42,7.43, 2.74, 2.44,945,945,4002.52,4.07, 2.94, 2.78,961,961,2803.19,2.64, 3.11, 2.99,939,939,4373.01,5.09, 3.19, 3.00
1.50,871,871,6048.87,7.17, 2.80, 2.44,936,936,3991.38,4.10, 3.00, 2.81,953,953,2898.38,2.72, 3.04, 2.90,938,938,4339.21,4.52, 3.05, 2.86
1.50,898,898,6464.67,7.73, 2.69, 2.41,952,952,3898.09,3.95, 3.11, 2.96,969,969,2814.82,2.54, 3.11, 3.01,955,955,4292.45,4.63, 3.10, 2.96
1.50,890,890,6145.34,7.29, 2.59, 2.31,935,935,3777.64,3.82, 2.96, 2.77,957,957,2860.69,2.60, 3.04, 2.91,952,952,4247.30,4.57, 3.08, 2.93
1.50,883,883,6208.33,7.45, 2.60, 2.30,928,928,3955.11,4.18, 2.97, 2.76,950,950,2792.84,2.76, 3.05, 2.90,950,950,4613.16,5.18, 3.00, 2.85
1.50,887,887,6216.79,7.47, 2.80, 2.49,948,948,4037.99,4.15, 3.08, 2.92,975,975,2860.74,2.58, 3.12, 3.05,951,951,4630.19,4.99, 3.06, 2.91
1.50,871,871,6364.43,7.80, 2.61, 2.28,933,933,3974.51,4.15, 2.86, 2.67,955,955,2858.89,2.70, 2.93, 2.80,949,949,4396.18,4.74, 2.89, 2.75
1.50,882,882,6249.43,7.58, 2.73, 2.41,936,936,3836.04,4.09, 3.05, 2.85,954,954,2694.35,2.54, 3.13, 2.99,945,945,4166.52,4.74, 3.13, 2.96
1.50,870,870,6263.33,7.59, 2.64, 2.29,941,941,4101.23,4.18, 2.99, 2.81,960,960,3036.04,2.90, 3.07, 2.95,945,945,4434.88,4.86, 3.05, 2.89
1.50,886,886,6260.47,7.49, 2.69, 2.38,938,938,3843.60,3.88, 2.93, 2.75,954,954,2722.37,2.54, 2.98, 2.84,953,953,4006.59,4.28, 2.95, 2.81
1.50,877,877,6249.53,7.58, 2.71, 2.38,949,949,3918.18,4.02, 3.05, 2.90,959,959,2733.84,2.63, 3.15, 3.02,955,955,4119.36,4.47, 3.06, 2.92
1.50,864,864,6171.46,7.49, 2.54, 2.20,933,933,4032.27,4.21, 2.81, 2.63,952,952,2873.39,2.72, 2.88, 2.75,956,956,4007.59,4.03, 2.88, 2.76
1.50,877,877,6414.73,7.75, 2.59, 2.27,930,930,4016.42,4.26, 2.97, 2.76,953,953,2799.22,2.62, 3.06, 2.91,951,951,4462.96,4.84, 2.99, 2.84
1.50,891,891,6265.22,7.51, 2.60, 2.32,940,940,3796.88,3.90, 2.95, 2.77,960,960,2749.58,2.65, 3.07, 2.94,940,940,4134.89,4.60, 3.04, 2.86
1.55,881,881,6321.55,7.37, 2.61, 2.30,936,936,4032.06,4.17, 2.83, 2.65,966,966,2959.13,2.79, 2.94, 2.84,939,939,4491.61,4.96, 2.94, 2.77
1.55,871,871,6267.33,7.54, 2.67, 2.33,941,941,4086.52,4.32, 2.89, 2.72,961,961,2747.06,2.56, 2.97, 2.86,947,947,3918.10,4.17, 2.99, 2.83
1.55,890,890,6280.44,7.26, 2.60, 2.32,933,933,3876.46,3.98, 2.98, 2.78,958,958,2745.55,2.50, 3.08, 2.95,940,940,4429.92,4.77, 3.08, 2.89
1.55,871,871,6222.59,7.66, 2.55, 2.22,923,923,3811.73,3.97, 2.91, 2.69,960,960,2882.36,2.68, 2.93, 2.81,942,942,3926.79,4.34, 2.97, 2.80
1.55,888,888,6274.26,7.60, 2.71, 2.40,943,943,3842.71,3.82, 2.98, 2.81,960,960,2731.20,2.51, 3.04, 2.92,951,951,3903.19,4.25, 3.11, 2.96
1.55,876,876,6434.93,7.77, 2.67, 2.34,945,945,4101.76,4.10, 2.89, 2.73,960,960,2747.12,2.46, 3.00, 2.88,943,943,4293.60,4.63, 2.97, 2.80
1.55,868,868,6271.63,7.75, 2.65, 2.30,943,943,4055.01,4.20, 2.90, 2.74,962,962,2890.97,2.70, 2.96, 2.85,952,952,4166.34,4.52, 3.00, 2.86
1.55,894,894,6336.05,7.36, 2.56, 2.29,950,950,3836.76,3.84, 2.89, 2.74,969,969,2777.90,2.51, 2.94, 2.85,952,952,4096.78,4.70, 2.94, 2.80
1.55,891,891,6388.19,7.56, 2.66, 2.37,954,954,3882.16,3.82, 2.95, 2.81,978,978,2903.74,2.63, 2.98, 2.91,958,958,4350.55,4.66, 3.02, 2.90
1.55,873,873,6449.00,7.82, 2.58, 2.26,927,927,3906.03,4.11, 2.91, 2.70,962,962,2813.72,2.58, 2.85, 2.75,951,951,4043.40,4.19, 2.83, 2.69
1.55,886,886,6390.04,7.53, 2.67, 2.37,954,954,4012.47,3.99, 3.00, 2.87,962,962,2755.78,2.46, 3.15, 3.03,956,956,4464.42,4.91, 3.06, 2.93
1.55,891,891,6386.04,7.60, 2.68, 2.39,933,933,3877.35,3.94, 2.99, 2.79,962,962,2975.25,2.88, 3.06, 2.94,949,949,4448.73,4.93, 3.07, 2.92
1.55,877,877,6265.33,7.56, 2.73, 2.40,950,950,4116.61,4.21, 2.93, 2.78,968,968,2841.31,2.61, 3.12, 3.02,946,946,4528.70,5.01, 3.02, 2.85
1.55,859,859,6385.99,7.76, 2.69, 2.32,923,923,3788.56,3.91, 3.10, 2.86,949,949,2850.31,2.78, 3.03, 2.87,944,944,4334.49,4.84, 3.05, 2.88
1.55,862,862,6329.93,7.84, 2.63, 2.27,925,925,4012.77,4.17, 2.89, 2.67,958,958,2853.66,2.58, 2.91, 2.79,951,951,4511.11,4.79, 2.80, 2.66
1.55,880,880,6173.43,7.44, 2.74, 2.41,943,943,3868.95,3.99, 3.04, 2.87,961,961,2757.40,2.64, 3.14, 3.02,950,950,4258.41,4.58, 3.09, 2.94
1.55,872,872,6115.65,7.42, 2.68, 2.33,940,940,3953.96,4.19, 3.00, 2.82,966,966,2775.39,2.64, 3.04, 2.94,939,939,4069.99,4.32, 3.06, 2.87
1.55,874,874,6367.24,7.72, 2.81, 2.46,930,930,3923.72,4.16, 3.04, 2.82,955,955,2923.71,2.73, 3.00, 2.87,936,936,4409.45,4.93, 2.94, 2.76
1.55,860,860,6199.01,7.58, 2.74, 2.36,946,946,3907.58,3.84, 3.00, 2.83,957,957,2784.61,2.59, 3.05, 2.92,952,952,4225.06,4.53, 3.01, 2.86
1.55,885,885,6205.04,7.49, 2.74, 2.43,951,951,4015.07,4.15, 3.04, 2.89,970,970,2828.32,2.57, 3.17, 3.08,956,956,4383.62,4.75, 3.14, 3.00
1.60,875,875,6386.22,7.85, 2.68, 2.34,933,933,4065.95,4.20, 3.02, 2.82,947,947,2811.98,2.76, 3.10, 2.93,934,934,4047.53,4.58, 3.10, 2.90
1.60,880,880,6329.31,7.61, 2.75, 2.42,942,942,3874.34,3.82, 2.99, 2.82,952,952,2851.46,2.66, 3.07, 2.93,928,928,4113.47,4.51, 3.15, 2.92
1.60,861,861,6258.14,7.67, 2.86, 2.46,934,934,4019.90,4.30, 3.12, 2.91,965,965,2751.59,2.53, 3.14, 3.03,936,936,4236.01,4.63, 3.22, 3.01
1.60,878,878,6352.32,7.62, 2.75, 2.41,945,945,4000.21,4.17, 3.03, 2.87,955,955,2733.09,2.45, 3.14, 3.00,968,968,4475.00,4.97, 3.16, 3.06
1.60,889,889,6426.58,7.61, 2.75, 2.45,933,933,3831.96,4.04, 3.14, 2.93,961,961,2696.38,2.59, 3.21, 3.09,952,952,4182.46,4.51, 3.20, 3.05
1.60,869,869,6222.75,7.65, 2.52, 2.19,947,947,4018.79,3.99, 2.79, 2.64,957,957,2869.45,2.71, 2.87, 2.74,948,948,3990.66,4.24, 2.83, 2.68
1.60,887,887,6261.91,7.57, 2.56, 2.27,938,938,3950.42,4.04, 2.82, 2.65,956,956,2986.36,2.92, 2.95, 2.82,955,955,4110.12,4.50, 2.95, 2.82
1.60,894,894,6519.57,7.70, 2.66, 2.38,941,941,3919.58,3.93, 2.95, 2.77,951,951,2795.92,2.73, 3.08, 2.93,951,951,4050.09,4.36, 3.07, 2.92
1.60,882,882,6169.46,7.32, 2.62, 2.31,938,938,3934.92,3.96, 2.87, 2.69,960,960,2881.81,2.71, 2.89, 2.78,942,942,4199.46,4.57, 2.86, 2.69
1.60,880,880,6427.60,7.87, 2.66, 2.34,928,928,3820.11,3.90, 2.97, 2.76,952,952,2768.80,2.55, 2.99, 2.85,944,944,3942.23,4.44, 3.00, 2.84
1.60,895,895,6613.34,7.82, 2.71, 2.43,939,939,4083.21,4.12, 3.04, 2.86,959,959,2737.95,2.53, 3.13, 3.01,954,954,4178.65,4.47, 3.02, 2.88
1.60,874,874,6306.48,7.80, 2.66, 2.33,926,926,3946.68,4.05, 2.91, 2.69,941,941,2743.66,2.53, 2.99, 2.81,941,941,4264.65,4.52, 3.05, 2.87
1.60,876,876,6328.40,7.53, 2.63, 2.31,942,942,4038.80,4.16, 2.92, 2.75,971,971,2893.90,2.72, 2.97, 2.89,963,963,4455.23,4.85, 3.02, 2.91
1.60,893,893,6532.61,7.87, 2.61, 2.33,943,943,3928.97,4.02, 3.01, 2.84,968,968,2850.98,2.59, 3.09, 2.99,937,937,4335.66,4.76, 3.17, 2.97
1.60,875,875,6470.70,7.77, 2.74, 2.39,939,939,3954.26,4.08, 2.99, 2.81,951,951,2718.67,2.59, 3.09, 2.94,946,946,4174.20,4.76, 3.11, 2.94
1.60,883,883,6324.91,7.42, 2.59, 2.29,946,946,3849.48,3.97, 3.01, 2.85,961,961,2843.01,2.70, 3.08, 2.96,954,954,4313.23,4.65, 3.09, 2.95
1.60,873,873,6391.89,7.60, 2.59, 2.26,932,932,3881.46,3.90, 3.00, 2.80,946,946,2639.51,2.36, 3.12, 2.96,945,945,4350.88,4.43, 3.03, 2.87
1.60,892,892,6494.39,7.62, 2.77, 2.47,939,939,3887.16,4.08, 3.13, 2.94,958,958,2776.82,2.59, 3.20, 3.06,955,955,3739.36,4.00, 3.19, 3.05
1.60,907,907,6554.67,7.59, 2.65, 2.41,951,951,3968.61,4.02, 2.95, 2.81,974,974,2850.16,2.67, 3.04, 2.96,953,953,4216.83,4.50, 3.12, 2.97
1.60,885,885,6235.21,7.21, 2.61, 2.31,948,948,3988.80,4.06, 2.90, 2.75,966,966,2700.80,2.38, 3.01, 2.91,947,947,4218.77,4.57, 3.01, 2.85
1.65,893,893,6524.83,7.61, 2.57, 2.29,941,941,4012.55,3.97, 2.87, 2.70,957,957,2691.54,2.36, 3.03, 2.90,951,951,4125.79,4.32, 3.05, 2.90
1.65,872,872,6490.62,7.91, 2.67, 2.33,930,930,3921.91,4.08, 2.92, 2.72,957,957,2739.87,2.51, 2.98, 2.85,918,918,4136.50,4.85, 3.05, 2.80
1.65,888,888,6553.22,7.74, 2.71, 2.41,930,930,3679.56,3.82, 3.15, 2.93,952,952,2750.30,2.59, 3.11, 2.96,936,936,4229.74,4.51, 3.06, 2.87
1.65,899,899,6527.78,7.66, 2.59, 2.33,945,945,4126.04,4.23, 2.97, 2.81,966,966,2835.12,2.65, 2.98, 2.88,961,961,4303.21,4.65, 2.94, 2.82
1.65,878,878,6478.70,7.73, 2.68, 2.35,946,946,4022.14,3.98, 2.84, 2.69,965,965,2870.00,2.62, 2.89, 2.79,953,953,3995.89,4.40, 2.93, 2.80
1.65,872,872,6435.53,7.76, 2.79, 2.43,938,938,3994.61,4.07, 3.01, 2.83,956,956,2757.47,2.64, 3.08, 2.95,953,953,4079.03,4.39, 3.07, 2.92
1.65,904,904,6461.48,7.55, 2.67, 2.41,960,960,3792.68,3.65, 3.00, 2.88,966,966,2736.89,2.44, 3.14, 3.03,947,947,4075.39,4.29, 3.22, 3.05
1.65,890,890,6463.85,7.84, 2.68, 2.38,948,948,3872.92,3.94, 3.05, 2.89,971,971,2720.84,2.38, 3.06, 2.97,957,957,4291.79,4.59, 3.05, 2.92
1.65,905,905,6478.71,7.60, 2.64, 2.39,950,950,3763.46,3.85, 3.01, 2.86,976,976,2635.92,2.38, 3.08, 3.01,959,959,4182.49,4.73, 3.01, 2.89
1.65,861,861,6076.05,7.44, 2.66, 2.29,945,945,3955.33,3.97, 2.84, 2.69,958,958,2886.38,2.74, 2.94, 2.81,943,943,4382.98,4.81, 2.83, 2.67
1.65,877,877,6300.96,7.56, 2.71, 2.37,935,935,4016.83,4.19, 2.99, 2.79,959,959,2822.31,2.55, 3.00, 2.88,942,942,4147.18,4.59, 3.02, 2.85
1.65,911,911,6660.95,7.61, 2.82, 2.57,962,962,3897.02,3.82, 3.14, 3.02,973,973,2613.60,2.34, 3.26, 3.17,969,969,4372.00,4.39, 3.20, 3.10
1.65,893,893,6668.59,7.93, 2.66, 2.38,953,953,4024.44,4.10, 2.95, 2.82,966,966,2773.84,2.60, 3.04, 2.94,950,950,4166.32,4.58, 3.01, 2.86
1.65,891,891,6281.45,7.42, 2.68, 2.39,947,947,4031.13,4.25, 2.89, 2.74,961,961,2775.31,2.57, 2.98, 2.86,952,952,3872.48,4.14, 2.88, 2.75
1.65,890,890,6546.35,7.70, 2.66, 2.37,936,936,3963.26,3.99, 2.94, 2.75,965,965,2826.76,2.65, 2.94, 2.84,962,962,4183.51,4.68, 2.93, 2.82
1.65,882,882,6423.79,7.70, 2.63, 2.32,935,935,4004.55,4.12, 2.99, 2.80,957,957,2696.64,2.48, 3.00, 2.87,948,948,4330.55,4.86, 2.99, 2.83
1.65,876,876,6333.04,7.64, 2.75, 2.41,928,928,3656.09,3.82, 3.09, 2.87,952,952,2567.16,2.36, 3.19, 3.04,946,946,4101.98,4.50, 3.11, 2.94
1.65,892,892,6477.09,7.65, 2.59, 2.31,942,942,3847.39,3.94, 2.84, 2.68,971,971,2787.94,2.48, 2.90, 2.82,946,946,4438.08,4.76, 2.90, 2.75
1.65,882,882,6292.39,7.59, 2.54, 2.24,935,935,3887.90,4.01, 2.89, 2.71,951,951,2686.61,2.47, 2.94, 2.79,952,952,4057.95,4.34, 2.97, 2.83
1.65,902,902,6446.53,7.69, 2.71, 2.44,959,959,3903.20,3.98, 3.11, 2.98,967,967,2614.65,2.36, 3.20, 3.09,955,955,4203.22,4.58, 3.06, 2.93
1.70,892,892,6475.30,7.74, 2.68, 2.39,956,956,3992.36,3.90, 2.97, 2.84,966,966,2717.10,2.42, 3.06, 2.96,963,963,4114.31,4.31, 3.09, 2.98
1.70,891,891,6561.99,7.85, 2.81, 2.51,934,934,3725.92,3.88, 3.11, 2.91,947,947,2750.21,2.64, 3.18, 3.01,946,946,4267.77,4.65, 3.12, 2.95
1.70,861,861,6344.32,7.91, 2.58, 2.22,928,928,4027.37,4.08, 2.91, 2.70,950,950,2935.23,2.75, 2.98, 2.83,938,938,4339.20,4.79, 2.91, 2.73
1.70,893,893,6580.87,7.71, 2.78, 2.48,927,927,3885.68,3.96, 3.05, 2.83,949,949,2546.04,2.40, 3.19, 3.03,948,948,4138.20,4.51, 3.06, 2.90
1.70,875,875,6390.39,7.55, 2.83, 2.48,946,946,3922.31,4.08, 2.99, 2.82,962,962,2720.17,2.63, 3.04, 2.93,952,952,4108.26,4.47, 2.96, 2.82
1.70,883,883,6409.47,7.64, 2.75, 2.42,939,939,3918.25,3.80, 3.08, 2.89,956,956,2841.58,2.64, 3.17, 3.03,946,946,4043.98,4.37, 3.21, 3.04
1.70,874,874,6351.64,7.64, 2.60, 2.28,923,923,3868.96,4.01, 2.99, 2.76,952,952,3020.36,2.80, 2.96, 2.82,935,935,4303.52,4.74, 3.01, 2.81
1.70,894,894,6387.11,7.63, 2.56, 2.29,945,945,3858.40,3.96, 2.94, 2.78,957,957,2644.18,2.59, 3.08, 2.95,949,949,4185.60,4.50, 3.07, 2.91
1.70,894,894,6485.38,7.76, 2.71, 2.43,944,944,3859.52,3.90, 2.87, 2.71,959,959,2757.80,2.55, 2.97, 2.85,951,951,4086.68,4.42, 3.04, 2.89
1.70,858,858,6407.19,7.93, 2.97, 2.55,938,938,3873.51,3.91, 3.23, 3.03,959,959,2715.74,2.47, 3.26, 3.13,940,940,4374.73,4.88, 3.26, 3.06
1.70,890,890,6427.07,7.61, 2.75, 2.45,942,942,3854.29,3.99, 3.09, 2.91,960,960,2720.16,2.53, 3.16, 3.03,957,957,4041.91,4.35, 3.16, 3.03
1.70,904,904,6346.68,7.29, 2.66, 2.41,959,959,3986.17,3.98, 2.93, 2.81,962,962,2871.99,2.81, 3.02, 2.91,948,948,4223.87,4.52, 3.03, 2.87
1.70,884,884,6390.16,7.62, 2.75, 2.43,938,938,4047.17,4.17, 2.90, 2.72,952,952,2870.52,2.78, 3.01, 2.86,942,942,3854.27,4.06, 3.06, 2.88
1.70,885,885,6325.32,7.62, 2.68, 2.38,952,952,3931.88,3.98, 3.10, 2.95,962,962,2807.44,2.60, 3.12, 3.00,949,949,4038.50,4.39, 3.19, 3.03
1.70,902,902,6527.77,7.51, 2.55, 2.30,956,956,3916.11,3.88, 2.89, 2.77,955,955,2575.47,2.30, 2.99, 2.85,947,947,4125.03,4.45, 2.94, 2.78
1.70,908,908,6360.39,7.26, 2.73, 2.48,948,948,4057.03,4.22, 2.96, 2.81,968,968,2810.05,2.58, 3.14, 3.04,958,958,4103.45,4.25, 3.07, 2.94
1.70,898,898,6451.49,7.55, 2.61, 2.34,930,930,3987.51,4.21, 2.96, 2.76,940,940,2697.09,2.60, 2.99, 2.81,939,939,4010.40,4.43, 2.96, 2.78
1.70,878,878,6509.52,7.80, 2.79, 2.45,943,943,3985.51,4.10, 3.09, 2.91,964,964,2889.04,2.75, 3.06, 2.95,949,949,4164.84,4.40, 3.01, 2.86
1.70,887,887,6663.10,8.02, 2.68, 2.38,945,945,3907.06,4.01, 3.02, 2.85,964,964,2701.86,2.50, 3.10, 2.98,940,940,3648.66,3.91, 3.15, 2.96
1.70,899,899,6443.22,7.64, 2.75, 2.47,957,957,3871.24,3.87, 3.03, 2.90,972,972,2518.37,2.31, 3.09, 3.01,947,947,4066.25,4.33, 3.04, 2.88
1.75,887,887,6336.61,7.74, 2.71, 2.40,945,945,3956.66,3.98, 2.97, 2.81,965,965,2759.03,2.55, 3.09, 2.98,952,952,4276.12,4.68, 2.97, 2.82
1.75,885,885,6314.28,7.70, 2.72, 2.41,937,937,4065.24,4.20, 2.92, 2.74,959,959,2765.62,2.54, 3.07, 2.95,931,931,4361.89,4.94, 2.94, 2.74
1.75,905,905,6686.69,7.94, 2.70, 2.45,952,952,3928.08,4.01, 3.07, 2.92,965,965,2613.96,2.37, 3.11, 3.00,956,956,4028.61,4.29, 3.17, 3.03
1.75,887,887,6493.82,7.85, 2.73, 2.43,941,941,3682.03,3.72, 3.01, 2.83,958,958,2609.65,2.27, 3.10, 2.97,955,955,3894.77,4.21, 3.07, 2.93
1.75,897,897,6514.65,7.57, 2.77, 2.49,948,948,3846.15,3.84, 3.06, 2.90,959,959,2655.47,2.45, 3.12, 3.00,950,950,3902.12,4.24, 3.17, 3.01
1.75,883,883,6524.52,7.72, 2.85, 2.52,940,940,3723.68,3.76, 3.23, 3.04,958,958,2424.11,2.24, 3.24, 3.11,949,949,3929.25,4.28, 3.17, 3.01
1.75,902,902,6417.49,7.55, 2.65, 2.39,938,938,3815.26,4.07, 2.92, 2.74,954,954,2656.69,2.52, 3.03, 2.89,942,942,3941.37,4.14, 3.05, 2.87
1.75,880,880,6480.84,7.67, 2.77, 2.44,938,938,3971.32,4.06, 2.98, 2.80,967,967,2817.30,2.60, 3.06, 2.96,952,952,4259.29,4.53, 3.13, 2.98
1.75,901,901,6564.70,7.73, 2.83, 2.55,947,947,3919.68,4.07, 3.05, 2.89,962,962,2593.34,2.39, 3.12, 3.01,961,961,3879.55,3.94, 3.10, 2.98
1.75,907,907,6565.68,7.69, 2.72, 2.47,948,948,3823.53,3.96, 3.04, 2.89,968,968,2529.43,2.23, 3.10, 3.01,954,954,3840.79,4.08, 3.10, 2.96
1.75,891,891,6306.28,7.43, 2.98, 2.65,937,937,3810.38,3.87, 3.16, 2.96,958,958,2546.31,2.34, 3.27, 3.13,950,950,3960.55,4.27, 3.30, 3.14
1.75,901,901,6649.85,7.72, 2.70, 2.44,948,948,3770.39,3.81, 3.09, 2.93,950,950,2559.10,2.41, 3.15, 2.99,954,954,4205.53,4.48, 3.05, 2.91
1.75,875,875,6381.67,7.65, 2.64, 2.31,937,937,3988.99,4.13, 2.94, 2.75,953,953,2773.68,2.69, 3.01, 2.87,944,944,4156.70,4.45, 2.96, 2.80
1.75,882,882,6430.84,7.74, 2.81, 2.48,942,942,3832.42,3.96, 3.06, 2.88,954,954,2507.41,2.25, 3.11, 2.97,956,956,3954.34,4.11, 3.03, 2.90
1.75,901,901,6612.75,7.72, 2.72, 2.45,959,959,4037.80,4.18, 2.99, 2.86,964,964,2713.78,2.47, 3.13, 3.02,947,947,4004.95,4.42, 3.14, 2.97
1.75,884,884,6416.31,7.58, 2.69, 2.37,956,956,3981.50,3.95, 2.92, 2.79,973,973,2796.76,2.45, 2.99, 2.91,953,953,4382.58,4.64, 2.99, 2.85
1.75,893,893,6504.55,7.71, 2.61, 2.34,951,951,3812.83,3.90, 3.05, 2.91,963,963,2569.85,2.33, 3.08, 2.96,949,949,4118.16,4.64, 3.10, 2.94
1.75,884,884,6650.86,7.95, 2.64, 2.33,940,940,4057.72,4.14, 2.99, 2.81,962,962,2722.13,2.52, 2.96, 2.85,955,955,4154.43,4.55, 2.93, 2.79
1.75,874,874,6302.38,7.64, 2.82, 2.47,946,946,3858.82,3.99, 3.06, 2.90,961,961,2724.31,2.51, 3.14, 3.02,949,949,4075.80,4.58, 3.00, 2.85
1.75,878,878,6198.65,7.35, 2.69, 2.36,938,938,4023.05,4.05, 2.88, 2.70,960,960,2825.86,2.64, 3.04, 2.92,941,941,3878.47,4.14, 3.03, 2.85
1.80,904,904,6527.54,7.50, 2.74, 2.48,947,947,3760.51,3.84, 3.07, 2.91,960,960,2425.98,2.23, 3.10, 2.97,945,945,3984.57,4.37, 3.18, 3.00
1.80,892,892,6526.91,7.70, 2.71, 2.42,950,950,4048.68,3.98, 2.95, 2.80,961,961,2849.34,2.93, 3.05, 2.93,951,951,4181.44,4.61, 3.00, 2.85
1.80,904,904,6897.17,7.98, 2.76, 2.50,968,968,3980.05,3.91, 3.06, 2.97,972,972,2664.06,2.38, 3.10, 3.02,965,965,4097.61,4.20, 2.99, 2.89
1.80,890,890,6521.45,7.58, 2.72, 2.42,943,943,3859.72,3.86, 3.01, 2.84,959,959,2529.01,2.26, 3.13, 3.00,948,948,3885.03,4.24, 3.07, 2.92
1.80,904,904,6729.97,7.88, 2.73, 2.47,943,943,3919.82,4.03, 3.07, 2.90,963,963,2748.69,2.47, 3.07, 2.96,956,956,4094.99,4.45, 3.13, 2.99
1.80,901,901,6537.22,7.80, 2.61, 2.36,937,937,3840.42,3.97, 3.03, 2.84,958,958,2676.79,2.53, 3.14, 3.01,956,956,4191.63,4.58, 3.10, 2.96
1.80,890,890,6433.13,7.64, 2.69, 2.39,931,931,3754.58,3.82, 2.94, 2.74,948,948,2690.03,2.58, 2.94, 2.79,955,955,4069.80,4.54, 2.97, 2.84
1.80,880,880,6338.75,7.67, 2.87, 2.53,943,943,3820.11,3.89, 3.10, 2.92,961,961,2646.42,2.41, 3.17, 3.04,953,953,3966.82,4.28, 3.15, 3.00
1.80,896,896,6428.90,7.61, 2.76, 2.48,944,944,3978.75,4.14, 3.15, 2.97,962,962,2683.88,2.43, 3.24, 3.12,958,958,4161.86,4.57, 3.23, 3.10
1.80,894,894,6441.02,7.77, 2.68, 2.39,946,946,3824.10,3.88, 3.05, 2.89,967,967,2748.44,2.40, 3.10, 2.99,956,956,4164.94,4.44, 3.05, 2.92
1.80,906,906,6534.77,7.62, 2.73, 2.47,953,953,3852.59,3.95, 3.09, 2.95,966,966,2725.19,2.44, 3.14, 3.04,959,959,4150.35,4.37, 3.14, 3.01
1.80,898,898,6554.96,7.71, 2.75, 2.47,952,952,3861.49,3.95, 2.98, 2.84,968,968,2709.60,2.49, 3.09, 2.99,957,957,4367.44,4.87, 3.08, 2.95
1.80,908,908,6524.59,7.56, 2.78, 2.53,949,949,3812.96,3.91, 3.09, 2.94,962,962,2424.28,2.23, 3.14, 3.02,961,961,3762.54,3.99, 3.13, 3.01
1.80,899,899,6507.31,7.62, 2.77, 2.49,954,954,4003.22,4.19, 3.02, 2.88,979,979,2734.18,2.42, 3.08, 3.02,963,963,3971.15,4.18, 3.10, 2.98
1.80,896,896,6658.24,7.67, 2.84, 2.55,939,939,4028.12,4.09, 3.15, 2.96,954,954,2723.36,2.50, 3.17, 3.02,940,940,3875.39,4.39, 3.21, 3.02
1.80,893,893,6473.44,7.48, 2.68, 2.40,939,939,3897.33,4.06, 2.97, 2.79,960,960,2711.07,2.56, 2.99, 2.87,945,945,3879.69,4.34, 3.06, 2.89
1.80,890,890,6520.42,7.89, 2.76, 2.45,945,945,3882.00,3.86, 3.07, 2.90,969,969,2741.03,2.48, 3.08, 2.99,952,952,4060.88,4.45, 3.01, 2.87
1.80,891,891,6550.78,7.70, 2.60, 2.32,942,942,3990.64,4.05, 2.86, 2.69,960,960,2644.02,2.42, 2.94, 2.82,961,961,3888.96,4.23, 2.92, 2.81
1.80,901,901,6500.82,7.55, 2.64, 2.38,954,954,3892.36,4.05, 2.95, 2.82,975,975,2629.88,2.35, 3.06, 2.99,968,968,3768.98,3.84, 3.05, 2.96
1.80,900,900,6285.90,7.11, 2.77, 2.50,960,960,3960.81,3.88, 2.93, 2.81,969,969,2668.20,2.38, 3.04, 2.94,966,966,4222.79,4.55, 2.98, 2.88
1.85,910,910,6632.23,7.51, 2.73, 2.49,967,967,3958.61,3.97, 3.02, 2.92,982,982,2615.58,2.43, 3.10, 3.05,961,961,3890.29,4.08, 3.11, 2.99
1.85,899,899,6454.19,7.57, 2.86, 2.57,948,948,3894.54,4.00, 3.13, 2.97,967,967,2749.04,2.48, 3.21, 3.10,954,954,4105.38,4.36, 3.26, 3.11
1.85,910,910,6596.27,7.71, 2.80, 2.55,957,957,3755.12,3.74, 3.10, 2.96,968,968,2544.08,2.34, 3.22, 3.12,960,960,3742.33,3.92, 3.26, 3.13
1.85,873,873,6528.19,7.88, 2.82, 2.46,946,946,3921.63,4.05, 3.09, 2.92,958,958,2587.82,2.41, 3.21, 3.07,952,952,3598.54,3.83, 3.28, 3.12
1.85,900,900,6650.78,8.03, 2.74, 2.47,942,942,3904.54,4.06, 3.01, 2.84,962,962,2592.87,2.48, 3.05, 2.94,950,950,3970.73,4.28, 3.11, 2.96
1.85,902,902,6636.65,7.72, 2.79, 2.51,960,960,4024.46,4.04, 3.04, 2.92,960,960,2642.42,2.39, 3.12, 2.99,954,954,4058.74,4.38, 3.01, 2.88
1.85,898,898,6773.86,7.87, 2.76, 2.48,946,946,3735.58,3.78, 3.06, 2.90,957,957,2642.59,2.48, 3.15, 3.01,947,947,3794.05,4.07, 3.12, 2.96
1.85,900,900,6595.63,7.75, 2.76, 2.49,934,934,3677.93,3.63, 3.11, 2.90,961,961,2518.18,2.29, 3.12, 3.00,948,948,3998.10,4.21, 3.12, 2.96
1.85,888,888,6539.15,7.82, 2.70, 2.40,935,935,3841.98,3.86, 3.03, 2.84,960,960,2640.08,2.34, 3.07, 2.95,948,948,3977.37,4.18, 3.05, 2.90
1.85,904,904,6920.43,8.10, 2.81, 2.54,953,953,3690.63,3.70, 3.20, 3.05,968,968,2542.91,2.31, 3.24, 3.14,960,960,3821.62,4.09, 3.28, 3.15
1.85,886,886,6613.45,7.54, 2.77, 2.46,937,937,3918.13,4.07, 2.98, 2.79,961,961,2633.67,2.42, 2.99, 2.88,956,956,3727.93,3.90, 2.98, 2.85
1.85,896,896,6607.50,7.83, 2.73, 2.44,955,955,3909.92,4.06, 2.99, 2.85,971,971,2581.04,2.37, 3.08, 2.99,963,963,3821.50,3.99, 3.08, 2.96
1.85,881,881,6523.11,7.87, 2.64, 2.32,934,934,3770.79,3.75, 2.92, 2.73,953,953,2461.42,2.13, 2.97, 2.83,940,940,3898.47,4.21, 2.99, 2.81
1.85,874,874,6550.41,7.88, 2.80, 2.45,937,937,3679.28,3.71, 2.98, 2.79,946,946,2513.75,2.36, 3.13, 2.96,943,943,3848.00,4.39, 3.17, 2.99
1.85,883,883,6460.32,7.80, 2.71, 2.39,939,939,4034.22,4.16, 2.98, 2.80,965,965,2737.15,2.44, 3.01, 2.91,945,945,4251.48,4.58, 3.09, 2.92
1.85,914,914,6595.19,7.64, 2.72, 2.49,948,948,3941.70,3.96, 3.07, 2.91,958,958,2527.98,2.18, 3.15, 3.02,960,960,4061.70,4.25, 3.10, 2.97
1.85,889,889,6579.42,7.74, 2.81, 2.50,939,939,3725.56,3.82, 3.05, 2.87,964,964,2416.03,2.19, 3.12, 3.01,955,955,3562.61,3.71, 3.17, 3.03
1.85,905,905,6714.31,7.86, 2.60, 2.36,952,952,3763.87,3.75, 3.05, 2.91,972,972,2501.64,2.17, 3.13, 3.04,960,960,3847.10,4.11, 3.11, 2.99
1.85,897,897,6638.60,7.69, 2.72, 2.44,946,946,4129.78,4.15, 2.95, 2.79,961,961,2765.48,2.43, 3.10, 2.98,944,944,4073.92,4.33, 3.14, 2.97
1.85,895,895,6545.38,7.64, 2.72, 2.44,938,938,3843.31,3.95, 3.19, 3.00,970,970,2719.54,2.57, 3.23, 3.13,970,970,4134.49,4.36, 3.22, 3.13
1.90,886,886,6556.63,7.70, 2.86, 2.54,937,937,3883.11,3.93, 3.15, 2.95,945,945,2795.69,2.71, 3.17, 2.99,947,947,3877.69,4.26, 3.22, 3.05
1.90,891,891,6549.76,7.70, 2.79, 2.49,956,956,3630.67,3.52, 3.10, 2.97,970,970,2602.06,2.36, 3.16, 3.06,954,954,3938.11,4.11, 3.15, 3.00
1.90,894,894,6569.73,7.73, 2.77, 2.48,945,945,3806.89,3.76, 3.03, 2.86,963,963,2593.96,2.31, 3.10, 2.99,962,962,4067.83,4.27, 3.10, 2.99
1.90,879,879,6580.75,7.91, 2.77, 2.43,934,934,3745.17,3.76, 3.06, 2.86,956,956,2667.75,2.49, 3.04, 2.91,941,941,3915.06,4.37, 3.07, 2.89
1.90,899,899,6520.67,7.50, 2.81, 2.53,953,953,3798.96,3.77, 3.07, 2.92,963,963,2447.48,2.23, 3.13, 3.02,951,951,3804.78,4.15, 3.11, 2.96
1.90,893,893,6487.76,7.72, 2.73, 2.44,954,954,3927.94,3.94, 3.00, 2.87,960,960,2524.32,2.32, 3.16, 3.04,949,949,4205.97,4.60, 3.12, 2.96
1.90,885,885,6623.25,7.73, 2.78, 2.46,945,945,3586.90,3.54, 3.15, 2.98,959,959,2276.33,1.95, 3.11, 2.98,952,952,3699.92,3.94, 3.07, 2.92
1.90,902,902,6643.94,7.67, 2.74, 2.47,962,962,3862.51,3.84, 3.02, 2.90,975,975,2586.34,2.31, 3.02, 2.94,968,968,3572.67,3.67, 3.06, 2.97
1.90,910,910,6630.08,7.85, 2.67, 2.43,943,943,3832.44,3.88, 3.05, 2.88,961,961,2532.86,2.31, 3.12, 3.00,948,948,3799.73,3.86, 3.14, 2.98
1.90,885,885,6496.96,7.61, 2.74, 2.42,948,948,3803.77,3.96, 2.98, 2.82,962,962,2454.50,2.20, 3.08, 2.96,943,943,3628.37,3.96, 3.09, 2.91
1.90,906,906,6618.20,7.58, 2.75, 2.49,956,956,3825.81,3.80, 3.12, 2.98,977,977,2405.02,2.08, 3.13, 3.06,964,964,3907.45,4.18, 3.14, 3.02
1.90,890,890,6757.98,8.13, 2.74, 2.44,951,951,3944.30,4.00, 2.99, 2.85,961,961,2507.31,2.33, 3.07, 2.95,951,951,3664.37,4.08, 3.12, 2.97
1.90,890,890,6410.69,7.50, 2.78, 2.48,940,940,3915.06,3.91, 2.98, 2.80,964,964,2704.11,2.42, 2.96, 2.85,949,949,3770.74,4.15, 2.94, 2.79
1.90,898,898,6751.62,8.00, 2.75, 2.47,953,953,3964.16,3.99, 3.12, 2.98,971,971,2772.86,2.46, 3.17, 3.08,947,947,4005.49,4.41, 3.21, 3.04
1.90,907,907,6670.00,7.79, 2.77, 2.51,952,952,3904.11,3.93, 3.13, 2.98,968,968,2527.81,2.39, 3.24, 3.14,962,962,4292.80,4.52, 3.16, 3.04
1.90,900,900,6604.29,7.69, 3.00, 2.70,955,955,3947.49,4.10, 3.19, 3.05,965,965,2506.44,2.27, 3.19, 3.08,949,949,3832.05,4.11, 3.23, 3.06
1.90,891,891,6532.17,7.82, 2.88, 2.57,948,948,3736.66,3.74, 3.10, 2.94,962,962,2551.62,2.30, 3.21, 3.09,962,962,3857.18,3.99, 3.20, 3.08
1.90,875,875,6601.25,8.01, 2.81, 2.46,937,937,3849.97,4.00, 3.20, 2.99,957,957,2563.54,2.41, 3.16, 3.02,944,944,3694.57,4.14, 3.18, 3.00
1.90,892,892,6567.77,7.79, 2.70, 2.41,943,943,3851.47,3.94, 3.07, 2.90,962,962,2481.54,2.22, 3.08, 2.96,956,956,3881.63,4.23, 3.09, 2.95
1.90,903,903,6701.84,7.78, 2.72, 2.46,944,944,3865.10,4.02, 2.96, 2.79,959,959,2405.66,2.20, 3.05, 2.93,953,953,3734.57,3.96, 3.01, 2.87
1.95,870,870,6537.00,7.94, 2.75, 2.40,938,938,3734.65,3.76, 3.03, 2.84,949,949,2654.97,2.49, 3.09, 2.93,948,948,4170.92,4.45, 3.09, 2.93
1.95,912,912,6596.80,7.57, 2.81, 2.56,940,940,3752.48,3.91, 3.07, 2.89,970,970,2443.95,2.10, 3.07, 2.98,960,960,3862.65,4.10, 3.15, 3.02
1.95,898,898,6705.09,7.92, 2.81, 2.53,944,944,3749.20,3.86, 3.10, 2.92,958,958,2458.60,2.19, 3.12, 2.99,963,963,3884.38,4.27, 3.04, 2.92
1.95,920,920,6738.63,7.75, 2.77, 2.55,951,951,3707.54,3.76, 3.05, 2.90,970,970,2483.74,2.23, 3.10, 3.01,961,961,3611.53,3.71, 3.10, 2.98
1.95,885,885,6517.57,7.78, 2.70, 2.39,946,946,3881.00,3.97, 2.94, 2.78,957,957,2509.33,2.30, 2.97, 2.84,950,950,3850.06,4.07, 3.02, 2.87
1.95,891,891,6685.98,7.92, 2.72, 2.42,928,928,3649.95,3.67, 3.08, 2.86,946,946,2457.97,2.26, 3.06, 2.90,938,938,3994.00,4.56, 3.12, 2.92
1.95,900,900,6712.84,7.89, 2.72, 2.45,925,925,3737.46,3.85, 3.08, 2.85,956,956,2546.01,2.29, 3.09, 2.95,956,956,4228.15,4.61, 3.07, 2.93
1.95,900,900,6705.32,7.80, 2.88, 2.60,945,945,3968.39,4.07, 3.20, 3.02,960,960,2746.25,2.61, 3.23, 3.10,948,948,4756.66,5.21, 3.20, 3.04
1.95,901,901,6843.55,8.10, 2.69, 2.43,956,956,3962.50,3.93, 3.05, 2.92,963,963,2538.28,2.28, 3.12, 3.01,958,958,3561.05,3.73, 3.11, 2.98
1.95,883,883,6607.83,7.89, 2.94, 2.60,935,935,3624.41,3.64, 3.19, 2.98,962,962,2469.71,2.18, 3.18, 3.06,958,958,3929.96,4.09, 3.08, 2.96
1.95,905,905,6517.21,7.48, 2.73, 2.47,946,946,3809.33,3.84, 3.01, 2.84,960,960,2468.14,2.27, 3.08, 2.96,959,959,3656.67,3.98, 3.02, 2.90
1.95,912,912,6926.79,8.06, 2.68, 2.44,966,966,3802.69,3.71, 3.03, 2.93,971,971,2503.40,2.20, 3.12, 3.03,968,968,3971.71,4.17, 3.15, 3.05
1.95,902,902,6565.22,7.72, 2.75, 2.48,953,953,3882.02,3.83, 2.94, 2.81,972,972,2563.77,2.22, 2.98, 2.90,954,954,3787.21,4.12, 3.07, 2.93
1.95,884,884,6769.17,8.10, 2.71, 2.39,959,959,3902.06,3.80, 2.93, 2.81,965,965,2569.94,2.29, 3.02, 2.91,961,961,3539.97,3.64, 3.04, 2.92
1.95,885,885,6623.89,7.90, 2.82, 2.49,945,945,4042.21,4.19, 2.97, 2.80,956,956,2453.94,2.16, 3.04, 2.91,956,956,3826.35,3.89, 3.03, 2.90
1.95,923,923,6879.67,7.85, 2.74, 2.53,953,953,3892.84,3.86, 3.11, 2.97,964,964,2336.53,1.99, 3.20, 3.08,963,963,3952.65,4.20, 3.21, 3.09
1.95,913,913,6726.50,7.78, 2.69, 2.45,955,955,3855.40,3.87, 3.03, 2.89,969,969,2770.07,2.43, 3.07, 2.98,955,955,4084.93,4.38, 3.04, 2.90
1.95,906,906,6630.42,7.80, 2.80, 2.53,948,948,3768.34,3.74, 3.16, 3.00,959,959,2535.76,2.26, 3.21, 3.08,961,961,4021.19,4.40, 3.17, 3.05
1.95,906,906,6713.01,7.76, 2.62, 2.38,937,937,3654.97,3.64, 3.00, 2.81,958,958,2366.36,1.97, 3.04, 2.92,947,947,3632.38,3.95, 3.01, 2.85
1.95,885,885,6435.77,7.67, 2.84, 2.52,939,939,3883.55,3.80, 3.12, 2.93,951,951,2696.05,2.46, 3.13, 2.98,951,951,4056.59,4.34, 3.15, 3.00
