1,139,139,827.48,6.50,144,144,770.10,5.62,147,147,731.33,5.23,148,148,729.58,5.29
1,166,166,1009.48,6.55,179,179,969.32,5.53,190,190,978.46,5.27,197,197,955.72,4.87
1,106,106,632.86,6.96,120,120,639.63,5.46,124,124,595.60,4.81,131,131,560.79,4.35
1,104,104,633.31,6.29,118,118,608.60,5.03,109,109,582.95,5.27,109,109,600.54,5.48
1,149,149,918.20,6.95,171,171,909.71,5.51,188,188,925.33,4.99,187,187,873.16,4.88
1,151,151,850.57,5.90,160,160,883.28,5.61,162,162,815.10,4.80,174,174,854.10,4.89
1,154,154,858.41,5.75,167,167,799.52,4.86,167,167,762.71,4.84,172,172,757.30,4.65
1,183,183,1094.14,6.46,201,201,1055.98,5.29,210,210,1002.62,4.84,200,200,995.89,5.21
1,150,150,858.45,5.91,164,164,864.27,5.62,174,174,830.64,4.90,180,180,836.02,4.90
1,125,125,744.18,6.32,140,140,721.53,5.41,145,145,739.37,5.14,147,147,717.71,4.89
1,144,144,836.52,6.36,147,147,783.90,5.39,161,161,731.72,4.56,165,165,749.78,4.39
1,143,143,774.03,5.56,154,154,786.09,5.12,156,156,768.72,5.14,147,147,757.54,5.33
1,135,135,876.14,7.38,148,148,902.61,6.19,158,158,854.00,5.64,166,166,808.30,4.89
1,189,189,1205.44,6.86,214,214,1247.54,6.03,232,232,1201.50,5.37,220,220,1206.65,5.63
1,139,139,775.10,5.77,137,137,725.21,5.74,152,152,747.97,5.12,145,145,784.14,6.07
1,105,105,595.25,6.03,106,106,595.11,5.51,113,113,612.16,5.50,120,120,567.00,4.65
1,113,113,685.35,6.54,126,126,664.77,5.35,132,132,665.07,5.07,130,130,629.26,4.71
1,151,151,872.72,6.08,157,157,837.94,5.43,171,171,805.10,4.91,181,181,818.00,4.73
1,166,166,987.34,6.09,185,185,877.93,4.77,190,190,915.95,4.89,188,188,917.09,5.04
1,176,176,1017.38,6.16,188,188,1006.43,5.65,195,195,1025.92,5.46,192,192,1036.00,5.78
2,239,239,1471.13,6.18,267,267,1405.83,5.40,269,269,1375.84,5.20,277,277,1351.97,4.96
2,267,267,1525.34,6.27,286,286,1472.49,5.54,295,295,1418.14,4.88,293,293,1373.85,4.72
2,251,251,1481.43,6.19,266,266,1445.18,5.75,278,278,1420.51,5.21,300,300,1453.52,5.09
2,222,222,1426.02,6.76,234,234,1367.16,6.05,252,252,1296.32,5.37,259,259,1315.37,5.47
2,272,272,1590.82,6.18,305,305,1514.95,5.09,312,312,1414.95,4.66,307,307,1501.85,5.19
2,231,231,1301.93,5.93,251,251,1265.82,5.15,252,252,1293.30,5.57,271,271,1286.92,4.90
2,239,239,1405.76,6.39,256,256,1348.99,5.32,271,271,1325.08,4.86,273,273,1247.51,4.80
2,237,237,1341.70,5.95,258,258,1316.09,5.34,272,272,1284.25,4.84,263,263,1273.49,4.79
2,217,217,1337.39,6.84,253,253,1297.44,5.56,256,256,1222.01,4.88,271,271,1311.36,5.13
2,237,237,1378.14,6.26,261,261,1343.69,5.32,269,269,1321.60,4.99,266,266,1354.83,5.42
2,213,213,1282.95,6.15,234,234,1257.87,5.45,247,247,1218.29,5.01,245,245,1244.88,5.10
2,223,223,1352.83,6.41,241,241,1320.53,5.76,252,252,1232.12,4.88,260,260,1249.79,4.81
2,244,244,1508.04,6.39,274,274,1426.23,5.40,280,280,1427.25,5.34,271,271,1411.90,5.51
2,241,241,1376.88,6.13,261,261,1425.17,5.66,293,293,1335.11,4.59,280,280,1301.82,4.75
2,245,245,1460.82,6.18,268,268,1376.77,5.31,278,278,1384.77,5.06,281,281,1356.65,4.94
2,259,259,1612.44,6.84,288,288,1536.30,5.63,316,316,1434.38,4.53,317,317,1524.10,4.86
2,229,229,1412.41,6.48,245,245,1308.49,5.68,248,248,1264.76,5.39,256,256,1294.17,5.49
2,253,253,1578.72,6.51,290,290,1543.80,5.36,308,308,1518.50,4.90,304,304,1499.66,4.82
2,243,243,1410.12,6.37,272,272,1393.83,5.15,292,292,1334.33,4.59,286,286,1385.50,5.00
2,237,237,1526.40,7.02,277,277,1423.43,5.35,286,286,1412.42,5.04,284,284,1342.26,4.81
3,319,319,1897.97,6.51,349,349,1765.61,5.25,367,367,1730.80,4.76,359,359,1654.13,4.94
3,323,323,1986.00,6.44,375,375,1932.53,5.25,386,386,1794.51,5.07,401,401,1869.22,5.00
3,320,320,1962.45,6.42,345,345,1850.66,5.44,371,371,1826.22,5.05,354,354,1827.85,5.46
3,336,336,2005.69,6.39,367,367,1987.70,5.64,394,394,1882.02,4.88,401,401,1953.64,4.84
3,356,356,2067.89,6.08,390,390,1960.24,5.12,403,403,1977.61,5.08,402,402,2036.92,5.34
3,392,392,2323.65,6.49,448,448,2272.49,5.14,471,471,2101.65,4.46,461,461,2277.32,5.21
3,323,323,1995.82,6.33,364,364,1920.40,5.55,385,385,1944.25,5.33,389,389,2011.89,5.63
3,339,339,1953.59,6.14,364,364,1878.43,5.38,385,385,1731.85,4.54,383,383,1847.04,4.99
3,346,346,2004.77,6.06,384,384,1960.27,5.20,418,418,1948.15,4.89,425,425,1948.83,4.63
3,341,341,1979.83,6.32,367,367,1909.79,5.34,384,384,1840.72,4.84,388,388,1877.22,4.92
3,307,307,1901.28,6.70,345,345,1844.60,5.39,365,365,1775.55,4.74,355,355,1780.46,4.94
3,342,342,1995.84,6.06,362,362,1815.08,4.97,379,379,1791.11,4.74,389,389,1861.17,4.80
3,375,375,2307.33,6.40,410,410,2262.95,5.75,425,425,2085.82,5.01,442,442,2246.08,5.12
3,325,325,2044.39,6.66,368,368,1931.76,5.45,375,375,1903.93,5.16,376,376,1894.44,5.09
3,311,311,1879.08,6.44,340,340,1841.22,5.63,378,378,1777.20,4.99,381,381,1797.58,5.09
3,361,361,2137.45,6.23,388,388,1992.83,5.23,419,419,1962.84,4.79,411,411,2032.06,5.21
3,334,334,1955.12,6.09,362,362,1868.62,5.25,384,384,1816.88,4.94,373,373,1793.55,4.92
3,354,354,2125.39,6.27,386,386,2090.16,5.48,420,420,1997.60,4.78,397,397,2033.01,5.10
3,353,353,2170.91,6.69,396,396,2141.13,5.51,414,414,2006.97,4.87,431,431,1961.20,4.43
3,314,314,1923.63,6.64,352,352,1891.96,5.50,377,377,1881.48,5.09,377,377,1825.33,5.31
4,406,406,2484.65,6.52,460,460,2446.44,5.55,478,478,2235.38,4.72,488,488,2397.78,5.00
4,443,443,2747.52,6.58,528,528,2618.53,4.88,533,533,2487.38,4.71,553,553,2737.51,5.03
4,396,396,2309.42,6.23,428,428,2298.30,5.59,438,438,2139.85,5.15,469,469,2266.49,4.95
4,427,427,2573.82,6.33,458,458,2416.88,5.42,490,490,2341.11,4.84,482,482,2436.29,5.43
4,452,452,2827.31,6.58,499,499,2547.01,5.34,549,549,2507.77,4.59,521,521,2631.54,5.44
4,395,395,2417.94,6.80,460,460,2368.79,5.17,475,475,2328.53,4.89,469,469,2300.98,5.15
4,417,417,2551.35,6.29,474,474,2450.91,5.44,482,482,2270.18,4.96,499,499,2460.29,5.20
4,436,436,2759.45,6.87,505,505,2570.99,5.11,509,509,2400.19,4.82,520,520,2531.05,4.85
4,431,431,2503.76,6.21,434,434,2291.83,5.62,476,476,2265.35,4.83,463,463,2478.71,5.68
4,455,455,2767.14,6.34,490,490,2548.21,5.35,510,510,2403.99,4.60,511,511,2513.37,4.95
4,397,397,2432.15,6.34,434,434,2323.73,5.81,474,474,2266.96,5.00,474,474,2304.27,5.04
4,423,423,2533.07,6.38,491,491,2479.23,5.21,506,506,2220.39,4.45,517,517,2491.64,5.01
4,435,435,2464.04,5.89,472,472,2281.49,5.13,472,472,2245.00,5.03,491,491,2273.60,4.80
4,434,434,2569.65,6.27,477,477,2476.02,5.48,514,514,2363.71,4.67,503,503,2444.62,5.17
4,425,425,2585.45,6.56,485,485,2457.29,5.22,502,502,2285.46,4.69,492,492,2434.74,5.00
4,474,474,2847.39,6.47,536,536,2583.33,4.89,548,548,2431.40,4.51,561,561,2769.77,5.20
4,405,405,2429.71,6.43,460,460,2372.29,5.26,497,497,2260.45,4.49,485,485,2370.76,5.04
4,420,420,2442.60,6.31,464,464,2282.19,5.06,489,489,2193.07,4.59,482,482,2377.34,5.15
4,427,427,2542.04,6.18,455,455,2387.66,5.51,500,500,2288.97,4.80,495,495,2430.28,5.31
4,441,441,2633.46,6.30,492,492,2545.50,5.36,522,522,2436.01,4.71,524,524,2561.15,5.09
5,494,494,2976.29,6.70,542,542,2806.93,5.36,586,586,2777.91,4.97,568,568,2879.74,5.42
5,499,499,2998.02,6.42,560,560,2822.91,5.14,583,583,2652.17,4.68,588,588,2964.44,5.27
5,442,442,2780.14,6.72,507,507,2602.16,5.65,529,529,2505.58,4.83,540,540,2537.10,4.85
5,515,515,3113.77,6.26,554,554,2975.91,5.52,604,604,2826.81,4.87,579,579,2955.19,5.20
5,545,545,3421.03,6.68,609,609,3194.12,5.46,643,643,2834.01,4.43,633,633,3230.49,5.25
5,481,481,2962.18,6.73,559,559,2936.29,5.51,595,595,2760.73,4.78,582,582,2945.86,5.37
5,482,482,3021.92,6.73,535,535,2798.22,5.56,574,574,2668.79,4.77,562,562,2773.63,5.30
5,510,510,3150.67,6.75,593,593,2983.92,5.33,609,609,2749.28,4.53,606,606,2993.67,5.23
5,505,505,3113.21,6.65,541,541,2822.80,5.41,578,578,2698.01,4.90,582,582,2915.94,5.26
5,481,481,2783.32,6.35,514,514,2714.45,5.52,535,535,2585.56,5.15,537,537,2628.91,5.20
5,531,531,3164.76,6.58,593,593,2923.07,5.02,621,621,2672.02,4.28,596,596,2831.27,4.90
5,483,483,2888.87,6.37,534,534,2770.05,5.38,566,566,2689.23,4.77,580,580,2777.86,4.96
5,573,573,3527.51,6.41,619,619,3147.82,5.39,635,635,2786.85,4.37,632,632,3084.01,4.94
5,503,503,3085.89,6.57,546,546,2962.94,5.49,592,592,2700.27,4.61,595,595,2952.14,5.25
5,494,494,2921.84,6.20,533,533,2759.76,5.39,547,547,2580.42,4.84,543,543,2694.87,5.05
5,496,496,2928.44,6.48,545,545,2792.51,5.46,587,587,2605.67,4.57,561,561,2779.88,5.23
5,499,499,2971.51,6.63,542,542,2871.68,5.53,569,569,2629.44,4.69,564,564,2810.14,5.03
5,495,495,2966.97,6.36,547,547,2810.25,5.24,574,574,2642.17,4.90,572,572,2759.52,5.15
5,489,489,3130.62,6.78,547,547,2943.70,5.49,575,575,2706.57,4.74,579,579,2979.84,5.57
5,495,495,2939.10,6.68,554,554,2806.39,5.14,576,576,2711.81,4.89,584,584,2878.97,5.15
6,581,581,3525.89,6.60,645,645,3233.32,4.90,683,683,2995.31,4.18,671,671,3323.85,4.80
6,620,620,3723.71,6.40,687,687,3399.87,5.08,715,715,3113.75,4.47,679,679,3368.09,5.21
6,564,564,3547.46,6.93,651,651,3279.32,5.30,698,698,3106.39,4.64,688,688,3309.44,5.07
6,583,583,3475.86,6.32,644,644,3178.02,5.13,673,673,2940.65,4.25,658,658,3350.17,5.31
6,558,558,3466.88,6.83,627,627,3113.20,4.95,676,676,2979.46,4.38,641,641,3339.12,5.68
6,569,569,3388.82,6.44,631,631,3062.72,5.00,677,677,2961.15,4.26,649,649,3056.30,4.83
6,567,567,3465.16,6.70,651,651,3249.55,5.16,686,686,3065.51,4.37,657,657,3331.64,5.40
6,572,572,3576.51,6.85,646,646,3354.61,5.42,693,693,3142.32,4.53,666,666,3437.60,5.31
6,587,587,3553.63,6.45,638,638,3226.92,5.21,667,667,2887.47,4.39,649,649,3203.44,5.48
6,592,592,3590.88,6.57,639,639,3267.36,5.36,661,661,2968.54,4.54,647,647,3184.17,5.30
6,575,575,3542.37,6.61,641,641,3267.73,5.14,712,712,3083.22,4.15,677,677,3358.26,5.15
6,599,599,3691.11,6.62,691,691,3407.73,5.01,726,726,3114.49,4.31,684,684,3581.43,5.75
6,570,570,3515.55,6.64,641,641,3210.83,5.15,675,675,3019.04,4.52,680,680,3357.37,5.33
6,569,569,3553.96,6.61,638,638,3337.90,5.47,684,684,2950.94,4.30,665,665,3237.02,5.04
6,581,581,3602.82,6.47,664,664,3326.67,5.23,687,687,3023.68,4.42,672,672,3389.00,5.23
6,563,563,3312.83,6.28,625,625,3185.92,5.46,662,662,2914.88,4.55,645,645,3075.70,5.06
6,546,546,3321.08,6.58,609,609,3074.62,5.14,634,634,2813.80,4.47,629,629,3074.89,5.17
6,578,578,3532.42,6.74,653,653,3278.97,5.00,684,684,3184.24,4.80,668,668,3424.92,5.45
6,569,569,3576.20,6.51,650,650,3368.76,5.38,674,674,3032.26,4.48,684,684,3333.90,4.97
6,587,587,3519.21,6.50,659,659,3179.64,4.77,684,684,2859.96,4.15,671,671,3325.48,5.40
7,656,656,3969.35,6.41,718,718,3479.27,5.07,740,740,3174.39,4.31,723,723,3738.75,5.45
7,626,626,3791.37,6.34,714,714,3502.85,5.05,708,708,3113.94,4.54,718,718,3422.66,4.97
7,610,610,3768.32,6.76,706,706,3563.17,5.15,722,722,3208.49,4.51,699,699,3724.07,5.65
7,623,623,3838.71,6.69,714,714,3420.73,5.06,739,739,3171.58,4.24,737,737,3595.67,5.19
7,616,616,3802.65,6.73,686,686,3412.64,5.04,723,723,3127.37,4.20,710,710,3560.32,5.15
7,632,632,3942.06,6.63,714,714,3666.85,5.38,741,741,3225.83,4.32,729,729,3755.46,5.37
7,672,672,4108.86,6.45,735,735,3589.59,5.21,787,787,3257.42,4.28,761,761,3790.65,5.49
7,617,617,3851.08,6.99,702,702,3493.76,5.10,750,750,3315.96,4.36,729,729,3653.12,5.20
7,611,611,3872.33,6.83,715,715,3565.45,5.11,758,758,3259.31,4.35,730,730,3595.10,5.09
7,627,627,3948.22,6.83,742,742,3657.82,4.97,750,750,3258.04,4.39,684,684,3608.30,5.57
7,619,619,3835.89,6.55,700,700,3385.76,5.03,709,709,3068.15,4.45,710,710,3568.22,5.40
7,645,645,3849.27,6.35,704,704,3378.14,5.09,728,728,3111.49,4.31,715,715,3458.50,5.13
7,603,603,3811.96,6.83,688,688,3546.29,5.24,746,746,3145.77,4.26,708,708,3594.09,5.36
7,632,632,3808.34,6.60,703,703,3426.16,4.91,730,730,3241.21,4.40,717,717,3668.49,5.40
7,633,633,4033.35,6.74,718,718,3700.72,5.38,770,770,3292.35,4.34,744,744,3686.20,5.24
7,650,650,4111.38,6.84,734,734,3549.04,4.81,753,753,3317.90,4.34,730,730,3795.28,5.63
7,632,632,3712.80,6.19,712,712,3521.77,5.12,729,729,3296.63,4.72,693,693,3433.40,5.27
7,636,636,3841.09,6.44,716,716,3555.08,4.89,717,717,3166.50,4.53,709,709,3569.64,5.25
7,623,623,3834.86,6.40,697,697,3485.75,5.15,731,731,3235.27,4.51,713,713,3644.51,5.55
7,618,618,3821.58,6.63,711,711,3571.22,5.16,741,741,3165.44,4.36,728,728,3652.11,5.39
8,738,738,4515.93,6.39,798,798,3893.76,5.03,820,820,3366.16,4.15,791,791,4047.78,5.41
8,695,695,4367.06,6.63,787,787,3874.39,4.98,843,843,3413.51,4.01,798,798,4044.02,5.44
8,683,683,4384.15,6.89,802,802,3794.68,4.93,812,812,3291.80,4.19,800,800,3980.59,5.21
8,689,689,4207.71,6.60,770,770,3631.22,4.73,799,799,3311.97,3.95,787,787,3788.28,4.90
8,712,712,4447.58,6.67,792,792,3981.88,5.09,821,821,3325.61,4.09,817,817,4250.76,5.60
8,684,684,4151.80,6.32,747,747,3657.20,4.98,792,792,3440.06,4.35,756,756,3741.83,5.15
8,688,688,4196.61,6.42,742,742,3759.31,5.33,801,801,3405.44,4.33,762,762,3992.11,5.37
8,698,698,4337.37,6.60,785,785,3693.07,4.88,804,804,3255.66,4.44,788,788,3927.31,5.40
8,716,716,4333.22,6.56,809,809,3852.17,5.03,808,808,3189.59,3.95,799,799,4049.15,5.29
8,703,703,4361.55,6.78,788,788,3769.08,5.00,837,837,3372.93,4.05,773,773,3972.16,5.46
8,690,690,4147.62,6.44,785,785,3804.27,5.00,792,792,3414.62,4.32,769,769,3973.89,5.50
8,683,683,4119.91,6.47,764,764,3750.16,5.12,806,806,3412.00,4.32,784,784,3884.16,5.23
8,700,700,4377.32,6.77,777,777,3877.13,5.13,806,806,3350.20,4.18,783,783,4048.98,5.34
8,693,693,4253.09,6.43,771,771,3676.89,4.79,790,790,3147.33,3.92,768,768,3958.94,5.50
8,702,702,4206.79,6.47,761,761,3796.68,5.00,794,794,3405.33,4.38,771,771,3933.56,5.51
8,684,684,4247.88,6.91,761,761,3701.88,4.97,801,801,3354.33,4.14,769,769,3959.60,5.70
8,721,721,4431.95,6.65,789,789,3744.41,4.82,829,829,3337.35,4.04,812,812,3880.57,5.17
8,729,729,4581.94,6.77,820,820,3935.57,4.86,835,835,3485.01,4.23,807,807,4108.68,4.98
8,668,668,4168.69,6.95,779,779,3710.41,4.80,812,812,3329.42,4.15,777,777,3866.49,5.17
8,716,716,4399.42,6.49,795,795,3686.98,4.65,835,835,3390.90,4.24,781,781,4007.86,5.52
9,776,776,4716.01,6.48,851,851,3944.47,4.82,875,875,3440.16,3.96,848,848,4298.45,5.33
9,728,728,4492.81,6.60,825,825,3890.87,4.83,854,854,3366.62,4.09,816,816,4146.04,5.51
9,742,742,4466.69,6.42,837,837,3847.03,4.79,864,864,3374.70,3.99,808,808,4091.57,5.34
9,730,730,4640.98,6.83,827,827,3795.90,4.79,873,873,3451.60,3.96,843,843,4087.26,5.14
9,764,764,4746.32,6.68,847,847,3971.38,4.88,877,877,3407.69,4.00,834,834,4329.36,5.69
9,754,754,4535.43,6.46,829,829,3957.46,4.76,884,884,3461.34,3.93,841,841,4329.26,5.43
9,782,782,4730.28,6.48,858,858,3862.39,4.48,894,894,3369.47,3.79,850,850,4506.32,5.60
9,742,742,4441.79,6.58,824,824,3701.79,4.55,850,850,3231.04,3.76,829,829,4028.35,5.23
9,718,718,4446.57,6.64,797,797,3747.30,4.61,845,845,3421.16,3.98,801,801,4151.20,5.34
9,768,768,4701.48,6.79,845,845,3882.62,4.70,874,874,3312.71,3.78,826,826,4176.06,5.33
9,753,753,4666.53,6.63,839,839,3842.49,4.56,862,862,3366.45,3.94,832,832,4265.33,5.57
9,719,719,4452.72,6.80,797,797,3801.15,4.86,836,836,3210.24,3.74,798,798,4065.24,5.33
9,753,753,4576.11,6.36,831,831,3917.35,4.96,848,848,3445.75,4.07,835,835,4170.70,5.16
9,765,765,4573.68,6.54,839,839,3904.12,4.66,871,871,3361.75,3.74,860,860,4495.47,5.67
9,754,754,4649.46,6.39,835,835,3978.62,4.80,867,867,3299.55,3.78,842,842,4219.90,5.27
9,759,759,4541.29,6.60,850,850,3853.78,4.51,874,874,3354.36,3.80,855,855,4153.95,5.08
9,750,750,4594.84,6.40,834,834,4002.94,4.84,884,884,3488.25,3.92,852,852,4296.56,5.26
9,745,745,4488.73,6.46,828,828,3779.98,4.60,839,839,3272.04,3.84,794,794,4028.44,5.45
9,759,759,4650.90,6.80,823,823,3868.01,4.89,871,871,3429.45,3.84,849,849,4233.18,5.26
9,748,748,4657.40,6.60,847,847,4043.07,4.76,864,864,3597.72,4.11,853,853,4372.19,5.34
10,796,796,4896.51,6.72,848,848,3901.51,4.44,883,883,3336.79,3.56,857,857,4111.90,4.95
10,800,800,4977.68,6.76,861,861,3928.12,4.61,903,903,3281.62,3.62,876,876,4514.71,5.38
10,787,787,4740.33,6.52,862,862,3939.42,4.77,899,899,3444.82,3.96,867,867,4312.63,5.11
10,796,796,4884.88,6.56,884,884,3941.54,4.43,897,897,3447.44,3.77,875,875,4470.98,5.49
10,784,784,4891.87,6.71,887,887,4095.30,4.73,893,893,3452.93,3.93,867,867,4412.13,5.65
10,782,782,4844.14,6.54,862,862,3804.71,4.43,895,895,3341.59,3.60,867,867,4385.80,5.41
10,786,786,4778.80,6.53,857,857,3946.97,4.72,882,882,3314.90,3.82,841,841,4084.65,5.11
10,806,806,5124.19,6.85,872,872,3998.53,4.58,916,916,3432.84,3.58,869,869,4640.99,5.69
10,794,794,4875.45,6.72,880,880,4066.10,4.54,911,911,3302.53,3.62,871,871,4307.48,5.49
10,808,808,5148.49,7.01,878,878,4084.31,4.61,909,909,3366.92,3.63,885,885,4367.08,5.18
10,792,792,4851.18,6.64,876,876,3945.34,4.58,898,898,3359.60,3.72,867,867,4293.55,5.50
10,775,775,4794.96,6.64,865,865,4004.12,4.62,901,901,3466.81,3.79,842,842,4342.58,5.45
10,788,788,5082.40,6.92,871,871,4077.99,4.89,915,915,3358.39,3.64,907,907,4344.15,5.23
10,753,753,4692.16,6.73,860,860,3923.41,4.59,886,886,3387.34,3.89,859,859,4154.62,4.98
10,792,792,5066.82,6.96,868,868,4068.76,4.82,894,894,3350.58,3.86,856,856,4351.26,5.60
10,795,795,4779.03,6.38,884,884,4032.78,4.71,910,910,3395.28,3.77,865,865,4185.28,5.02
10,790,790,4906.15,6.72,886,886,3895.71,4.62,926,926,3309.76,3.53,884,884,4275.25,5.20
10,776,776,4739.97,6.55,851,851,3979.87,4.72,894,894,3495.21,3.85,856,856,4317.81,5.40
10,788,788,4815.52,6.59,864,864,3946.03,4.71,886,886,3264.52,3.69,870,870,4412.05,5.51
10,796,796,4943.78,6.80,892,892,3942.57,4.58,897,897,3238.91,3.58,888,888,4248.52,5.07
11,817,817,5132.50,6.80,911,911,4061.86,4.40,937,937,3258.31,3.21,910,910,4535.83,5.27
11,829,829,5217.30,6.95,912,912,3946.54,4.27,946,946,3223.40,3.17,887,887,4751.55,5.81
11,829,829,5236.35,6.86,910,910,4083.26,4.52,933,933,3222.18,3.23,903,903,4532.21,5.25
11,809,809,5082.13,6.78,896,896,4028.60,4.49,921,921,3277.05,3.39,917,917,4445.80,5.12
11,787,787,4887.82,6.61,900,900,4072.67,4.52,909,909,3400.59,3.61,895,895,4448.69,5.09
11,818,818,5133.40,6.83,904,904,4038.67,4.49,928,928,3237.16,3.34,894,894,4569.00,5.26
11,825,825,5080.96,6.57,888,888,3881.11,4.32,911,911,3234.35,3.39,890,890,4389.77,5.28
11,838,838,5203.76,6.55,924,924,4097.44,4.62,933,933,3345.29,3.57,893,893,4314.94,5.14
11,858,858,5258.53,6.50,938,938,3915.27,4.13,948,948,3196.25,3.33,921,921,4603.00,5.44
11,833,833,5214.19,6.73,931,931,4169.17,4.45,947,947,3450.73,3.51,919,919,4584.36,5.35
11,837,837,5196.22,6.71,904,904,3873.42,4.31,934,934,3264.71,3.42,907,907,4260.62,5.09
11,855,855,5251.65,6.55,919,919,3896.84,4.28,931,931,3287.70,3.58,909,909,4497.03,5.17
11,849,849,5275.48,6.69,929,929,4006.08,4.37,947,947,3220.45,3.29,922,922,4467.30,5.12
11,822,822,5131.10,6.65,914,914,3942.98,4.30,924,924,3207.66,3.25,907,907,4322.71,5.06
11,838,838,5062.25,6.85,912,912,4081.17,4.42,928,928,3420.48,3.52,896,896,4498.12,5.26
11,825,825,5106.88,6.90,902,902,4045.85,4.57,940,940,3437.75,3.58,911,911,4679.52,5.69
11,834,834,4998.86,6.43,898,898,3802.33,4.29,919,919,3291.19,3.59,892,892,4200.49,5.11
11,812,812,5071.58,6.67,910,910,3960.06,4.37,937,937,3236.32,3.25,905,905,4716.23,5.54
11,851,851,5199.38,6.68,920,920,3973.61,4.45,944,944,3229.80,3.27,891,891,4389.26,5.31
11,825,825,5086.33,6.87,904,904,3807.20,4.29,948,948,3324.81,3.38,888,888,4601.63,5.64
12,853,853,5352.48,6.77,917,917,3845.19,4.21,945,945,3179.93,3.22,923,923,4820.51,5.55
12,874,874,5293.90,6.54,923,923,3943.48,4.26,947,947,3143.87,3.28,929,929,4291.16,4.58
12,854,854,5226.96,6.82,932,932,3869.71,4.22,949,949,3132.70,3.17,925,925,4422.88,5.27
12,852,852,5316.56,6.71,938,938,4086.53,4.39,962,962,3247.69,3.27,932,932,4893.33,5.67
12,843,843,5353.78,6.82,919,919,3987.99,4.39,937,937,3232.08,3.45,917,917,4626.75,5.54
12,854,854,5306.90,6.77,932,932,4156.37,4.42,954,954,3341.83,3.58,918,918,4768.20,5.41
12,875,875,5349.71,6.45,943,943,3920.73,4.21,945,945,3189.37,3.26,944,944,4665.91,5.40
12,862,862,5509.78,7.11,936,936,3817.48,4.09,957,957,3167.96,3.17,917,917,4583.85,5.29
12,849,849,5274.09,6.75,929,929,4011.13,4.35,949,949,3263.05,3.35,925,925,4453.63,5.19
12,857,857,5359.94,6.83,936,936,4048.55,4.45,951,951,3142.06,3.09,936,936,4627.70,5.20
12,843,843,5260.97,6.79,920,920,3982.40,4.24,945,945,3492.71,3.65,928,928,4796.99,5.47
12,827,827,5159.98,6.56,916,916,3886.71,4.29,935,935,3205.66,3.32,917,917,4502.02,5.27
12,863,863,5226.43,6.52,933,933,3831.48,4.01,941,941,3047.91,3.14,910,910,4706.39,5.64
12,861,861,5335.37,6.85,924,924,4096.28,4.44,959,959,3242.14,3.23,943,943,4353.78,4.90
12,857,857,5217.73,6.39,943,943,3846.40,4.13,956,956,3133.53,3.24,929,929,4645.08,5.47
12,859,859,5425.71,6.66,946,946,3875.20,4.08,950,950,3074.32,3.09,918,918,4413.85,5.00
12,870,870,5392.80,6.64,936,936,3881.04,4.17,953,953,3282.75,3.43,928,928,4870.56,5.74
12,852,852,5189.09,6.68,929,929,3993.12,4.28,947,947,3220.27,3.24,913,913,4666.07,5.42
12,838,838,5276.09,6.58,931,931,3916.57,4.19,946,946,3132.08,3.03,920,920,4384.38,5.07
12,865,865,5220.95,6.48,941,941,4029.14,4.38,934,934,3266.20,3.53,950,950,4665.84,5.24
13,872,872,5299.67,6.75,959,959,3977.53,4.18,970,970,3002.26,2.98,922,922,4702.00,5.54
13,870,870,5329.64,6.58,934,934,3942.25,4.16,960,960,3098.90,2.99,931,931,4831.30,5.54
13,861,861,5455.46,6.75,948,948,3908.37,4.18,958,958,3120.03,3.03,944,944,4576.35,5.18
13,893,893,5511.21,6.65,950,950,3855.51,3.95,972,972,3052.26,2.96,944,944,4636.92,5.23
13,875,875,5463.83,6.67,955,955,4034.95,4.39,966,966,3175.44,3.16,937,937,4723.61,5.51
13,874,874,5616.73,7.00,933,933,4008.38,4.28,963,963,3099.67,3.16,941,941,4374.71,4.75
13,875,875,5496.51,6.77,967,967,3863.71,3.90,983,983,3043.06,2.91,948,948,4548.87,5.09
13,884,884,5455.91,6.76,944,944,3803.05,4.01,954,954,3148.27,3.21,938,938,4626.95,5.33
13,905,905,5530.78,6.63,945,945,3810.83,3.86,967,967,2970.81,2.80,948,948,4586.06,5.18
13,899,899,5636.46,6.95,971,971,3910.32,4.17,978,978,3089.97,3.15,954,954,4917.22,5.52
13,893,893,5576.31,6.95,949,949,3833.33,3.97,951,951,3070.56,3.03,950,950,4609.21,5.35
13,883,883,5481.78,6.89,961,961,3937.50,4.12,969,969,2901.16,2.77,944,944,4696.74,5.11
13,908,908,5350.18,6.46,961,961,3858.90,3.92,981,981,2990.16,2.87,946,946,4707.10,5.24
13,890,890,5510.53,6.62,956,956,3929.00,4.20,968,968,3007.53,2.97,942,942,4515.82,4.85
13,896,896,5602.62,6.67,948,948,3916.09,4.15,969,969,3100.91,3.13,939,939,4643.73,5.19
13,881,881,5530.94,6.74,948,948,3936.63,4.29,970,970,2934.72,2.92,947,947,4766.82,5.51
13,893,893,5485.62,6.81,963,963,3960.92,4.04,968,968,3033.23,3.00,957,957,4610.30,5.25
13,876,876,5406.91,6.67,944,944,3868.19,4.09,962,962,3136.18,3.19,936,936,4868.16,5.59
13,884,884,5352.29,6.56,954,954,3874.01,4.03,972,972,3139.09,3.26,925,925,4640.13,5.46
13,897,897,5525.28,6.66,971,971,3912.40,4.13,982,982,2875.76,2.74,937,937,4754.18,5.45
14,913,913,5673.90,6.72,976,976,3663.88,3.67,985,985,2794.06,2.60,949,949,4714.83,5.12
14,888,888,5578.27,6.69,965,965,3892.00,3.93,973,973,3066.07,3.05,947,947,4921.33,5.51
14,903,903,5465.39,6.41,961,961,3831.29,4.09,982,982,3069.65,2.98,946,946,4723.95,5.24
14,890,890,5621.45,6.89,962,962,3873.70,4.01,975,975,3049.38,3.05,939,939,4579.10,5.30
14,923,923,5689.32,6.49,970,970,3728.71,3.79,973,973,2979.37,2.83,938,938,4708.52,5.29
14,920,920,5686.45,6.46,985,985,3822.69,3.81,988,988,2987.81,2.91,971,971,4588.83,4.97
14,906,906,5449.17,6.47,965,965,3803.03,3.87,971,971,2939.97,2.79,953,953,4672.55,5.26
14,897,897,5564.37,6.58,955,955,3817.51,3.98,969,969,3090.79,3.07,936,936,4865.75,5.80
14,902,902,5546.25,6.58,967,967,3757.43,3.88,972,972,2856.49,2.80,967,967,4869.95,5.33
14,920,920,5679.59,6.82,973,973,3817.66,3.77,982,982,2897.06,2.70,957,957,4602.43,5.19
14,911,911,5575.87,6.62,967,967,3844.14,4.07,977,977,2997.24,2.97,943,943,4738.05,5.48
14,906,906,5723.57,6.77,961,961,3787.67,3.93,979,979,2887.35,2.81,956,956,4646.06,5.11
14,900,900,5636.47,6.76,968,968,3740.66,3.86,981,981,2938.42,2.75,950,950,4739.21,5.35
14,885,885,5551.03,6.53,956,956,3812.18,4.09,972,972,2986.26,2.92,959,959,4716.74,5.11
14,908,908,5770.50,6.88,958,958,3716.32,3.86,977,977,3138.11,3.09,954,954,4877.15,5.61
14,924,924,5897.63,6.97,974,974,3867.33,3.86,985,985,2894.98,2.78,969,969,4476.16,4.79
14,905,905,5404.64,6.49,969,969,3983.68,4.19,968,968,2958.92,3.05,962,962,4489.17,4.91
14,901,901,5604.52,6.67,972,972,3896.70,3.92,974,974,2932.73,2.93,959,959,4441.61,4.87
14,914,914,5629.38,6.74,962,962,3736.07,3.83,975,975,3028.55,3.03,938,938,4998.17,5.61
14,908,908,5561.98,6.73,967,967,3650.19,3.62,971,971,2864.62,2.78,959,959,4680.09,5.23
15,935,935,5804.63,6.57,974,974,3620.91,3.58,971,971,2745.74,2.63,966,966,4671.42,5.08
15,915,915,5789.56,6.79,980,980,3676.96,3.74,988,988,2632.63,2.44,976,976,4771.67,5.32
15,916,916,5946.08,7.08,960,960,3941.13,4.01,980,980,3057.12,2.89,953,953,5105.00,5.69
15,936,936,5782.95,6.64,976,976,3519.42,3.59,986,986,2655.12,2.49,978,978,4851.36,5.20
15,922,922,5607.51,6.38,965,965,3790.95,3.86,979,979,2996.93,2.86,947,947,4749.87,5.35
15,912,912,5770.06,6.87,971,971,3777.69,3.96,984,984,3072.92,2.96,963,963,4747.54,5.24
15,908,908,5737.60,6.67,970,970,3675.23,3.71,984,984,2785.28,2.71,950,950,4793.72,5.40
15,921,921,5851.91,6.92,969,969,3817.94,3.79,986,986,2875.01,2.75,956,956,4840.22,5.37
15,939,939,5977.37,6.78,967,967,3728.32,3.94,984,984,2707.66,2.67,966,966,4629.20,5.15
15,928,928,5732.54,6.53,974,974,3752.89,3.79,989,989,2871.19,2.74,968,968,4744.25,5.19
15,929,929,5789.01,6.81,978,978,3794.67,3.80,985,985,2839.26,2.72,968,968,4748.34,5.37
15,916,916,5700.73,6.80,969,969,3689.61,3.73,988,988,2750.33,2.57,960,960,4555.98,4.83
15,931,931,5813.03,6.70,981,981,3749.98,3.82,988,988,2833.47,2.68,963,963,4646.12,4.99
15,929,929,5742.95,6.66,969,969,3592.01,3.61,979,979,2668.02,2.47,966,966,4836.10,5.12
15,937,937,5668.72,6.53,966,966,3702.31,3.67,979,979,2772.70,2.56,977,977,4735.58,5.14
15,933,933,6005.34,6.95,967,967,3783.55,3.87,978,978,2942.02,2.86,958,958,4777.34,5.38
15,915,915,5751.11,6.82,959,959,3654.08,3.75,978,978,2889.40,2.80,965,965,4918.56,5.39
15,894,894,5569.53,6.74,958,958,3700.80,3.77,978,978,2947.65,2.93,949,949,4476.66,5.07
15,929,929,5795.40,6.85,970,970,3700.26,3.74,984,984,2828.64,2.78,969,969,4499.95,4.87
15,922,922,5743.76,6.80,979,979,3700.14,3.67,985,985,2739.28,2.64,969,969,4808.40,5.40
16,923,923,5679.99,6.67,977,977,3546.95,3.54,985,985,2720.18,2.44,969,969,4978.66,5.51
16,961,961,6178.76,6.83,988,988,3518.96,3.47,991,991,2545.47,2.36,982,982,4726.58,5.15
16,941,941,5818.59,6.84,981,981,3547.90,3.38,983,983,2728.52,2.51,950,950,4897.65,5.45
16,947,947,5854.15,6.80,984,984,3689.66,3.63,984,984,2828.49,2.65,973,973,4742.49,5.47
16,941,941,5735.42,6.58,987,987,3645.25,3.70,994,994,2691.50,2.58,979,979,4826.42,5.06
16,949,949,6028.77,6.88,981,981,3592.53,3.61,989,989,2696.19,2.46,974,974,4671.78,5.14
16,952,952,5899.74,6.66,980,980,3474.82,3.40,983,983,2640.52,2.46,976,976,4915.40,5.46
16,942,942,5731.02,6.50,975,975,3575.57,3.69,986,986,2655.13,2.42,976,976,4616.00,5.12
16,943,943,5897.07,6.72,982,982,3461.49,3.46,988,988,2599.41,2.43,975,975,4541.34,5.07
16,930,930,5759.96,6.55,969,969,3723.97,3.84,990,990,2818.88,2.71,972,972,4525.13,5.03
16,939,939,5914.72,6.83,976,976,3729.79,3.73,987,987,2761.65,2.66,974,974,4739.80,5.21
16,932,932,5859.71,7.01,981,981,3741.51,3.76,987,987,2844.46,2.68,960,960,4869.99,5.17
16,941,941,5795.19,6.62,982,982,3552.15,3.52,986,986,2739.67,2.63,975,975,4837.57,5.43
16,949,949,5949.65,6.81,980,980,3639.07,3.58,993,993,2703.99,2.44,962,962,4820.12,5.37
16,937,937,5839.86,6.57,987,987,3601.08,3.47,990,990,2916.18,2.70,972,972,5076.10,5.53
16,941,941,5689.77,6.53,976,976,3509.60,3.50,987,987,2678.30,2.55,969,969,4584.62,5.12
16,927,927,5905.37,6.79,971,971,3564.32,3.65,981,981,2759.11,2.64,976,976,4738.70,5.42
16,944,944,5746.48,6.68,979,979,3590.10,3.67,990,990,2724.46,2.54,965,965,4639.09,5.19
16,937,937,5953.28,6.79,978,978,3746.04,3.79,989,989,2702.24,2.45,978,978,4666.54,4.99
16,946,946,5932.90,6.87,971,971,3612.05,3.69,986,986,2743.84,2.59,973,973,4996.79,5.46
17,954,954,6073.70,6.77,986,986,3436.18,3.44,991,991,2578.54,2.40,979,979,4596.74,4.77
17,939,939,6107.66,7.09,971,971,3424.78,3.47,990,990,2567.01,2.37,970,970,4915.87,5.19
17,943,943,5992.14,6.80,978,978,3522.54,3.52,981,981,2505.66,2.35,979,979,5003.58,5.38
17,964,964,6017.70,6.60,991,991,3413.77,3.43,995,995,2497.18,2.44,981,981,5229.01,5.83
17,947,947,5785.85,6.70,984,984,3576.12,3.61,993,993,2561.15,2.38,971,971,4873.38,5.33
17,950,950,6267.03,7.20,979,979,3392.37,3.39,984,984,2518.52,2.42,983,983,4681.23,5.21
17,948,948,5858.70,6.42,982,982,3419.13,3.36,985,985,2533.83,2.37,965,965,4771.82,5.40
17,953,953,5961.06,6.77,984,984,3383.45,3.41,997,997,2435.28,2.24,984,984,4746.45,5.29
17,943,943,5907.42,6.72,985,985,3550.45,3.54,993,993,2542.62,2.35,974,974,5157.71,5.50
17,951,951,5864.96,6.76,981,981,3439.91,3.51,989,989,2473.86,2.32,974,974,4904.95,5.41
17,954,954,5844.64,6.48,984,984,3508.59,3.54,993,993,2535.95,2.30,979,979,4854.56,5.28
17,939,939,6026.14,6.79,989,989,3461.51,3.39,994,994,2371.92,2.17,987,987,4660.91,4.83
17,951,951,5874.98,6.67,987,987,3560.03,3.50,993,993,2637.08,2.41,984,984,4819.94,5.13
17,957,957,6060.51,6.66,983,983,3486.00,3.38,992,992,2574.67,2.37,983,983,4925.27,5.41
17,954,954,6075.97,6.78,987,987,3520.74,3.47,988,988,2585.97,2.46,973,973,4976.07,5.39
17,944,944,6004.26,6.91,988,988,3478.50,3.31,983,983,2635.22,2.47,975,975,4875.55,5.29
17,955,955,5876.29,6.56,987,987,3479.17,3.38,992,992,2555.75,2.36,981,981,4600.48,4.94
17,946,946,5776.25,6.61,984,984,3570.30,3.57,994,994,2511.80,2.27,970,970,4881.63,5.44
17,954,954,6124.32,6.78,986,986,3608.63,3.67,988,988,2466.28,2.38,987,987,4569.58,4.84
17,951,951,5980.54,6.73,983,983,3463.25,3.42,992,992,2550.81,2.31,987,987,4502.93,4.70
18,960,960,6008.94,6.67,978,978,3525.99,3.46,986,986,2523.49,2.23,980,980,4622.24,5.00
18,938,938,5973.74,6.83,990,990,3615.94,3.52,994,994,2503.72,2.23,983,983,4938.21,5.21
18,952,952,6010.75,6.71,986,986,3427.04,3.50,992,992,2494.02,2.37,977,977,4558.84,5.05
18,943,943,5913.59,6.89,985,985,3445.32,3.49,987,987,2671.49,2.59,977,977,4874.29,5.30
18,957,957,5988.10,6.63,988,988,3502.83,3.37,987,987,2476.96,2.22,990,990,5171.31,5.57
18,956,956,6069.28,6.84,994,994,3519.90,3.32,996,996,2624.22,2.38,985,985,4846.32,5.16
18,965,965,5955.78,6.58,992,992,3423.39,3.36,999,999,2517.05,2.24,981,981,4636.64,4.84
18,950,950,5870.86,6.54,989,989,3476.70,3.44,987,987,2527.08,2.32,979,979,4911.84,5.32
18,949,949,5830.75,6.80,986,986,3433.19,3.36,990,990,2505.22,2.42,980,980,5081.20,5.72
18,944,944,5905.75,6.71,985,985,3480.91,3.41,992,992,2472.98,2.20,975,975,5034.11,5.63
18,952,952,5942.64,6.93,984,984,3309.69,3.36,992,992,2451.66,2.32,979,979,4734.11,5.03
18,959,959,5738.40,6.45,990,990,3314.23,3.27,990,990,2478.29,2.26,979,979,4814.13,5.32
18,954,954,6090.91,6.96,982,982,3365.91,3.38,990,990,2413.26,2.17,977,977,4751.87,5.25
18,950,950,5988.51,6.73,980,980,3362.02,3.38,987,987,2559.20,2.42,974,974,4797.13,4.92
18,949,949,5811.15,6.47,984,984,3277.98,3.18,991,991,2551.81,2.43,970,970,4709.92,4.98
18,950,950,5929.10,6.63,986,986,3554.30,3.50,991,991,2647.84,2.42,984,984,5048.00,5.37
18,949,949,6014.32,6.97,990,990,3396.97,3.33,996,996,2329.20,2.08,987,987,4732.32,5.13
18,958,958,5965.20,6.63,992,992,3534.46,3.56,995,995,2592.52,2.38,987,987,4928.96,5.42
18,941,941,5956.65,6.78,985,985,3482.65,3.40,987,987,2563.35,2.29,988,988,5016.80,5.50
18,970,970,5894.04,6.59,988,988,3278.47,3.19,993,993,2366.82,2.14,983,983,4792.47,4.98
19,967,967,6156.42,7.04,995,995,3361.49,3.25,998,998,2347.85,2.16,988,988,4863.99,5.12
19,968,968,5898.51,6.56,994,994,3300.04,3.24,999,999,2318.79,2.07,987,987,4806.21,5.18
19,958,958,6039.93,6.82,989,989,3309.29,3.23,995,995,2399.77,2.14,974,974,4808.19,5.16
19,971,971,6144.47,6.83,996,996,3395.50,3.32,998,998,2341.34,2.09,991,991,4853.86,5.16
19,956,956,5881.26,6.53,989,989,3231.65,3.17,994,994,2345.23,2.11,981,981,4570.02,4.81
19,950,950,6032.59,6.89,980,980,3210.51,3.19,986,986,2245.45,2.01,983,983,4624.71,4.80
19,956,956,6135.05,6.93,984,984,3262.25,3.04,993,993,2296.40,1.95,981,981,4950.30,5.28
19,973,973,6184.04,6.86,991,991,3354.68,3.25,993,993,2396.14,2.13,992,992,4838.61,5.01
19,958,958,6084.87,6.82,995,995,3358.23,3.22,993,993,2455.50,2.18,986,986,4896.73,5.29
19,959,959,5979.77,6.84,985,985,3314.27,3.26,992,992,2310.96,2.12,977,977,5047.68,5.45
19,968,968,6130.53,6.97,983,983,3342.38,3.34,991,991,2473.99,2.40,983,983,4787.88,5.02
19,974,974,5941.31,6.42,998,998,3222.24,3.14,997,997,2300.74,2.08,989,989,5058.01,5.61
19,967,967,5991.55,6.70,990,990,3292.66,3.22,989,989,2313.13,2.13,984,984,4709.14,4.95
19,969,969,5928.26,6.54,988,988,3278.27,3.16,991,991,2422.81,2.27,979,979,4993.65,5.36
19,969,969,6076.57,6.71,995,995,3301.84,3.13,999,999,2312.10,2.05,984,984,4786.98,5.19
19,966,966,5992.29,6.76,988,988,3330.25,3.23,997,997,2289.42,2.00,991,991,4744.34,5.06
19,969,969,5884.13,6.52,991,991,3332.88,3.24,997,997,2314.37,2.06,984,984,5132.23,5.43
19,959,959,6066.64,6.84,994,994,3280.84,3.19,996,996,2346.11,2.14,983,983,4733.30,5.13
19,964,964,6198.39,6.99,990,990,3342.49,3.21,996,996,2332.34,2.18,979,979,4852.86,5.15
19,973,973,6060.58,6.69,997,997,3403.92,3.32,995,995,2412.41,2.24,991,991,4780.23,5.08
20,971,971,6040.39,6.66,995,995,3150.25,3.05,996,996,2191.64,1.95,990,990,4957.70,5.32
20,968,968,6176.79,6.76,995,995,3224.64,3.14,999,999,2273.71,2.14,988,988,4872.99,5.39
20,969,969,5991.65,6.68,990,990,3205.23,3.14,998,998,2193.71,1.97,988,988,4648.71,4.89
20,966,966,6143.51,6.80,997,997,3126.49,2.98,999,999,2225.98,2.01,993,993,4560.39,4.88
20,971,971,5992.60,6.75,990,990,3085.98,3.08,995,995,2153.78,1.86,986,986,4750.25,5.13
20,976,976,6032.97,6.66,995,995,3268.76,3.24,998,998,2196.91,1.95,995,995,4877.55,5.10
20,970,970,5997.92,6.64,994,994,3181.30,3.10,994,994,2140.51,1.85,989,989,4551.34,4.54
20,962,962,5912.59,6.72,990,990,3255.38,3.23,997,997,2364.11,2.16,989,989,4853.34,5.20
20,970,970,5921.97,6.56,992,992,3061.06,2.95,994,994,2119.69,1.87,984,984,4853.62,5.15
20,978,978,6101.17,6.74,996,996,3083.89,2.98,999,999,2114.07,1.90,996,996,4736.87,4.91
20,974,974,6126.82,6.73,996,996,3342.59,3.11,998,998,2411.11,2.13,988,988,4785.71,5.12
20,970,970,6014.24,6.67,995,995,3224.00,3.17,995,995,2228.75,1.94,989,989,4953.08,5.18
20,968,968,6025.90,6.67,994,994,3180.64,3.06,996,996,2175.46,1.98,991,991,4846.00,5.09
20,967,967,5932.78,6.63,991,991,3215.23,3.18,996,996,2314.69,2.14,994,994,4941.74,5.24
20,982,982,6198.07,6.83,993,993,3201.36,3.17,998,998,2240.12,1.92,990,990,4970.45,5.28
20,970,970,6140.87,6.87,990,990,3240.05,3.13,995,995,2388.09,2.21,987,987,4870.79,5.28
20,968,968,6177.49,7.03,994,994,3273.29,3.19,997,997,2274.33,2.04,992,992,4540.17,4.73
20,972,972,5990.97,6.44,988,988,3277.13,3.17,997,997,2388.95,2.20,982,982,4898.01,5.05
20,963,963,6060.28,6.81,997,997,3383.51,3.44,1000,1000,2334.78,2.18,990,990,4589.20,4.89
20,975,975,6127.03,6.69,991,991,3159.69,3.12,997,997,2223.83,2.00,993,993,4488.35,4.78
30,996,996,6093.77,6.59,998,998,2611.05,2.50,1000,1000,1760.80,1.53,999,999,5321.06,5.52
30,997,997,6199.69,6.61,1000,1000,2577.12,2.49,1000,1000,1574.08,1.34,998,998,4994.88,4.96
30,998,998,6198.34,6.79,999,999,2561.96,2.51,1000,1000,1604.05,1.43,998,998,5229.44,5.44
30,998,998,6185.07,6.72,997,997,2604.68,2.51,998,998,1669.14,1.46,999,999,5346.38,5.53
30,992,992,6142.43,6.61,997,997,2562.06,2.54,999,999,1556.64,1.41,994,994,5280.94,5.70
30,992,992,6156.83,6.66,999,999,2547.58,2.43,999,999,1662.54,1.40,999,999,5502.39,5.80
30,997,997,6232.53,6.62,1000,1000,2555.23,2.47,1000,1000,1706.23,1.52,1000,1000,5441.60,5.64
30,983,983,6357.41,6.96,999,999,2664.35,2.59,999,999,1612.35,1.40,997,997,5455.65,5.61
30,993,993,5988.09,6.60,1000,1000,2585.60,2.55,998,998,1610.40,1.36,1000,1000,5437.52,5.64
30,998,998,6210.02,6.66,1000,1000,2531.74,2.47,1000,1000,1620.19,1.45,998,998,5471.26,5.78
30,991,991,6149.33,6.67,1000,1000,2564.93,2.44,1000,1000,1570.80,1.32,999,999,5140.54,5.40
30,996,996,5931.63,6.43,1000,1000,2547.74,2.45,999,999,1615.06,1.37,997,997,5286.67,5.63
30,997,997,6213.97,6.80,999,999,2522.97,2.42,999,999,1614.91,1.39,994,994,5493.50,5.72
30,996,996,6265.32,6.60,1000,1000,2499.47,2.39,1000,1000,1528.39,1.28,999,999,5211.95,5.38
30,995,995,6242.72,6.74,997,997,2662.34,2.57,1000,1000,1708.76,1.51,1000,1000,5227.32,5.44
30,994,994,6106.37,6.51,1000,1000,2525.64,2.45,1000,1000,1589.07,1.40,1000,1000,5190.89,5.51
30,995,995,6239.03,6.79,1000,1000,2557.72,2.44,1000,1000,1571.15,1.31,998,998,5409.34,5.68
30,992,992,6212.04,6.69,999,999,2560.98,2.47,1000,1000,1625.45,1.45,999,999,5120.07,5.42
30,988,988,6094.00,6.56,999,999,2728.06,2.58,999,999,1641.21,1.39,998,998,5345.16,5.62
30,994,994,6343.30,7.00,1000,1000,2526.71,2.39,999,999,1616.77,1.39,998,998,5356.39,5.61
40,999,999,6110.35,6.75,1000,1000,2241.58,2.15,1000,1000,1414.89,1.27,1000,1000,6034.40,6.29
40,999,999,6235.26,6.82,1000,1000,2142.88,2.13,1000,1000,1228.21,1.08,1000,1000,5601.46,5.85
40,1000,1000,6166.31,6.68,1000,1000,2093.69,2.00,1000,1000,1217.76,1.02,1000,1000,5728.35,6.00
40,1000,1000,6049.97,6.50,1000,1000,2145.97,2.11,1000,1000,1280.07,1.12,1000,1000,5652.31,5.86
40,997,997,6236.45,6.72,1000,1000,2080.60,2.01,1000,1000,1237.35,1.10,1000,1000,5703.30,5.99
40,999,999,5877.34,6.37,1000,1000,2218.67,2.14,1000,1000,1316.25,1.14,1000,1000,5879.83,6.17
40,998,998,6104.23,6.52,1000,1000,2193.09,2.09,1000,1000,1274.76,1.09,1000,1000,5861.26,6.22
40,999,999,6107.30,6.63,1000,1000,2078.85,1.96,1000,1000,1282.94,1.13,1000,1000,5606.03,5.91
40,997,997,6182.27,6.76,999,999,2205.88,2.15,999,999,1288.76,1.11,1000,1000,5837.05,5.98
40,1000,1000,6193.98,6.78,1000,1000,2089.28,1.99,1000,1000,1161.26,1.00,997,997,5880.19,6.14
40,999,999,6210.28,6.79,1000,1000,2271.49,2.19,1000,1000,1289.67,1.09,999,999,5647.72,5.90
40,1000,1000,6155.15,6.76,1000,1000,2144.56,2.09,1000,1000,1260.75,1.11,999,999,6054.68,6.37
40,1000,1000,6184.13,6.56,1000,1000,2120.62,2.02,1000,1000,1232.11,1.08,1000,1000,5660.25,5.96
40,1000,1000,6026.59,6.50,1000,1000,2026.62,1.93,1000,1000,1240.68,1.06,1000,1000,5764.34,6.26
40,998,998,6089.10,6.55,999,999,2186.47,2.12,1000,1000,1335.39,1.13,1000,1000,5373.76,5.72
40,1000,1000,6107.42,6.71,1000,1000,2127.46,2.11,1000,1000,1205.70,1.08,1000,1000,5478.94,5.97
40,997,997,5967.05,6.36,1000,1000,2177.78,2.10,1000,1000,1190.78,1.00,998,998,5856.37,6.10
40,1000,1000,6212.00,6.75,1000,1000,2100.50,2.03,1000,1000,1255.70,1.05,1000,1000,6072.29,6.19
40,999,999,5961.45,6.49,1000,1000,2224.85,2.16,1000,1000,1276.00,1.11,1000,1000,5981.65,6.24
40,1000,1000,5926.70,6.38,1000,1000,2149.53,2.13,1000,1000,1171.95,1.00,1000,1000,5421.63,5.85
50,1000,1000,6187.15,6.54,1000,1000,1944.08,1.86,1000,1000,1046.67,0.90,999,999,6488.12,6.88
50,999,999,5944.29,6.49,1000,1000,1927.85,1.88,1000,1000,1102.21,0.97,1000,1000,5839.31,6.24
50,999,999,6276.48,6.78,1000,1000,1925.68,1.89,1000,1000,1025.69,0.87,1000,1000,6260.73,6.56
50,1000,1000,6101.00,6.75,1000,1000,1939.85,1.86,1000,1000,1083.85,0.94,1000,1000,6065.01,6.44
50,999,999,6116.69,6.47,1000,1000,1890.03,1.81,1000,1000,1062.63,0.93,999,999,6236.78,6.67
50,999,999,6101.09,6.70,1000,1000,1825.02,1.75,1000,1000,1021.78,0.90,1000,1000,5902.71,6.17
50,1000,1000,6078.11,6.52,1000,1000,1896.59,1.84,1000,1000,994.47,0.86,1000,1000,6395.25,6.70
50,998,998,6122.75,6.64,1000,1000,1918.18,1.86,1000,1000,1050.63,0.91,1000,1000,5975.30,6.29
50,1000,1000,6133.78,6.65,1000,1000,1852.85,1.85,1000,1000,997.74,0.91,1000,1000,6240.18,6.61
50,1000,1000,6095.27,6.63,999,999,1869.80,1.82,1000,1000,1030.02,0.92,1000,1000,6276.76,6.46
50,1000,1000,6005.95,6.46,1000,1000,1929.49,1.90,1000,1000,1064.97,0.94,1000,1000,6248.46,6.58
50,997,997,5924.36,6.36,1000,1000,1904.87,1.86,1000,1000,1045.01,0.91,1000,1000,6150.40,6.46
50,999,999,6241.08,6.79,1000,1000,1944.35,1.89,1000,1000,1089.86,0.97,1000,1000,6275.50,6.47
50,1000,1000,6179.80,6.54,1000,1000,1890.63,1.86,1000,1000,1017.80,0.91,1000,1000,6173.23,6.49
50,999,999,6076.29,6.69,1000,1000,1968.17,1.93,1000,1000,1031.36,0.91,1000,1000,6090.90,6.48
50,999,999,6116.84,6.69,1000,1000,1977.98,1.98,1000,1000,1061.51,0.93,1000,1000,6217.75,6.61
50,1000,1000,6179.33,6.58,1000,1000,1875.05,1.79,1000,1000,1099.08,0.95,1000,1000,6275.10,6.63
50,1000,1000,6302.75,6.75,1000,1000,1887.12,1.84,1000,1000,1037.46,0.89,1000,1000,6206.07,6.60
50,1000,1000,6276.89,6.65,1000,1000,1855.57,1.86,1000,1000,1026.38,0.92,1000,1000,5904.46,6.14
50,1000,1000,6347.47,6.74,1000,1000,1851.55,1.81,1000,1000,1064.43,0.95,1000,1000,6081.66,6.57
60,1000,1000,6092.03,6.52,1000,1000,1725.43,1.70,1000,1000,886.44,0.79,1000,1000,6647.18,7.01
60,1000,1000,6225.32,6.83,1000,1000,1718.20,1.62,1000,1000,943.05,0.80,1000,1000,6532.92,6.82
60,1000,1000,6327.35,7.03,999,999,1647.49,1.59,1000,1000,891.27,0.78,1000,1000,6541.65,6.96
60,1000,1000,6150.70,6.51,1000,1000,1679.47,1.65,1000,1000,864.40,0.78,997,997,6765.32,7.14
60,1000,1000,6084.19,6.64,1000,1000,1749.69,1.73,1000,1000,941.06,0.82,1000,1000,6646.19,7.33
60,1000,1000,6150.00,6.59,1000,1000,1673.75,1.63,1000,1000,888.35,0.78,1000,1000,6291.13,6.66
60,1000,1000,5982.09,6.41,1000,1000,1724.82,1.68,1000,1000,908.81,0.79,1000,1000,6845.22,7.45
60,1000,1000,6120.66,6.74,1000,1000,1750.22,1.66,1000,1000,987.55,0.87,1000,1000,6449.76,6.84
60,1000,1000,5966.39,6.36,1000,1000,1708.28,1.67,1000,1000,856.67,0.75,1000,1000,6520.62,6.93
60,1000,1000,5957.87,6.43,1000,1000,1706.47,1.60,1000,1000,1007.17,0.90,1000,1000,6565.30,7.13
60,1000,1000,5911.21,6.34,1000,1000,1737.02,1.68,1000,1000,969.05,0.85,1000,1000,6456.63,6.88
60,999,999,6023.82,6.55,1000,1000,1755.89,1.70,1000,1000,909.98,0.81,1000,1000,6639.43,7.07
60,1000,1000,5997.35,6.49,1000,1000,1688.64,1.62,1000,1000,937.07,0.80,1000,1000,6845.19,7.25
60,1000,1000,6199.76,6.78,1000,1000,1667.89,1.63,1000,1000,908.41,0.79,1000,1000,6746.61,7.04
60,1000,1000,6075.40,6.51,1000,1000,1687.79,1.62,1000,1000,929.14,0.80,1000,1000,6588.30,6.94
60,1000,1000,6145.43,6.63,1000,1000,1729.02,1.67,1000,1000,930.74,0.81,1000,1000,6607.59,7.21
60,1000,1000,5999.79,6.48,1000,1000,1703.55,1.65,1000,1000,923.71,0.82,1000,1000,6287.23,6.57
60,1000,1000,6188.97,6.70,1000,1000,1749.28,1.67,1000,1000,957.36,0.86,1000,1000,6556.65,6.94
60,1000,1000,6056.96,6.46,1000,1000,1748.16,1.70,1000,1000,955.33,0.82,1000,1000,6215.12,6.60
60,1000,1000,6173.89,6.55,1000,1000,1666.38,1.61,1000,1000,898.48,0.77,1000,1000,6935.40,7.29
70,1000,1000,5993.88,6.40,1000,1000,1604.72,1.59,1000,1000,805.93,0.75,1000,1000,6863.15,7.25
70,1000,1000,6194.22,6.77,1000,1000,1553.66,1.51,1000,1000,798.73,0.71,1000,1000,7038.17,7.50
70,1000,1000,5824.48,6.29,1000,1000,1609.86,1.55,1000,1000,829.70,0.73,1000,1000,6835.82,7.32
70,1000,1000,5903.55,6.42,1000,1000,1514.54,1.44,1000,1000,835.10,0.74,1000,1000,7023.67,7.39
70,1000,1000,5995.94,6.45,1000,1000,1654.92,1.60,1000,1000,865.79,0.76,1000,1000,7042.47,7.47
70,1000,1000,5986.68,6.52,1000,1000,1575.08,1.55,1000,1000,818.24,0.73,1000,1000,6906.61,7.44
70,1000,1000,6100.35,6.54,1000,1000,1504.97,1.48,1000,1000,786.29,0.71,1000,1000,6923.57,7.36
70,1000,1000,6019.69,6.47,1000,1000,1554.20,1.53,1000,1000,824.84,0.73,1000,1000,6863.05,7.33
70,1000,1000,6039.59,6.59,1000,1000,1598.44,1.56,1000,1000,845.42,0.75,1000,1000,7098.25,7.45
70,1000,1000,6066.49,6.61,1000,1000,1619.45,1.57,1000,1000,834.39,0.74,1000,1000,6548.26,6.94
70,1000,1000,5810.55,6.25,1000,1000,1502.03,1.50,1000,1000,794.95,0.70,1000,1000,6889.40,7.40
70,1000,1000,6180.61,6.64,1000,1000,1564.71,1.52,1000,1000,828.99,0.76,1000,1000,6888.98,7.29
70,1000,1000,5874.71,6.45,1000,1000,1551.40,1.50,1000,1000,852.10,0.76,1000,1000,6720.77,7.18
70,1000,1000,6065.05,6.47,1000,1000,1546.92,1.51,1000,1000,854.06,0.77,1000,1000,6904.26,7.39
70,1000,1000,6067.39,6.46,1000,1000,1570.93,1.53,1000,1000,829.52,0.75,1000,1000,6795.12,7.33
70,1000,1000,6040.23,6.44,1000,1000,1551.27,1.54,1000,1000,778.57,0.69,1000,1000,6818.32,7.39
70,1000,1000,6208.19,6.79,1000,1000,1625.57,1.58,1000,1000,875.34,0.77,1000,1000,6870.83,7.34
70,1000,1000,5952.86,6.50,1000,1000,1609.96,1.60,1000,1000,843.57,0.75,1000,1000,6732.41,7.28
70,1000,1000,6007.14,6.72,1000,1000,1536.05,1.45,1000,1000,863.07,0.79,1000,1000,6865.69,7.29
70,1000,1000,6174.51,6.50,1000,1000,1602.70,1.57,1000,1000,819.89,0.72,1000,1000,7001.35,7.23
80,1000,1000,6028.79,6.56,1000,1000,1490.00,1.44,1000,1000,815.44,0.75,1000,1000,7052.09,7.60
80,1000,1000,5853.78,6.34,1000,1000,1475.71,1.43,1000,1000,784.05,0.70,1000,1000,7135.18,7.57
80,1000,1000,6003.05,6.47,1000,1000,1439.05,1.41,1000,1000,755.97,0.67,1000,1000,6969.85,7.24
80,1000,1000,6127.41,6.69,1000,1000,1424.46,1.39,1000,1000,772.42,0.70,1000,1000,6827.15,7.25
80,1000,1000,5975.29,6.46,1000,1000,1478.42,1.39,1000,1000,799.70,0.71,1000,1000,7384.46,8.05
80,1000,1000,6185.34,6.72,1000,1000,1430.75,1.39,1000,1000,738.59,0.66,1000,1000,6996.21,7.53
80,1000,1000,6123.18,6.66,1000,1000,1428.75,1.39,1000,1000,748.71,0.67,1000,1000,7163.22,7.71
80,1000,1000,6138.70,6.61,1000,1000,1410.04,1.36,1000,1000,749.90,0.68,1000,1000,6759.05,7.22
80,1000,1000,6224.82,6.67,1000,1000,1381.67,1.34,1000,1000,721.05,0.66,1000,1000,6991.98,7.46
80,1000,1000,6004.68,6.42,1000,1000,1456.84,1.42,1000,1000,772.87,0.70,1000,1000,7104.42,7.44
80,1000,1000,6048.11,6.50,1000,1000,1427.91,1.37,1000,1000,739.55,0.67,1000,1000,7039.71,7.46
80,1000,1000,6003.41,6.42,1000,1000,1533.54,1.47,1000,1000,802.78,0.71,1000,1000,7265.25,7.80
80,1000,1000,6172.36,6.59,1000,1000,1420.60,1.37,1000,1000,777.34,0.71,1000,1000,7073.19,7.47
80,1000,1000,6115.56,6.70,1000,1000,1489.31,1.43,1000,1000,788.48,0.69,1000,1000,7336.40,7.84
80,1000,1000,5853.88,6.36,1000,1000,1436.48,1.43,1000,1000,756.48,0.69,1000,1000,7033.16,7.54
80,1000,1000,6050.42,6.41,1000,1000,1466.12,1.43,1000,1000,823.26,0.75,1000,1000,7698.19,8.11
80,1000,1000,5942.28,6.47,1000,1000,1437.21,1.40,1000,1000,728.21,0.66,1000,1000,6995.60,7.49
80,1000,1000,6164.16,6.59,1000,1000,1450.04,1.40,1000,1000,781.83,0.71,1000,1000,6899.72,7.39
80,1000,1000,6003.05,6.52,1000,1000,1443.97,1.39,1000,1000,760.26,0.69,1000,1000,7071.00,7.58
80,1000,1000,6035.25,6.55,1000,1000,1438.77,1.42,1000,1000,722.04,0.65,1000,1000,7136.68,7.64
90,1000,1000,5880.91,6.38,1000,1000,1343.47,1.33,1000,1000,691.50,0.64,1000,1000,7174.84,7.66
90,1000,1000,5883.61,6.32,1000,1000,1340.03,1.29,1000,1000,714.50,0.65,1000,1000,7531.13,8.05
90,1000,1000,6032.02,6.63,1000,1000,1337.02,1.28,1000,1000,719.37,0.66,1000,1000,7095.35,7.57
90,1000,1000,6020.01,6.47,1000,1000,1368.02,1.33,1000,1000,733.10,0.66,1000,1000,7599.99,8.02
90,1000,1000,5913.43,6.32,1000,1000,1349.53,1.30,1000,1000,698.33,0.64,1000,1000,7107.21,7.47
90,1000,1000,5984.63,6.54,1000,1000,1349.25,1.29,1000,1000,723.30,0.66,1000,1000,7350.45,7.80
90,1000,1000,6122.04,6.62,1000,1000,1351.79,1.33,1000,1000,721.12,0.66,1000,1000,7115.95,7.59
90,1000,1000,6048.23,6.49,1000,1000,1391.85,1.36,1000,1000,722.45,0.66,1000,1000,7414.91,7.94
90,1000,1000,6068.78,6.57,1000,1000,1338.24,1.30,1000,1000,709.62,0.65,1000,1000,7242.24,7.78
90,1000,1000,6125.06,6.54,1000,1000,1310.84,1.28,1000,1000,689.70,0.64,1000,1000,7268.31,7.73
90,1000,1000,6136.16,6.69,1000,1000,1384.65,1.36,1000,1000,744.91,0.67,1000,1000,7223.73,7.67
90,1000,1000,6141.91,6.68,1000,1000,1351.14,1.33,1000,1000,687.19,0.64,1000,1000,7072.58,7.50
90,1000,1000,6003.97,6.49,1000,1000,1370.55,1.35,1000,1000,707.41,0.65,1000,1000,7416.75,7.93
90,1000,1000,6033.22,6.49,1000,1000,1344.94,1.31,1000,1000,690.23,0.64,1000,1000,7373.35,7.87
90,1000,1000,5993.00,6.40,1000,1000,1384.66,1.36,1000,1000,682.70,0.63,1000,1000,7232.82,7.69
90,1000,1000,6075.62,6.58,1000,1000,1380.79,1.35,1000,1000,737.21,0.68,1000,1000,7153.45,7.80
90,1000,1000,5902.94,6.29,1000,1000,1374.47,1.33,1000,1000,715.91,0.65,1000,1000,7436.04,7.97
90,1000,1000,6106.08,6.58,1000,1000,1387.62,1.38,1000,1000,704.19,0.64,1000,1000,7135.50,7.66
90,1000,1000,6182.11,6.73,1000,1000,1364.70,1.33,1000,1000,734.87,0.67,1000,1000,7512.44,7.97
90,1000,1000,6057.10,6.55,1000,1000,1325.27,1.26,1000,1000,697.79,0.64,1000,1000,7589.60,7.98
100,1000,1000,5991.18,6.44,1000,1000,1289.59,1.25,1000,1000,692.14,0.65,1000,1000,7201.48,7.75
100,1000,1000,5940.02,6.27,1000,1000,1247.95,1.20,1000,1000,676.98,0.61,1000,1000,7485.16,7.97
100,1000,1000,6165.18,6.64,1000,1000,1246.48,1.20,1000,1000,672.27,0.63,1000,1000,7571.59,7.97
100,1000,1000,5808.38,6.35,1000,1000,1309.57,1.27,1000,1000,709.77,0.64,1000,1000,7434.26,7.92
100,1000,1000,5935.11,6.40,1000,1000,1283.54,1.25,1000,1000,674.00,0.62,1000,1000,7337.11,7.82
100,1000,1000,5973.04,6.36,1000,1000,1304.77,1.25,1000,1000,713.77,0.66,1000,1000,7506.22,8.05
100,1000,1000,5977.72,6.36,1000,1000,1285.55,1.25,1000,1000,704.42,0.66,1000,1000,7469.72,7.98
100,1000,1000,6024.65,6.49,1000,1000,1214.88,1.16,1000,1000,687.02,0.62,1000,1000,7619.76,7.95
100,1000,1000,5926.84,6.50,1000,1000,1231.15,1.18,1000,1000,661.90,0.61,1000,1000,7621.33,8.12
100,1000,1000,5941.23,6.42,1000,1000,1216.82,1.19,1000,1000,622.97,0.57,1000,1000,7605.11,8.14
100,1000,1000,6057.35,6.55,1000,1000,1262.73,1.23,1000,1000,663.39,0.62,1000,1000,7627.50,8.01
100,1000,1000,5965.89,6.51,1000,1000,1286.86,1.22,1000,1000,739.25,0.67,1000,1000,7654.27,8.20
100,1000,1000,5747.24,6.20,1000,1000,1273.36,1.23,1000,1000,662.09,0.62,1000,1000,7800.89,8.19
100,1000,1000,5874.36,6.35,1000,1000,1224.30,1.18,1000,1000,668.50,0.62,1000,1000,7505.17,8.01
100,1000,1000,6026.53,6.57,1000,1000,1298.94,1.27,1000,1000,704.24,0.64,1000,1000,7270.87,7.68
100,1000,1000,6275.40,6.68,1000,1000,1254.19,1.21,1000,1000,658.84,0.62,1000,1000,7596.92,7.99
100,1000,1000,5972.18,6.36,1000,1000,1234.96,1.20,1000,1000,651.59,0.60,1000,1000,7601.43,7.92
100,1000,1000,6135.05,6.57,1000,1000,1280.34,1.22,1000,1000,679.17,0.63,1000,1000,7449.38,7.90
100,1000,1000,6092.53,6.58,1000,1000,1305.08,1.28,1000,1000,683.57,0.62,1000,1000,7812.65,8.26
100,1000,1000,5904.82,6.40,1000,1000,1277.72,1.25,1000,1000,673.03,0.62,1000,1000,7611.78,8.02
