1,152,152,944.65,6.66,168,168,891.92,5.37,184,184,911.83,5.05,194,194,883.61,4.95
1,190,190,1233.14,7.59,219,219,1190.44,5.74,217,217,1123.97,5.16,234,234,1189.26,5.26
1,168,168,1139.3,7.39,191,191,1088.06,5.68,208,208,987.08,4.59,220,220,1007.23,4.48
1,163,163,1015.04,6.83,178,178,1041.85,5.85,189,189,1037.62,5.71,198,198,1012.83,5.1
1,155,155,1041.03,7.01,172,172,1021.86,6.13,178,178,902.87,4.84,181,181,916.15,4.89
1,204,204,1284.97,6.53,223,223,1223.42,5.64,237,237,1129.84,4.7,232,232,1178.21,5.36
1,187,187,1244.34,7.12,208,208,1157.59,5.61,210,210,1048.25,4.7,218,218,1116.2,4.86
1,173,173,1163.96,7.56,177,177,1170.19,7.13,190,190,1096.78,5.83,212,212,1098.95,5.11
1,177,177,1151.18,6.63,198,198,1085.15,5.54,208,208,1053.35,5.09,200,200,1013.48,5.36
1,189,189,1239.28,6.96,195,195,1163.67,6.18,205,205,1165.06,5.82,220,220,1113.64,5.17
1,212,212,1326.39,6.64,229,229,1262.89,5.33,235,235,1193.29,4.86,250,250,1232.57,4.8
1,176,176,1250.29,7.22,197,197,1197.41,6.05,212,212,1158.46,5.48,220,220,1138.74,4.99
1,188,188,1157.5,6.57,208,208,1154.52,5.72,222,222,1072.12,4.98,231,231,994.74,4.43
1,130,130,855.58,6.74,151,151,905.47,6.16,158,158,831.15,5.47,168,168,876.08,5.26
1,159,159,1086.23,7.24,176,176,1002.67,6.01,193,193,1023.04,5.24,200,200,1067.63,5.47
1,198,198,1248.13,7.09,213,213,1167.64,5.71,229,229,1183.22,5.33,241,241,1168.87,4.75
1,151,151,1070.76,8.03,169,169,935.4,5.87,182,182,1010.14,5.63,184,184,989.62,5.44
1,137,137,986.69,7.62,171,171,980.07,5.71,182,182,928.82,5.07,193,193,948.45,4.93
1,189,189,1262.56,6.7,233,233,1233.48,5.32,233,233,1176.39,5.14,242,242,1316.18,5.52
1,200,200,1267.91,6.6,229,229,1244.97,5.41,235,235,1205.42,5.15,237,237,1251.62,5.31
2,286,286,1857.62,6.67,316,316,1804.81,6.08,322,322,1789.72,5.96,330,330,1737.56,5.54
2,275,275,1860.36,7.32,318,318,1784.69,5.77,345,345,1797.7,5.38,350,350,1771.68,5.37
2,333,333,2159.35,6.85,365,365,2089.03,6.02,390,390,1893.84,4.84,354,354,1951.43,5.67
2,277,277,1823.27,7.13,302,302,1859.56,6.39,329,329,1766.43,5.39,354,354,1776.56,4.97
2,323,323,2106.63,6.8,367,367,1995.53,5.62,399,399,1970.73,5.11,390,390,2002.95,5.17
2,283,283,1876.53,7.03,314,314,1785.91,6.01,331,331,1742.82,5.3,342,342,1777.23,5.48
2,337,337,2020.65,6.58,371,371,1983.83,5.56,370,370,1859.77,5.12,376,376,1956.83,5.35
2,340,340,2202.83,6.92,385,385,2096.85,5.66,392,392,1929.1,4.94,411,411,2142.84,5.35
2,311,311,2114.65,7.19,358,358,2055.6,6.09,374,374,1938.23,5.45,375,375,2008.45,5.63
2,313,313,1986.75,6.8,344,344,1944.09,5.97,367,367,1801.12,5.08,359,359,1821.35,5.47
2,345,345,2185.96,6.63,365,365,2027.71,5.62,397,397,1889.07,4.63,406,406,1946.06,4.96
2,295,295,2068.09,7.46,349,349,1937.35,5.72,355,355,1874.52,5.56,360,360,1876.74,5.56
2,319,319,2168.75,7.5,385,385,2109.12,5.42,410,410,2056.58,5.1,380,380,2024.93,5.46
2,284,284,1768.39,6.7,303,303,1734.53,5.74,317,317,1657.56,5.21,325,325,1661.86,5.33
2,303,303,1975.47,6.87,355,355,1868.85,5.45,357,357,1913.05,5.58,357,357,1864.58,5.21
2,277,277,1789.85,7.09,322,322,1748.05,5.65,329,329,1671.57,5.31,342,342,1787.39,5.46
2,347,347,2238.74,6.88,387,387,2132.39,5.57,418,418,2004.24,4.9,405,405,1971.09,4.91
2,290,290,1913.34,6.99,324,324,1763.41,5.77,363,363,1817.79,5.08,375,375,1830.62,4.97
2,284,284,1930.78,7.32,326,326,1868.84,5.91,351,351,1819.17,5.04,361,361,1848.29,5.43
2,297,297,2054.96,7.28,340,340,1943.26,5.7,354,354,1828.66,5.23,390,390,1842.37,4.85
3,391,391,2638.19,7.29,444,444,2541.05,5.91,472,472,2396.6,4.98,478,478,2428.56,5
3,397,397,2505.7,6.89,464,464,2571.32,5.63,477,477,2309.88,5.05,490,490,2402.08,4.85
3,376,376,2492.93,7.15,419,419,2379.65,5.84,459,459,2369.78,5.05,452,452,2345.17,5.34
3,459,459,2961.63,6.73,503,503,2805.04,5.61,540,540,2576.13,4.75,546,546,2693.57,4.89
3,439,439,3004.04,7.19,498,498,2725.68,5.42,522,522,2548.87,4.83,515,515,2669.37,5.27
3,437,437,2827.42,6.66,470,470,2612.73,5.7,500,500,2528.67,5.11,502,502,2687.91,5.45
3,429,429,2799.07,7.07,462,462,2644.56,5.94,495,495,2462.83,4.94,486,486,2556.08,5.57
3,420,420,2829.38,7.59,458,458,2541.49,5.88,477,477,2359.62,5.18,476,476,2372.4,5.22
3,392,392,2645.51,7.17,429,429,2426.37,5.74,468,468,2414.93,5.2,462,462,2464.42,5.34
3,406,406,2633.78,6.86,466,466,2479.74,5.31,479,479,2293.44,4.83,485,485,2400.73,4.97
3,399,399,2730.11,7.37,455,455,2507.92,5.67,488,488,2411.63,4.92,483,483,2532.27,5.27
3,416,416,2624.08,6.69,459,459,2488.47,5.51,505,505,2432.96,4.82,518,518,2487.35,4.97
3,408,408,2684.92,7.06,464,464,2586.28,5.86,470,470,2393.18,5.19,478,478,2316.66,4.93
3,387,387,2486.17,6.88,439,439,2313.49,5.43,445,445,2183.02,5.05,446,446,2226.26,5.27
3,401,401,2665.91,7.08,445,445,2530.54,6,460,460,2441.25,5.41,460,460,2557.48,5.65
3,399,399,2652.66,7.19,468,468,2399.22,5.25,466,466,2197.36,4.64,477,477,2422.89,5.24
3,417,417,2844.15,7.33,481,481,2679.23,5.65,516,516,2446.75,4.68,519,519,2649.1,5.23
3,422,422,2723.25,6.75,481,481,2555.14,5.46,504,504,2323.52,4.68,510,510,2383.39,4.95
3,392,392,2497.12,6.62,444,444,2395.15,5.52,494,494,2376.73,4.83,488,488,2509.42,5.27
3,379,379,2518.39,7.24,430,430,2401.18,5.95,451,451,2342.1,5.3,468,468,2417.11,5.22
4,494,494,3200.42,6.96,538,538,3005.22,5.76,588,588,2754.23,4.73,578,578,2973.23,5.21
4,497,497,3251.66,6.93,572,572,3060.42,5.31,577,577,2771.62,4.82,588,588,3112.28,5.4
4,505,505,3342.13,7.11,576,576,3094.07,5.52,608,608,2685.49,4.19,609,609,2893.49,4.69
4,484,484,3255.83,7.18,557,557,2875.56,5.45,588,588,2756.63,4.79,576,576,3042.69,5.4
4,490,490,3167.5,6.94,550,550,3018.49,5.54,573,573,2740.07,4.93,586,586,2866.16,4.92
4,478,478,3199.18,7.09,559,559,2962.68,5.25,585,585,2732.95,4.65,572,572,2905.42,5.25
4,499,499,3136.66,6.71,556,556,3097.86,5.7,584,584,2775.82,4.87,622,622,3022.43,4.9
4,476,476,3138.37,6.98,533,533,2900.81,5.61,578,578,2797.68,4.88,570,570,2891.86,5.21
4,492,492,3307.61,7.4,573,573,3063.88,5.51,579,579,2840.04,4.91,613,613,3103.53,5.38
4,509,509,3256.62,6.86,559,559,3064.78,5.82,604,604,2865.19,4.76,606,606,2980.09,5.03
4,492,492,3267.34,7.07,580,580,3108.2,5.44,628,628,2793.68,4.24,607,607,3077.15,5.2
4,477,477,3142.09,6.93,534,534,2918.34,5.54,574,574,2764.54,4.87,561,561,2743.57,5.03
4,497,497,3239.24,7.13,581,581,2960.2,5.19,604,604,2860.05,4.57,570,570,3051.08,5.31
4,502,502,3256.21,6.87,550,550,3048.74,5.8,604,604,2823.66,4.65,618,618,3210,5.53
4,510,510,3340.28,7.03,563,563,3059.52,5.67,585,585,2808.06,4.89,608,608,3190.47,5.51
4,487,487,3312.96,7.22,547,547,3099.48,5.93,569,569,2807.08,4.99,579,579,3072.53,5.19
4,495,495,3386.09,7.13,551,551,3221.31,6.07,592,592,2935.65,5.14,604,604,3159.77,5.59
4,459,459,2995.81,6.9,528,528,2921.81,5.81,543,543,2780.61,5.29,563,563,2987.97,5.46
4,519,519,3404.33,6.94,589,589,3177.93,5.21,628,628,2959.62,4.58,600,600,3292.54,5.68
4,492,492,3342.59,7.13,537,537,3090.91,5.99,576,576,2846.93,4.94,549,549,3001.68,5.78
5,551,551,3802.54,7.51,645,645,3384.45,5.23,661,661,3029.45,4.5,668,668,3428.4,5.13
5,561,561,3664.82,6.87,666,666,3604.58,5.78,680,680,3249.05,4.85,673,673,3264.32,4.94
5,569,569,3862.25,7.06,657,657,3483.29,5.4,680,680,3168.31,4.7,681,681,3469.13,5.23
5,578,578,3915.32,7.42,676,676,3550.65,5.48,697,697,3195.17,4.46,704,704,3486.2,5.37
5,580,580,3792.57,7.03,629,629,3390.41,5.69,670,670,3269.01,5.16,689,689,3500.19,5.38
5,581,581,3864.23,7.28,654,654,3467.66,5.29,687,687,3152.02,4.65,679,679,3366.97,5.25
5,594,594,3819.38,7.02,665,665,3471.55,5.29,726,726,3100.68,4.15,695,695,3650.89,5.64
5,603,603,3980.62,7.03,650,650,3530.3,5.64,696,696,3368.53,5,703,703,3596.49,5.46
5,584,584,3802.58,6.9,661,661,3373.42,5.22,687,687,3148.55,4.57,690,690,3678.65,5.46
5,561,561,3756.94,7.25,635,635,3361.04,5.45,677,677,3153.03,4.66,668,668,3327.83,5.46
5,593,593,3949.46,7.15,680,680,3589.64,5.31,722,722,3287.23,4.43,691,691,3515.4,5.31
5,568,568,3752.06,7.17,650,650,3532.55,5.64,689,689,3126.28,4.5,710,710,3553.79,5.19
5,552,552,3710.79,7.23,632,632,3407.98,5.8,672,672,3082.46,4.68,663,663,3386.4,5.27
5,581,581,3898.11,7.27,686,686,3565.61,5.24,708,708,3194.66,4.54,710,710,3483.49,4.97
5,549,549,3721,7.42,634,634,3419.47,5.57,685,685,3234.57,5.05,663,663,3518.6,5.63
5,591,591,3875.34,7.06,671,671,3591.89,5.41,703,703,3316.79,4.62,707,707,3565.71,5.27
5,566,566,3749.89,7.05,645,645,3478.87,5.37,661,661,3071.09,4.64,677,677,3431.3,5.36
5,580,580,3851.74,7.26,658,658,3502.22,5.42,679,679,3119.08,4.56,679,679,3439.79,5.34
5,585,585,3818.52,7.17,657,657,3512.43,5.38,682,682,3286.71,5.09,663,663,3597.84,5.59
5,581,581,3805.92,6.95,661,661,3423.04,5.27,691,691,3235.67,4.59,693,693,3543.12,5.24
6,632,632,4156.5,7.16,704,704,3613.1,5.31,755,755,3278.54,4.46,725,725,3731.63,5.25
6,672,672,4370.4,6.83,750,750,3756.73,5.1,758,758,3207.79,4.37,736,736,3903.49,5.66
6,632,632,4240.96,7.2,750,750,3902.77,5.27,757,757,3458.79,4.46,756,756,3772.89,5.3
6,660,660,4314.33,7,748,748,3844.85,5.15,790,790,3541.3,4.54,749,749,3781.88,5.25
6,650,650,4273.31,7.09,752,752,3895.22,5.29,769,769,3322.01,4.42,752,752,4000.77,5.88
6,641,641,4167.51,7.02,714,714,3675.02,5.21,749,749,3319.21,4.21,749,749,3664.94,4.92
6,650,650,4349.9,7.32,753,753,3871.69,5.33,800,800,3447.37,4.51,759,759,3730.66,5.24
6,653,653,4332.89,7,737,737,3681.22,4.97,771,771,3267.09,4.19,768,768,3784.77,5.05
6,651,651,4339.09,7.18,728,728,3684.56,5.22,747,747,3322.07,4.36,745,745,3759.84,5.43
6,646,646,4311.19,7.15,741,741,3812.1,5.15,762,762,3283.34,4.13,767,767,3776.54,4.97
6,660,660,4400.34,7.25,729,729,3754.95,5.16,776,776,3475.67,4.48,743,743,3958.29,5.75
6,668,668,4506.53,7.35,735,735,3810.78,5.38,786,786,3318.15,4.24,789,789,3875.75,5.15
6,639,639,4283.92,7.04,732,732,3867.08,5.47,753,753,3461.27,4.77,735,735,3890.94,5.36
6,651,651,4417.59,7.25,741,741,3960.65,5.42,777,777,3462.81,4.41,751,751,4073.56,5.86
6,658,658,4306.96,6.87,711,711,3730.04,5.41,741,741,3309.26,4.38,719,719,3844.67,5.55
6,640,640,4345.59,6.95,723,723,3768.09,5.46,753,753,3334.21,4.38,763,763,3824.72,5.21
6,620,620,4165.07,7.15,723,723,3794.33,5.12,739,739,3304.38,4.39,726,726,3829.53,5.45
6,656,656,4447.79,7.5,738,738,3851.76,5.38,769,769,3328.4,4.23,768,768,3755.59,4.78
6,629,629,4145.93,7.16,707,707,3659.92,5.14,752,752,3316.2,4.32,744,744,3840.46,5.26
6,634,634,4286.95,7.26,731,731,3880.02,5.26,755,755,3497.16,4.7,728,728,3838.03,5.52
7,716,716,4795.86,7.11,812,812,3900.15,4.73,822,822,3375.78,3.94,810,810,4202.98,5.31
7,717,717,4741.47,7.17,791,791,4020.99,5.22,829,829,3455.14,4.1,813,813,3925.28,4.93
7,702,702,4544.77,6.83,780,780,3948.33,5.23,807,807,3507.59,4.32,781,781,4101.69,5.81
7,695,695,4578.74,7.14,782,782,3766.48,4.83,834,834,3373.36,4.13,804,804,3974.21,5.18
7,743,743,5002.51,7.02,822,822,3821.25,4.6,854,854,3432.53,3.85,835,835,4254.06,5.54
7,713,713,4719.16,7.22,818,818,4161.11,5.12,841,841,3487.16,4.19,822,822,4143.73,5.12
7,718,718,4870.06,7.45,788,788,4011.7,5.33,828,828,3546.69,4.13,793,793,4022.52,5.25
7,729,729,4899.88,7.12,801,801,4169.31,5.1,842,842,3568.07,4.09,808,808,4224.46,5.46
7,726,726,4932.75,7.2,826,826,4070.03,5.11,848,848,3474.48,4.05,815,815,4080.97,5.28
7,718,718,4735.39,7.18,785,785,3828.56,5.02,830,830,3374.94,4.1,787,787,3987.43,5.33
7,735,735,4980.39,7.14,825,825,4092.95,4.9,862,862,3457.17,3.91,820,820,4488.79,5.66
7,700,700,4863.82,7.48,793,793,3673.99,4.66,829,829,3252.06,3.8,796,796,4141,5.35
7,738,738,4958.58,7.16,827,827,4129.38,5.09,856,856,3541.39,4.21,844,844,4219.46,5.35
7,706,706,4797.14,7.19,790,790,3955.59,5.28,850,850,3518.87,4.04,811,811,4019.42,5.15
7,707,707,4667.61,7.05,804,804,3987.33,4.91,836,836,3391.92,3.88,808,808,4046.46,5.29
7,698,698,4649.56,7.17,802,802,3968.19,5.11,841,841,3532.22,4.18,820,820,4003.87,5.09
7,727,727,4846.54,7.15,793,793,4076.71,5.27,837,837,3426.1,3.96,819,819,4332.86,5.52
7,703,703,4609.59,7,787,787,3884.76,5.11,838,838,3317.86,3.85,814,814,4097.62,5.24
7,680,680,4553.58,7.11,800,800,3967.98,5.05,812,812,3481.51,4.15,811,811,3980.04,5.06
7,694,694,4655.4,7.31,773,773,4042.33,5.55,816,816,3431.55,4.11,817,817,3976.77,4.95
8,797,797,5179.56,6.91,854,854,4138.43,4.73,893,893,3526.08,3.99,882,882,4498.3,5.5
8,780,780,5214.8,7.25,862,862,4003.41,4.62,879,879,3468.95,3.81,867,867,4170.96,5.03
8,742,742,4979.67,7.23,849,849,4093.81,4.87,871,871,3459.88,3.93,853,853,4240.37,5.3
8,775,775,5164.28,7.25,856,856,4097.17,4.76,888,888,3423.29,3.63,866,866,4348.39,5.24
8,782,782,5085.83,6.96,863,863,4067.8,4.65,885,885,3328.94,3.82,879,879,4110.28,4.91
8,770,770,4974.33,6.86,856,856,4044.44,4.9,871,871,3295.8,3.83,843,843,4116.94,5.26
8,760,760,5159.91,7.15,857,857,4014.04,4.65,894,894,3601.62,3.94,884,884,4428.16,5.36
8,760,760,5125.23,7.13,849,849,4167.32,4.87,871,871,3437.95,3.82,856,856,4195.55,5.19
8,778,778,5057.24,6.85,840,840,4174.85,4.99,882,882,3503.79,3.99,846,846,4308.88,5.58
8,757,757,5014.15,7.17,853,853,3993.32,4.45,872,872,3484.07,3.82,862,862,4194.07,4.88
8,754,754,5007.9,6.97,819,819,3967.54,4.78,848,848,3458.64,4.15,824,824,4377.36,5.74
8,774,774,5095.43,6.83,860,860,4082.18,4.62,894,894,3531.64,3.83,857,857,4485.99,5.46
8,761,761,4943.66,6.91,847,847,4067.48,4.77,887,887,3388.07,3.61,866,866,4295.05,5.31
8,772,772,5251.7,7.25,861,861,4075.6,4.77,868,868,3363.09,3.73,858,858,4513.51,5.61
8,738,738,4898.4,7.26,840,840,3971.18,4.64,874,874,3434.58,3.96,864,864,4267.12,5.57
8,769,769,5096.55,7.05,867,867,4089.36,4.6,889,889,3376.49,3.49,881,881,4335.77,5.02
8,766,766,5160.56,7.16,852,852,3986.35,4.6,864,864,3439.67,3.85,840,840,3883.09,4.83
8,773,773,5064.57,6.92,835,835,4030.33,5.07,879,879,3385.61,3.97,852,852,4155.08,5.09
8,763,763,5069.66,7.18,868,868,4116.35,4.84,898,898,3556.79,3.91,880,880,4370.47,5.37
8,746,746,4962.28,7.23,823,823,3923.65,4.76,879,879,3366.06,3.7,851,851,4468.53,5.59
9,789,789,5335.6,7.38,851,851,3998.73,4.79,898,898,3364.35,3.68,885,885,4523.55,5.39
9,831,831,5673.62,7.41,892,892,4067.95,4.61,908,908,3138.63,3.23,890,890,4362.3,5.08
9,810,810,5502.76,7.33,900,900,4091.05,4.59,919,919,3555.21,3.77,886,886,4486.68,5.27
9,809,809,5502.18,7.19,887,887,4256.4,4.99,929,929,3485.9,3.67,892,892,4345,5.06
9,821,821,5483.63,7.29,897,897,4060.85,4.61,931,931,3240.3,3.24,907,907,4564.14,5.15
9,825,825,5436.84,7.04,891,891,4008,4.6,932,932,3398.15,3.51,909,909,4429.99,5.29
9,793,793,5477.82,7.24,903,903,4095.06,4.51,932,932,3326.89,3.39,900,900,4376.21,5.04
9,826,826,5466.23,7.06,900,900,4037.84,4.45,926,926,3396.49,3.53,924,924,4363.38,4.92
9,819,819,5557.75,7.31,893,893,4162.64,4.6,922,922,3571.56,3.63,902,902,4484.3,5.18
9,808,808,5537.74,7.32,898,898,4136.11,4.67,916,916,3449.71,3.73,900,900,4367.07,5.18
9,792,792,5335.08,7.25,897,897,4199.96,4.81,916,916,3389.95,3.61,891,891,4388.61,5.19
9,814,814,5400.74,6.98,883,883,4073.08,4.54,913,913,3459.66,3.78,897,897,4588.75,5.37
9,806,806,5228.67,7.21,902,902,4046.59,4.6,927,927,3409.53,3.59,926,926,4301.38,4.84
9,780,780,5398.78,7.23,897,897,4159.89,4.54,918,918,3466.05,3.67,877,877,4476.63,5.31
9,791,791,5263.11,7,889,889,4142.57,4.71,920,920,3561.57,3.88,893,893,4273.53,5.02
9,792,792,5258.91,7.17,881,881,3972.58,4.55,916,916,3393.97,3.56,887,887,4392.71,5.06
9,814,814,5525.58,7.3,894,894,4174.94,4.62,918,918,3320.64,3.36,886,886,4381.1,5.34
9,806,806,5363.39,7.08,884,884,4010.59,4.45,922,922,3251.27,3.28,905,905,4316.82,5.01
9,819,819,5327.95,7.12,878,878,3883.83,4.45,911,911,3286.87,3.52,868,868,4208.96,4.99
9,800,800,5386.07,7.21,866,866,3983.77,4.39,899,899,3506.83,3.82,878,878,4299.83,5.16
10,850,850,5561.82,6.98,924,924,4035.92,4.35,950,950,3254.91,3.2,930,930,4199.45,4.65
10,841,841,5691.91,7.18,913,913,4167.66,4.61,945,945,3166.97,3.05,926,926,4484.13,5.08
10,855,855,5584.83,6.97,908,908,4013.7,4.56,936,936,3184.16,3.13,904,904,4466.32,5.15
10,858,858,5704.83,7.07,923,923,3853.71,4.1,925,925,3127.88,3.11,922,922,4662.34,5.18
10,837,837,5425.77,6.85,917,917,4036.66,4.44,925,925,3315.53,3.38,891,891,4493.2,5.3
10,847,847,5683.7,7.26,908,908,4200.87,4.53,926,926,3299.19,3.59,914,914,4400.24,5.11
10,879,879,5764.77,6.93,938,938,4079.57,4.38,948,948,3201.24,3.23,928,928,4337.05,4.95
10,832,832,5708.06,7.13,921,921,4266.21,4.65,939,939,3281.34,3.33,893,893,4512.61,5.38
10,845,845,5528.06,7.06,896,896,3924.3,4.26,945,945,3249.92,3.31,910,910,4337.81,5.15
10,858,858,5713.09,7.07,933,933,4169.09,4.38,950,950,3276.94,3.29,935,935,4330.25,4.67
10,822,822,5528.42,7.18,920,920,4227.78,4.53,937,937,3260.38,3.17,916,916,4400.88,4.83
10,823,823,5546.64,7.15,913,913,4218.2,4.58,936,936,3267.43,3.23,919,919,4479.4,4.96
10,848,848,5704.76,7.39,912,912,4037.21,4.33,927,927,3118.34,3.25,930,930,4573.94,5.22
10,849,849,5609.55,6.85,918,918,4141.86,4.4,947,947,3253.17,3.33,923,923,4523.03,5.03
10,838,838,5457.78,7.04,930,930,4066.87,4.24,953,953,3117.19,3.03,927,927,4356.87,4.73
10,870,870,5688.77,7.11,916,916,3957.1,4.35,938,938,3082.92,3.17,933,933,4504.51,4.89
10,837,837,5530.88,7.1,910,910,4102.89,4.54,933,933,3204.94,3.3,908,908,4238.36,4.89
10,840,840,5477.54,6.97,912,912,3947.92,4.28,925,925,3116.45,3.11,911,911,4386.59,5.03
10,864,864,5895.6,7.29,933,933,4195.14,4.48,936,936,3261.28,3.32,922,922,4487.6,5.11
10,855,855,5550.59,6.82,924,924,4021.97,4.33,947,947,3104.35,3.14,904,904,4224.79,4.88
11,871,871,5834.76,7.21,947,947,4155.52,4.21,963,963,3196.5,3.09,943,943,4291.66,4.77
11,854,854,5634.59,7.03,920,920,4047.24,4.31,930,930,3195.45,3.34,923,923,4722.77,5.33
11,872,872,5970.75,7.36,932,932,3942.65,4.17,965,965,3061.02,2.96,930,930,4460.27,5.05
11,875,875,5821.66,7.27,944,944,3898.31,4.11,955,955,2991.05,2.91,934,934,4531.43,5.36
11,889,889,5856.98,7.24,945,945,3910.84,4.14,958,958,2846.19,2.93,955,955,4708.57,5.2
11,860,860,5588.69,7.19,926,926,4006.57,4.21,957,957,3263.93,3.21,933,933,4652.18,5.53
11,875,875,5867.29,6.94,943,943,4155.13,4.35,943,943,3135.33,3.22,938,938,4554.82,5.06
11,869,869,5816.47,7.16,933,933,3952.15,4.33,954,954,3032.14,2.93,944,944,4788.84,5.37
11,857,857,5760.61,7.2,938,938,4007.88,4.22,957,957,3121.71,3.15,932,932,4497.22,5.11
11,875,875,5931.58,7.17,936,936,3937.26,4.17,957,957,2924.07,2.78,935,935,4490.99,5.05
11,882,882,5735.77,6.73,930,930,4008.23,4.13,951,951,2900.82,2.79,943,943,4370.57,4.78
11,876,876,5891.44,7.3,950,950,4045.33,4.28,955,955,3090.18,3.09,945,945,4422.47,5.19
11,883,883,5935.27,7.4,950,950,3947.03,4.05,962,962,3041.67,2.89,938,938,4761.65,5.39
11,881,881,5816.32,7.11,940,940,3825.71,4,947,947,3084.15,3.07,937,937,4418.9,4.92
11,891,891,5930.01,7.3,944,944,3991.2,4.22,973,973,3001.98,2.76,944,944,4541.32,5.07
11,876,876,5928.94,7.2,944,944,4195.68,4.52,956,956,3204.77,3.13,947,947,4716.7,5.35
11,875,875,5724.76,6.93,946,946,3892.22,4.03,971,971,2812.91,2.63,950,950,4181.78,4.57
11,887,887,5995.71,7.16,935,935,4142.66,4.36,961,961,3305.47,3.36,941,941,4435.08,5.12
11,902,902,5904.36,6.91,943,943,3987.04,4.16,968,968,3013.95,2.88,953,953,4250.52,4.84
11,870,870,5891.1,7.44,937,937,4117.79,4.25,974,974,3093.52,2.98,931,931,4457.32,4.89
12,895,895,6112.53,7.44,945,945,3893.64,4,958,958,2852.72,2.73,948,948,4725.08,5.14
12,913,913,6063.9,7.17,961,961,4104.69,4.15,964,964,3192.39,3.17,941,941,4543.33,5.02
12,887,887,5828.15,7.02,957,957,3851.36,3.96,974,974,2901.09,2.72,958,958,4400.6,4.74
12,906,906,6100.74,7.06,963,963,3771.24,3.72,974,974,2817.94,2.61,943,943,4627.98,5.4
12,891,891,6032.98,7.24,961,961,3884.01,3.9,976,976,2846.51,2.59,955,955,4738.65,5.15
12,892,892,5960.23,7.14,950,950,3953,3.99,951,951,2922.45,2.93,955,955,4429.61,4.82
12,902,902,6014.73,7.08,952,952,3880.15,3.98,974,974,2879.32,2.83,966,966,4475.76,4.71
12,914,914,6003.13,6.95,958,958,3954.46,3.89,963,963,2924.63,2.75,958,958,4484.13,4.86
12,894,894,6069.3,7.34,939,939,3812.43,3.98,956,956,2832.11,2.8,948,948,4636.75,4.96
12,900,900,5928.86,6.93,955,955,3860.14,3.91,972,972,2908.06,2.74,948,948,4640.53,4.9
12,886,886,6025.75,7.16,947,947,3976.75,4.13,975,975,3023.38,2.86,957,957,4680.81,5.1
12,879,879,5979.05,7.27,947,947,3869.29,4.14,962,962,2773.07,2.54,937,937,4518.03,5.24
12,911,911,5982.93,7.11,940,940,3838.83,4.04,957,957,2902.6,2.81,934,934,4711,5.38
12,878,878,5874.59,7.05,946,946,3796.38,3.95,969,969,2967.57,2.93,953,953,4829.56,5.4
12,890,890,5780.97,7.06,963,963,3867.4,3.95,976,976,2817.14,2.69,961,961,4455.18,4.99
12,877,877,5804.27,7.22,954,954,4088.63,4.32,969,969,3193.08,3.06,951,951,4605.95,5.18
12,906,906,5885.2,6.86,955,955,3821.07,3.99,976,976,3025.83,2.96,947,947,4605.18,5.1
12,900,900,5954.95,7.1,953,953,3950.34,4.04,956,956,3036.89,2.97,947,947,4625.47,5.3
12,876,876,5909.64,7.23,940,940,4137.48,4.5,961,961,3072.62,3.02,941,941,4797.56,5.45
12,899,899,6172.91,7.24,957,957,3954.41,4.08,968,968,2905.86,2.81,946,946,4587.47,5.14
13,923,923,6191.65,7.41,968,968,3690.52,3.73,980,980,2695.15,2.46,972,972,4426.63,4.62
13,901,901,5997.92,7.31,957,957,3827.16,3.81,976,976,2899.09,2.73,970,970,4784.55,5.14
13,914,914,6194.42,7.13,965,965,3803.24,3.78,975,975,2713.99,2.44,976,976,4719.01,5.15
13,902,902,6082.77,7.11,971,971,3843.25,3.91,976,976,2747.51,2.61,964,964,4659.49,5.18
13,900,900,5924.19,7.04,972,972,3841.71,3.82,970,970,2780.68,2.55,942,942,4515.27,5.13
13,922,922,6106.13,7.17,967,967,3804.84,3.81,983,983,2736.17,2.54,961,961,4483.22,4.83
13,929,929,6225.94,7.13,975,975,3701.13,3.61,984,984,2720.17,2.47,965,965,4954,5.21
13,926,926,6198.61,7.09,968,968,3677.83,3.74,983,983,2800.15,2.51,974,974,4757.61,5.16
13,911,911,6159.47,7.07,974,974,3857.74,3.89,984,984,2707.04,2.51,962,962,4501.37,4.93
13,935,935,6218.65,7.12,979,979,3682.8,3.67,988,988,2648.22,2.32,967,967,4665.32,5.29
13,910,910,6191.99,7.19,970,970,3733.97,3.64,976,976,2749.09,2.48,966,966,4515.67,4.75
13,882,882,6058.15,7.4,962,962,3813.74,3.92,968,968,2836.9,2.69,954,954,4380.67,4.81
13,924,924,6312.83,7.35,964,964,3923.65,4.08,984,984,2960.98,2.72,963,963,4807.48,5.17
13,920,920,6112.48,7.18,972,972,3930.81,4.08,981,981,2740.11,2.6,963,963,4607.19,4.88
13,929,929,6026.84,6.88,965,965,3750.06,3.82,971,971,2718.25,2.51,964,964,4769.95,5.12
13,928,928,6221.2,7.08,974,974,3789.61,3.83,985,985,2711.11,2.45,952,952,4627.85,5.2
13,919,919,6137.28,7.01,963,963,3766.33,3.78,985,985,2687.85,2.37,976,976,4512.11,4.81
13,918,918,6256.9,7.28,962,962,3923.26,4.04,979,979,2977.68,2.86,944,944,4847.05,5.42
13,912,912,6256.98,7.25,977,977,3986.53,3.99,978,978,2778.63,2.59,962,962,4810.37,5.16
13,927,927,6179.42,7.11,976,976,3872.41,3.85,982,982,2822.4,2.63,959,959,4773.15,5.22
14,911,911,5992.76,7.12,964,964,3723.58,3.71,983,983,2616.41,2.36,970,970,4701.78,5.05
14,929,929,6199.78,7.17,968,968,3742.47,3.87,979,979,2803.42,2.67,968,968,4755.66,5.23
14,934,934,6231.13,7.23,968,968,3757.66,3.75,981,981,2779.54,2.62,970,970,5035.44,5.43
14,935,935,6092.84,6.76,974,974,3556.72,3.55,977,977,2524.79,2.27,971,971,4381.71,4.76
14,931,931,6187.64,7.02,972,972,3691.97,3.68,984,984,2473.54,2.13,969,969,4435.79,4.87
14,940,940,6281.55,7.39,976,976,3560.29,3.63,988,988,2514.82,2.35,969,969,4438.83,4.84
14,932,932,6391.58,7.43,974,974,3717.69,3.61,987,987,2592.82,2.29,971,971,4570.62,4.81
14,926,926,6153.3,6.88,970,970,3754.75,3.73,977,977,2724.31,2.51,964,964,4628.36,5.01
14,949,949,6290.87,7.2,968,968,3628.99,3.66,976,976,2705.93,2.49,974,974,4541.65,4.97
14,926,926,6150.88,7.14,963,963,3640.39,3.61,983,983,2740.01,2.58,978,978,4656,5.01
14,917,917,6085.14,7.03,973,973,3572.08,3.57,978,978,2565.09,2.41,966,966,4242.74,4.67
14,933,933,6181.11,7.06,973,973,3635.15,3.57,984,984,2538.16,2.27,970,970,4554.07,5.04
14,949,949,6374.54,7.12,981,981,3650.04,3.52,987,987,2622.56,2.41,981,981,4515.18,4.72
14,914,914,6258.15,7.36,965,965,3815.99,4.01,982,982,2698.66,2.47,980,980,4469.4,4.68
14,946,946,6381.9,7.3,980,980,3573.76,3.56,989,989,2568.55,2.33,972,972,4554.54,4.68
14,918,918,6088.18,6.94,973,973,3534.3,3.48,988,988,2609.16,2.28,964,964,4437.89,4.68
14,938,938,6259.11,7.24,976,976,3520.31,3.48,985,985,2527.44,2.37,954,954,4551.15,4.91
14,939,939,6228.37,7.11,973,973,3764.95,3.75,981,981,2602.47,2.36,971,971,4838.38,5.29
14,926,926,6295.23,7.13,980,980,3818.78,3.8,986,986,2716.48,2.47,969,969,4707.29,5.11
14,927,927,6251.26,7.22,974,974,3765.87,3.86,983,983,2558.61,2.26,968,968,4862.46,5.34
15,959,959,6560.95,7.32,982,982,3608.8,3.59,985,985,2403.88,2.24,986,986,4466.14,4.72
15,965,965,6341.17,7.07,986,986,3370.79,3.33,990,990,2339.35,2.08,976,976,4463.32,4.64
15,951,951,6409.54,7.26,981,981,3496.28,3.39,982,982,2350.48,2.12,982,982,4654.09,4.93
15,937,937,6415.7,7.27,988,988,3658.32,3.57,994,994,2474.31,2.21,981,981,4619.69,4.88
15,937,937,6324.51,7.36,981,981,3705.65,3.69,992,992,2763.41,2.56,979,979,4800.56,5.15
15,965,965,6558.85,7.14,984,984,3518.31,3.46,991,991,2422.32,2.1,965,965,4727.64,5.18
15,959,959,6411.61,7.08,992,992,3704.52,3.67,994,994,2441.96,2.22,970,970,4619.41,5.12
15,935,935,6066.81,6.79,979,979,3609.32,3.61,986,986,2524.72,2.33,971,971,4708.85,4.99
15,959,959,6381.79,7.12,980,980,3457.83,3.46,992,992,2426.12,2.11,981,981,4683.16,4.89
15,957,957,6163.51,6.87,982,982,3531.12,3.37,989,989,2599.34,2.38,982,982,4604.77,4.78
15,948,948,6092.5,6.82,982,982,3564.29,3.45,989,989,2412.11,2.06,984,984,5060.68,5.46
15,946,946,6165.86,6.97,981,981,3471.69,3.6,991,991,2387.83,2.31,978,978,4489.4,4.89
15,943,943,6251.68,7.05,977,977,3482,3.49,984,984,2444.74,2.2,977,977,4256.96,4.47
15,953,953,6316.59,7.01,985,985,3477.53,3.45,987,987,2542.93,2.36,981,981,4594.01,5
15,928,928,6410.09,7.52,966,966,3596.08,3.54,974,974,2617.59,2.42,967,967,4612.44,5.07
15,953,953,6318.71,7.1,981,981,3506.93,3.57,992,992,2447.93,2.28,979,979,4638.36,4.73
15,948,948,6356.8,7.33,978,978,3646.55,3.63,986,986,2507.86,2.3,976,976,4628.89,4.88
15,926,926,6304.56,7.2,965,965,3719.25,3.85,987,987,2578.04,2.39,974,974,4531.21,4.83
15,933,933,6076.19,6.96,977,977,3648.04,3.61,984,984,2561.75,2.35,968,968,4696.92,5.15
15,950,950,6418.05,7.12,991,991,3456.11,3.32,994,994,2521.85,2.26,987,987,4601.46,5.16
16,946,946,6310.49,7.24,980,980,3318.41,3.23,987,987,2328.42,2.05,980,980,4507.04,4.85
16,940,940,6279.11,7.04,981,981,3416.31,3.38,990,990,2275.4,2.04,991,991,4382.95,4.47
16,953,953,6360.62,7.12,986,986,3474.68,3.45,992,992,2344.35,2.15,983,983,4656.04,5.03
16,953,953,6246.04,6.94,984,984,3416.19,3.4,991,991,2397.25,2.22,987,987,4362.82,4.76
16,937,937,6170.39,6.94,982,982,3546.31,3.54,988,988,2267.04,2.02,977,977,4584.01,4.9
16,944,944,6209.07,6.92,984,984,3417.03,3.36,988,988,2280.32,2.02,982,982,4398.23,4.58
16,956,956,6289.12,7.01,989,989,3506.38,3.47,991,991,2317.08,2.02,986,986,4364.95,4.49
16,967,967,6399.2,7.13,991,991,3439.47,3.34,995,995,2353.76,2.17,989,989,4807.84,5.02
16,964,964,6237.05,6.69,993,993,3450.59,3.39,995,995,2320.2,2.2,987,987,4905.49,5.24
16,958,958,6497.39,7.16,976,976,3416.25,3.31,986,986,2475.23,2.21,981,981,4873.27,5.06
16,963,963,6554.67,7.34,987,987,3427.13,3.32,993,993,2287.82,1.99,985,985,4730.99,4.87
16,948,948,6339.65,6.97,983,983,3418.53,3.28,994,994,2476.67,2.22,978,978,4413.2,4.91
16,953,953,6355.67,7.18,988,988,3508.73,3.4,995,995,2408.99,2,978,978,4750.21,5.04
16,950,950,6337.43,7.21,989,989,3545.3,3.43,992,992,2456.09,2.13,989,989,4670.74,4.87
16,963,963,6388.62,7.22,980,980,3538.3,3.48,986,986,2447.03,2.25,986,986,4655.5,4.91
16,945,945,6303.65,7.17,983,983,3490.56,3.49,989,989,2459.53,2.19,980,980,4769.31,5.15
16,960,960,6427.6,7.21,990,990,3415.14,3.36,995,995,2300.11,2.06,988,988,4706.66,5.08
16,964,964,6591.98,7.31,976,976,3368.87,3.32,984,984,2308.03,1.97,980,980,4340.69,4.53
16,959,959,6294.88,7.03,986,986,3462.11,3.33,997,997,2375.62,2.1,974,974,4637.15,4.96
16,948,948,6457.12,7.49,985,985,3519.62,3.48,991,991,2395.57,2.12,984,984,4884.97,5.16
17,973,973,6371.79,6.99,993,993,3429.44,3.37,997,997,2239.8,1.98,984,984,4462.61,4.51
17,971,971,6299.63,6.88,988,988,3403.57,3.45,992,992,2295.63,2.16,992,992,4845.21,5.08
17,961,961,6295.15,6.94,989,989,3479.05,3.33,993,993,2247.51,1.94,987,987,4606.04,4.71
17,968,968,6438.22,6.98,994,994,3438.25,3.37,994,994,2257.62,2.04,989,989,4586.36,4.89
17,945,945,6363.82,7.22,988,988,3286.23,3.17,991,991,2343.58,2.01,985,985,4633.19,4.8
17,967,967,6392.26,7.03,983,983,3349.94,3.27,990,990,2238.76,2.02,979,979,4657.51,4.96
17,964,964,6640.37,7.33,986,986,3316.14,3.21,994,994,2195.87,2,986,986,4520.96,4.81
17,954,954,6309.76,7.1,989,989,3465.2,3.34,996,996,2231.13,1.98,990,990,4447.69,4.63
17,965,965,6469.31,7.17,987,987,3248.5,3.12,994,994,2276.29,2.08,986,986,4472.73,4.7
17,966,966,6424.48,7.1,991,991,3438.99,3.39,995,995,2301.05,2.02,985,985,4909.08,4.95
17,966,966,6420.47,7.18,993,993,3198.8,3.07,992,992,2079.8,1.84,988,988,4463.37,4.66
17,960,960,6411.76,7.02,989,989,3247.82,3.13,994,994,2233.59,1.97,987,987,4816.25,4.97
17,960,960,6479.15,7.37,982,982,3229.39,3.12,992,992,2308.85,2.04,991,991,4493.26,4.76
17,957,957,6211.54,6.91,984,984,3416.24,3.43,992,992,2265.88,2.09,980,980,4670.45,5.08
17,960,960,6406.38,7.24,987,987,3276.74,3.18,998,998,2260.33,2.11,989,989,4600.91,4.83
17,968,968,6545.21,7.24,993,993,3423.49,3.4,997,997,2339.93,2.08,992,992,4646.77,4.93
17,968,968,6493.65,7.34,994,994,3409.79,3.33,990,990,2237.47,2.07,984,984,4591.32,4.87
17,954,954,6313.01,7.16,987,987,3305.21,3.17,991,991,2270.09,1.98,977,977,4595.86,5.18
17,965,965,6333.03,7.15,992,992,3324.72,3.21,994,994,2161.49,1.96,986,986,4696.21,5.03
17,964,964,6600.41,7.27,991,991,3567.48,3.51,999,999,2311.58,2.03,979,979,4891.87,5.01
18,968,968,6506.12,7.21,994,994,3308.99,3.25,998,998,2108.13,1.85,987,987,4724.7,5.01
18,973,973,6416.01,7.17,992,992,3252.97,3.13,995,995,2222.96,1.97,990,990,4779.57,4.93
18,966,966,6328.55,7.03,988,988,3240.52,3.32,996,996,2173.26,1.95,993,993,4238.72,4.49
18,969,969,6456.58,7.04,984,984,3405,3.33,991,991,2227.59,2.02,988,988,4574.12,4.92
18,962,962,6528.87,7.18,984,984,3315.36,3.18,994,994,2176.91,1.92,982,982,4520.23,4.69
18,971,971,6419.21,7.05,989,989,3338.17,3.26,997,997,2235.15,2,987,987,4816.32,5.13
18,977,977,6394.35,6.94,990,990,3311.07,3.2,989,989,2164.03,1.94,990,990,4535.37,4.72
18,973,973,6307.73,6.94,988,988,3230.76,3.05,994,994,2158.88,1.95,988,988,4702.22,4.99
18,975,975,6598.74,7.35,995,995,3206.84,3.09,994,994,2162.54,1.99,995,995,4792.94,4.91
18,974,974,6443.95,7.05,992,992,3174.27,3.13,997,997,1981.78,1.71,991,991,4651.99,5.06
18,968,968,6296.98,6.91,994,994,3193.02,3.17,996,996,2031.69,1.75,984,984,4776.29,5.16
18,970,970,6383.69,7.02,992,992,3297.75,3.23,992,992,2157.89,1.94,987,987,4583.97,4.92
18,966,966,6288.15,6.86,992,992,3181.85,3.08,993,993,2067.6,1.81,989,989,4553.32,4.72
18,968,968,6513.09,7.3,993,993,3315.65,3.14,997,997,2213.52,1.89,984,984,4467.66,4.7
18,966,966,6431.47,7.14,998,998,3467.87,3.41,999,999,2309.07,1.95,985,985,4983.97,5.26
18,967,967,6514.04,7.19,994,994,3272.21,3.16,995,995,2198.53,1.93,991,991,4929.47,5.31
18,964,964,6477.54,7.23,996,996,3176.16,3.13,997,997,2085.05,1.79,988,988,4346.65,4.49
18,962,962,6260.43,6.74,993,993,3211.12,3.21,994,994,2188.81,1.86,994,994,4957.24,5.32
18,965,965,6315.7,7.02,982,982,3197.3,3.16,988,988,2123.52,1.87,990,990,4449.21,4.67
18,970,970,6490.45,7.05,989,989,3301.12,3.18,990,990,2149.86,1.83,987,987,4750.39,5.18
19,958,958,6394.72,7.21,990,990,3225.02,3.06,993,993,2079.56,1.88,988,988,4872.09,5.26
19,978,978,6404.7,6.91,997,997,3250.68,3.13,996,996,2039.38,1.76,994,994,4887.1,5.25
19,968,968,6669.66,7.36,986,986,3120.16,3.02,994,994,1975.59,1.74,989,989,4849.15,5.11
19,972,972,6407.13,6.87,996,996,2999.31,2.98,997,997,1858.91,1.66,991,991,4540.57,4.91
19,982,982,6463.85,7.09,996,996,3142.24,3.02,996,996,1950.88,1.63,988,988,4444.79,4.72
19,977,977,6414.05,7.04,991,991,3226.4,3.09,991,991,2159.83,1.87,992,992,4890.22,5.26
19,970,970,6353.88,6.94,988,988,3088.74,2.99,996,996,2076.21,1.78,984,984,4828.86,5.26
19,984,984,6509.49,7.11,998,998,3049.62,3.01,996,996,1922.33,1.71,989,989,4628.34,4.71
19,977,977,6438.29,7.03,989,989,3084.34,2.93,994,994,2078.55,1.8,988,988,4660.8,4.89
19,968,968,6369.08,7.05,995,995,3130.42,2.99,998,998,1982.55,1.76,990,990,4623.18,4.82
19,970,970,6587.65,7.29,993,993,3247.52,3.11,997,997,2101.13,1.76,993,993,4899.31,5.03
19,981,981,6267.09,6.93,994,994,3050.94,2.94,997,997,2040.96,1.79,996,996,4492.53,4.83
19,961,961,6319.56,7.1,991,991,3257.03,3.23,998,998,2051.73,1.83,991,991,4854.85,4.95
19,973,973,6289.23,6.88,990,990,3207.79,3.23,998,998,2262.78,1.97,997,997,4720.81,4.94
19,979,979,6588.36,7.16,994,994,3249.09,3.15,998,998,2073.49,1.77,994,994,4989.74,5.24
19,973,973,6519.42,7.06,994,994,3288.47,3.12,997,997,2141.8,1.84,992,992,4737.2,5.07
19,973,973,6329.93,6.97,995,995,3072.23,2.98,998,998,2015.27,1.78,992,992,4964.64,5.43
19,967,967,6507.25,7.24,991,991,3132.07,3.03,993,993,2028.19,1.79,991,991,4369.36,4.6
19,985,985,6540.02,6.97,990,990,3126.22,3.09,997,997,2010.15,1.82,994,994,4459.22,4.51
19,969,969,6612.59,7.3,996,996,3233.97,3.25,997,997,2004.29,1.73,996,996,4399.53,4.53
20,969,969,6225.9,6.88,996,996,3100.31,2.94,997,997,1976.24,1.77,990,990,4415.34,4.6
20,977,977,6480.55,7.11,989,989,3030.94,2.91,994,994,2000.95,1.8,986,986,4974.03,5.29
20,985,985,6685.75,7.22,998,998,3158.82,2.99,999,999,2004.41,1.75,993,993,4556.4,4.79
20,979,979,6410.65,6.97,996,996,2878.74,2.7,998,998,1764.38,1.49,995,995,4698.68,4.74
20,975,975,6540.51,7.2,993,993,3025.94,2.88,1000,1000,2023.38,1.78,993,993,4780.4,5.02
20,979,979,6534.92,7.07,993,993,3095.03,3.02,997,997,1997.57,1.81,994,994,4916.34,5.06
20,980,980,6534.68,7.15,990,990,3011.44,2.91,995,995,1947.07,1.71,992,992,4633.98,4.65
20,975,975,6400.59,7.08,992,992,2967.68,2.83,995,995,1981.3,1.64,987,987,5106.49,5.32
20,983,983,6417.18,6.87,993,993,3215.35,3.2,996,996,2033.27,1.78,988,988,4702.04,4.94
20,983,983,6415.92,6.97,990,990,3033.04,2.89,991,991,1936.48,1.67,992,992,4692.45,4.94
20,983,983,6641.23,7.11,997,997,3063.11,2.98,998,998,1954.43,1.7,989,989,4594.94,4.8
20,973,973,6363.53,6.85,996,996,3135.82,3.03,997,997,1897.26,1.66,994,994,4471.1,4.69
20,983,983,6430.63,7.03,996,996,2972.48,2.86,996,996,1840.32,1.63,994,994,4093.8,4.32
20,977,977,6395.28,6.93,996,996,3093.97,3,996,996,1960.07,1.72,996,996,4845.01,5.11
20,979,979,6583.55,7.28,993,993,3048.1,2.91,999,999,1882.95,1.62,995,995,4637.09,4.86
20,984,984,6595.01,6.97,994,994,3057.39,3.06,997,997,1859.25,1.6,996,996,4539.08,4.54
20,983,983,6685.09,7.25,993,993,2978.95,2.89,997,997,1832.13,1.59,998,998,4837.74,5
20,985,985,6431.06,6.82,995,995,3086.76,3.06,998,998,2006.95,1.79,995,995,4527.9,4.8
20,989,989,6483.98,7.07,994,994,2974.05,2.92,996,996,1791.04,1.44,994,994,4793.38,4.83
20,979,979,6574.18,7.16,994,994,3120.19,3.04,998,998,1962.78,1.7,993,993,4616.32,4.95
30,989,989,6473.42,6.86,997,997,2558.17,2.45,999,999,1521.85,1.25,999,999,5203.79,5.37
30,990,990,6552.3,7,1000,1000,2510,2.46,1000,1000,1375.11,1.15,999,999,4904.24,5.19
30,998,998,6715.88,7.03,999,999,2499.19,2.38,1000,1000,1467.8,1.29,1000,1000,5353.76,5.78
30,993,993,6503.78,7,999,999,2455.05,2.37,999,999,1367,1.1,999,999,5626.06,5.99
30,996,996,6347.15,6.69,1000,1000,2483.33,2.34,1000,1000,1390.28,1.17,999,999,5439.46,5.65
30,993,993,6336.2,6.69,999,999,2418.64,2.37,1000,1000,1391.58,1.21,1000,1000,5224.71,5.48
30,994,994,6429.04,6.95,1000,1000,2458.59,2.39,1000,1000,1367.85,1.15,999,999,4937.05,4.94
30,997,997,6598.79,7.02,999,999,2438.29,2.31,1000,1000,1342.68,1.15,999,999,5344.39,5.63
30,993,993,6458.37,6.98,1000,1000,2439.13,2.34,1000,1000,1413.4,1.2,1000,1000,5362.34,5.52
30,997,997,6652,7.04,1000,1000,2312.53,2.22,1000,1000,1267.21,1.13,1000,1000,5379.92,5.47
30,998,998,6662.9,7.18,1000,1000,2510.23,2.44,999,999,1364.72,1.23,999,999,5176.65,5.44
30,995,995,6548.69,7.04,1000,1000,2464,2.32,999,999,1371.69,1.13,999,999,4919.81,5.06
30,999,999,6523.8,6.92,1000,1000,2452.95,2.35,1000,1000,1380.38,1.2,1000,1000,5366.39,5.52
30,996,996,6365.59,6.91,997,997,2532.88,2.47,997,997,1366.46,1.21,999,999,5026.38,5.3
30,997,997,6527.16,6.89,1000,1000,2510.25,2.37,1000,1000,1414.97,1.23,997,997,5247.31,5.67
30,997,997,6610.58,7.18,1000,1000,2399.89,2.32,1000,1000,1320.8,1.14,1000,1000,4958.57,5.07
30,991,991,6342.02,6.65,997,997,2488.71,2.38,998,998,1440.12,1.22,999,999,5559.75,5.77
30,998,998,6542.54,6.92,1000,1000,2482.21,2.33,1000,1000,1462.22,1.24,997,997,5131.8,5.32
30,994,994,6612.78,6.91,999,999,2479.75,2.42,999,999,1429.63,1.23,999,999,5218.4,5.38
30,997,997,6620.75,7.13,1000,1000,2511.52,2.43,1000,1000,1380.74,1.17,1000,1000,5339.38,5.68
40,998,998,6658.79,7.28,1000,1000,1978.67,1.83,1000,1000,1054.92,0.89,1000,1000,5773.89,6.12
40,998,998,6587.18,7.03,1000,1000,2017.54,1.9,1000,1000,1070.63,0.93,1000,1000,5614.69,5.91
40,1000,1000,6509.02,6.97,1000,1000,2023.72,1.96,1000,1000,1013.77,0.86,1000,1000,5837.54,6.2
40,997,997,6397.81,6.9,1000,1000,2062.86,1.98,1000,1000,1078.25,0.94,1000,1000,6167.6,6.23
40,1000,1000,6499.17,6.96,1000,1000,2007.31,1.91,1000,1000,1068.68,0.93,1000,1000,5690.59,5.97
40,998,998,6368.74,6.77,999,999,2051.61,2,1000,1000,1088.68,0.97,1000,1000,5726.45,6.08
40,1000,1000,6363.83,6.76,1000,1000,2019.26,1.9,1000,1000,1112.08,0.96,1000,1000,5791.12,5.94
40,998,998,6641.62,7.08,1000,1000,2026.64,1.89,1000,1000,1070.35,0.91,1000,1000,5936.6,6.23
40,999,999,6561.07,6.98,1000,1000,2051.77,1.93,1000,1000,1061.34,0.9,1000,1000,6211.6,6.32
40,1000,1000,6454.79,6.79,1000,1000,2085.58,2,1000,1000,1093.62,0.97,1000,1000,5685.92,5.87
40,999,999,6324.57,6.75,1000,1000,2028.87,1.92,1000,1000,1094.57,0.9,1000,1000,5998.4,6.16
40,999,999,6484.34,7,1000,1000,1932.38,1.85,1000,1000,1011.83,0.86,1000,1000,5707.45,5.86
40,1000,1000,6516.08,6.99,1000,1000,1980.49,1.87,1000,1000,1026.58,0.87,999,999,5858.93,6.27
40,1000,1000,6259.42,6.76,1000,1000,2065.82,1.95,1000,1000,1100.12,0.95,1000,1000,5827.67,6.01
40,999,999,6502.49,7.16,1000,1000,2037.92,1.96,1000,1000,1071.83,0.9,1000,1000,6006.06,6.27
40,999,999,6678.85,7.05,999,999,1958.82,1.87,999,999,1050.35,0.9,1000,1000,6056.36,6.29
40,998,998,6579.01,6.91,1000,1000,2075.97,2,1000,1000,1059.28,0.91,1000,1000,5847.99,6.23
40,999,999,6503.2,6.96,1000,1000,2008.36,1.89,1000,1000,1075.7,0.92,1000,1000,5969.78,6.21
40,998,998,6533.49,6.89,1000,1000,1968.58,1.91,1000,1000,1045.38,0.88,1000,1000,5704.58,5.91
40,1000,1000,6548.71,7,1000,1000,2045.41,1.99,1000,1000,1083.99,0.91,1000,1000,5505.14,5.74
50,1000,1000,6583.54,7.11,1000,1000,1772.75,1.71,1000,1000,913.47,0.8,1000,1000,6279.37,6.66
50,999,999,6597.33,7.11,1000,1000,1785.46,1.72,1000,1000,905.19,0.83,1000,1000,6112.19,6.33
50,1000,1000,6480.77,6.8,1000,1000,1789.91,1.73,1000,1000,919.51,0.82,1000,1000,6180.61,6.64
50,1000,1000,6440.55,6.92,1000,1000,1720.01,1.68,1000,1000,863.9,0.75,1000,1000,6445.45,6.87
50,1000,1000,6294.2,6.77,1000,1000,1818.85,1.74,1000,1000,912.76,0.8,999,999,6301.89,6.59
50,1000,1000,6725.02,7.07,1000,1000,1813.49,1.75,1000,1000,886.61,0.75,1000,1000,6278.54,6.8
50,1000,1000,6511.39,6.89,1000,1000,1800.5,1.69,1000,1000,957.46,0.83,1000,1000,6322.54,6.65
50,1000,1000,6502.53,6.97,1000,1000,1712.21,1.6,1000,1000,882.33,0.78,1000,1000,6494.24,6.73
50,1000,1000,6581.26,7.04,1000,1000,1796.94,1.75,1000,1000,955.93,0.85,1000,1000,6243.44,6.52
50,1000,1000,6401.39,6.85,1000,1000,1781.73,1.7,1000,1000,841.27,0.72,1000,1000,6287.55,6.58
50,999,999,6510.92,6.99,1000,1000,1849.17,1.78,1000,1000,924.81,0.8,1000,1000,6529.74,6.78
50,1000,1000,6475.82,6.88,1000,1000,1705.3,1.63,1000,1000,833.46,0.72,1000,1000,6227.63,6.53
50,998,998,6278.34,6.74,1000,1000,1730.68,1.61,1000,1000,928.59,0.83,1000,1000,6717.29,7.09
50,999,999,6352.41,6.97,1000,1000,1804.59,1.69,1000,1000,978.78,0.85,1000,1000,6474.17,6.76
50,999,999,6501.06,6.93,1000,1000,1787.46,1.65,1000,1000,986.27,0.86,1000,1000,6383.26,6.74
50,1000,1000,6537.41,7,1000,1000,1801.3,1.71,1000,1000,923.66,0.81,1000,1000,6381,6.83
50,999,999,6207.75,6.8,1000,1000,1682.25,1.65,1000,1000,881.11,0.77,1000,1000,6431,6.93
50,1000,1000,6468.3,6.79,1000,1000,1733.41,1.7,1000,1000,842.36,0.74,1000,1000,6549.42,6.95
50,1000,1000,6257.56,6.71,1000,1000,1783.23,1.71,1000,1000,894.14,0.78,1000,1000,6424.77,6.79
50,1000,1000,6444.63,6.84,1000,1000,1752.4,1.67,1000,1000,889.82,0.76,1000,1000,6256.99,6.71
60,1000,1000,6238.92,6.74,1000,1000,1543.44,1.47,1000,1000,774.77,0.67,1000,1000,6675.8,7.05
60,1000,1000,6417.86,6.85,1000,1000,1556.72,1.48,1000,1000,786.87,0.7,1000,1000,7077.98,7.41
60,1000,1000,6558.32,7,1000,1000,1636.66,1.54,1000,1000,796.3,0.71,1000,1000,6913.5,7.21
60,1000,1000,6432.51,6.92,1000,1000,1618.31,1.52,1000,1000,808.42,0.73,1000,1000,6656.87,7.07
60,1000,1000,6526.5,7.06,1000,1000,1516.07,1.43,1000,1000,780.32,0.7,1000,1000,6662.89,7.08
60,1000,1000,6422.83,6.88,1000,1000,1531.16,1.48,1000,1000,754.71,0.67,1000,1000,6911.21,7.28
60,1000,1000,6362.2,6.9,1000,1000,1526.26,1.48,1000,1000,772.24,0.69,1000,1000,6661.11,7.17
60,1000,1000,6343.69,6.79,1000,1000,1614.49,1.55,1000,1000,798.12,0.73,1000,1000,6611.63,6.91
60,1000,1000,6316.48,6.76,1000,1000,1548.23,1.46,1000,1000,819.21,0.74,1000,1000,6605.17,6.94
60,1000,1000,6564.9,6.94,1000,1000,1624.46,1.58,1000,1000,781.5,0.71,1000,1000,6656.92,6.96
60,1000,1000,6584.01,6.96,1000,1000,1611.86,1.58,1000,1000,768.2,0.7,1000,1000,6830.63,7.24
60,1000,1000,6271.13,6.71,1000,1000,1610.58,1.55,1000,1000,860.23,0.74,1000,1000,6725.3,7.08
60,1000,1000,6495.62,6.95,1000,1000,1654.45,1.62,1000,1000,829.29,0.74,1000,1000,6867.42,7.21
60,999,999,6364.45,6.8,1000,1000,1532,1.49,1000,1000,751.93,0.68,1000,1000,6724.97,7.08
60,1000,1000,6227.61,6.67,1000,1000,1596.4,1.54,1000,1000,763.51,0.69,1000,1000,6594.78,7.12
60,1000,1000,6514.81,7.08,1000,1000,1586.91,1.53,1000,1000,840.44,0.75,1000,1000,6889.83,7.15
60,1000,1000,6399.91,6.77,1000,1000,1586.98,1.55,1000,1000,761.83,0.7,1000,1000,6763.97,7.08
60,1000,1000,6484.14,6.91,1000,1000,1552.48,1.46,1000,1000,817.33,0.74,1000,1000,6820.97,7.17
60,1000,1000,6364.4,6.64,1000,1000,1645.28,1.55,1000,1000,823.93,0.71,1000,1000,6485.77,7.09
60,1000,1000,6379.45,6.67,1000,1000,1556.15,1.49,1000,1000,819.92,0.71,1000,1000,6952.34,7.34
70,1000,1000,6340.97,6.71,1000,1000,1369.54,1.32,1000,1000,670.99,0.61,1000,1000,7050.83,7.34
70,1000,1000,6277.94,6.71,1000,1000,1428.5,1.35,1000,1000,710.64,0.65,1000,1000,7120.9,7.39
70,1000,1000,6268.04,6.64,1000,1000,1444.9,1.37,1000,1000,725.45,0.66,1000,1000,7138.82,7.61
70,1000,1000,6294.28,6.66,1000,1000,1461.58,1.4,1000,1000,712.44,0.64,1000,1000,7198.5,7.58
70,1000,1000,6089.09,6.6,1000,1000,1430.45,1.37,1000,1000,734.4,0.66,1000,1000,6899.33,7.29
70,1000,1000,6431.19,6.77,1000,1000,1424.03,1.35,1000,1000,727.85,0.66,1000,1000,7267.46,7.67
70,1000,1000,6433.36,6.77,1000,1000,1420.11,1.34,1000,1000,707.52,0.64,1000,1000,7238.4,7.59
70,1000,1000,6272.92,6.6,1000,1000,1465.15,1.4,1000,1000,737.69,0.65,1000,1000,7034.5,7.47
70,1000,1000,6534.52,6.92,1000,1000,1378.45,1.3,1000,1000,703.34,0.64,1000,1000,7269.12,7.62
70,1000,1000,6514.64,6.85,1000,1000,1390.59,1.32,1000,1000,737.78,0.69,1000,1000,6895.5,7.3
70,1000,1000,6405.87,6.86,1000,1000,1413.25,1.32,1000,1000,745.64,0.68,1000,1000,7062.89,7.62
70,1000,1000,6504.68,6.95,1000,1000,1449.62,1.39,1000,1000,701.94,0.65,1000,1000,6967.09,7.36
70,1000,1000,6434.51,6.89,1000,1000,1454.85,1.38,1000,1000,734.06,0.67,1000,1000,7009.43,7.52
70,1000,1000,6361.04,6.83,1000,1000,1429.39,1.37,1000,1000,707.19,0.65,1000,1000,7353.19,7.84
70,1000,1000,6366.16,6.72,1000,1000,1415.93,1.35,1000,1000,727.78,0.66,1000,1000,6978.14,7.26
70,1000,1000,6455.86,6.89,1000,1000,1426.68,1.36,1000,1000,707.75,0.64,1000,1000,6737.74,7.14
70,1000,1000,6556.41,7.15,1000,1000,1484.27,1.38,1000,1000,756.92,0.66,1000,1000,7128.83,7.39
70,1000,1000,6282.86,6.66,1000,1000,1436.14,1.41,1000,1000,720.52,0.67,1000,1000,6992.75,7.36
70,1000,1000,6340.6,6.76,1000,1000,1448.68,1.4,1000,1000,733.74,0.67,1000,1000,7057.41,7.48
70,1000,1000,6311.83,6.63,1000,1000,1381.74,1.31,1000,1000,718.89,0.65,1000,1000,6915.92,7.3
80,1000,1000,6387.48,6.92,1000,1000,1308.16,1.25,1000,1000,692.08,0.64,1000,1000,7421.93,7.81
80,1000,1000,6189.58,6.64,1000,1000,1351.4,1.27,1000,1000,691.1,0.63,1000,1000,7299.52,7.75
80,1000,1000,6456.11,6.78,1000,1000,1368.42,1.29,1000,1000,703.51,0.65,1000,1000,7271.91,7.62
80,1000,1000,6302.15,6.73,1000,1000,1330.31,1.28,1000,1000,699.28,0.64,1000,1000,7409.16,7.84
80,1000,1000,6395.93,6.84,1000,1000,1307.94,1.23,1000,1000,697.14,0.63,1000,1000,7447.25,7.93
80,1000,1000,6456.92,6.87,1000,1000,1302.5,1.25,1000,1000,675.48,0.63,1000,1000,7096.22,7.4
80,1000,1000,6358.46,6.81,1000,1000,1291.99,1.21,1000,1000,674.82,0.62,1000,1000,7406.19,7.69
80,1000,1000,6381.99,6.95,1000,1000,1270.44,1.21,1000,1000,682.79,0.61,1000,1000,7300.19,7.7
80,1000,1000,6397.68,6.72,1000,1000,1382,1.33,1000,1000,684.92,0.64,1000,1000,7257.57,7.59
80,1000,1000,6292.02,6.72,1000,1000,1331,1.28,1000,1000,654.29,0.59,1000,1000,6993.06,7.35
80,1000,1000,6296.15,6.79,1000,1000,1348.27,1.31,1000,1000,679.28,0.63,1000,1000,7165.52,7.59
80,1000,1000,6370.09,6.81,1000,1000,1382.38,1.33,1000,1000,684.16,0.61,1000,1000,7217.49,7.48
80,1000,1000,6279.07,6.67,1000,1000,1334.85,1.27,1000,1000,668.4,0.62,1000,1000,7126.94,7.48
80,1000,1000,6376.28,6.67,1000,1000,1317.66,1.25,1000,1000,694.72,0.64,1000,1000,7285.26,7.69
80,1000,1000,6248.9,6.69,1000,1000,1298.11,1.22,1000,1000,689.44,0.63,1000,1000,7360.94,7.72
80,1000,1000,6504.82,6.96,1000,1000,1329.01,1.28,1000,1000,677.75,0.63,1000,1000,7265.25,7.71
80,1000,1000,6422.32,6.71,1000,1000,1320.88,1.24,1000,1000,701.97,0.64,1000,1000,7527.37,7.95
80,1000,1000,6364.95,6.68,1000,1000,1335.92,1.26,1000,1000,651.94,0.61,1000,1000,7528.78,7.94
80,1000,1000,6110.6,6.56,1000,1000,1348.55,1.3,1000,1000,733.46,0.66,1000,1000,7159.69,7.57
80,1000,1000,6353.08,6.73,1000,1000,1383.25,1.32,1000,1000,700.33,0.65,1000,1000,7240.56,7.7
90,1000,1000,6474.99,6.89,1000,1000,1209.63,1.16,1000,1000,632.85,0.6,1000,1000,7644.06,8.15
90,1000,1000,6349.17,6.78,1000,1000,1243.56,1.2,1000,1000,655.36,0.63,1000,1000,7402.2,7.8
90,1000,1000,6210.54,6.63,1000,1000,1209.65,1.13,1000,1000,633.63,0.59,1000,1000,7497.25,7.97
90,1000,1000,6261.56,6.74,1000,1000,1191.17,1.11,1000,1000,639.44,0.58,1000,1000,7654.72,8.07
90,1000,1000,6293.3,6.71,1000,1000,1210.11,1.16,1000,1000,637.07,0.59,1000,1000,7466.48,7.95
90,1000,1000,6332.94,6.8,1000,1000,1271.89,1.21,1000,1000,677.61,0.62,1000,1000,7425.25,7.84
90,1000,1000,6434.68,6.92,1000,1000,1205.01,1.13,1000,1000,641.54,0.61,1000,1000,7372.18,7.84
90,1000,1000,6525.17,7.01,1000,1000,1187.61,1.13,1000,1000,628.21,0.59,1000,1000,7637.56,8.02
90,1000,1000,6350.83,6.79,1000,1000,1219.43,1.13,1000,1000,655.13,0.6,1000,1000,7611.15,8
90,1000,1000,6259.82,6.7,1000,1000,1232.11,1.16,1000,1000,660.64,0.62,1000,1000,7763.02,8.23
90,1000,1000,6194.91,6.57,1000,1000,1272.55,1.21,1000,1000,628.93,0.58,1000,1000,7504.82,7.81
90,1000,1000,6272.39,6.66,1000,1000,1203.86,1.14,1000,1000,654.85,0.61,1000,1000,7333.53,7.75
90,1000,1000,6266.2,6.74,1000,1000,1269.51,1.22,1000,1000,638.86,0.61,1000,1000,7397.82,7.77
90,1000,1000,6299.72,6.62,1000,1000,1193.28,1.13,1000,1000,640.87,0.59,1000,1000,7432.44,7.93
90,1000,1000,6183.89,6.52,1000,1000,1224.93,1.17,1000,1000,639.08,0.6,1000,1000,7711.5,8.02
90,1000,1000,6328.45,6.7,1000,1000,1211.79,1.16,1000,1000,627.49,0.58,1000,1000,7445.38,7.69
90,1000,1000,6539.71,7.06,1000,1000,1232.77,1.17,1000,1000,612.02,0.57,1000,1000,7913.69,8.4
90,1000,1000,6324.28,6.82,1000,1000,1211.77,1.15,1000,1000,615.76,0.57,1000,1000,7262.98,7.67
90,1000,1000,6103.73,6.54,1000,1000,1264.97,1.22,1000,1000,652.52,0.61,1000,1000,7618.03,7.93
90,1000,1000,6183.68,6.65,1000,1000,1246.3,1.2,1000,1000,672.68,0.62,1000,1000,7687.53,8
100,1000,1000,6061.56,6.44,1000,1000,1133.73,1.07,1000,1000,612.22,0.56,1000,1000,7771.23,8.31
100,1000,1000,6451.06,6.89,1000,1000,1152.82,1.09,1000,1000,598.03,0.56,1000,1000,7547.36,7.91
100,1000,1000,6455.34,6.91,1000,1000,1144.45,1.11,1000,1000,601.12,0.58,1000,1000,7608.8,8.06
100,1000,1000,6444.67,6.87,1000,1000,1182.02,1.09,1000,1000,626.1,0.58,1000,1000,7702.93,8.11
100,1000,1000,6260.25,6.73,1000,1000,1186.52,1.13,1000,1000,649.71,0.61,1000,1000,7729.3,8.24
100,1000,1000,6254.3,6.89,1000,1000,1116.54,1.07,1000,1000,592.05,0.56,1000,1000,7801.6,8.21
100,1000,1000,6245.33,6.76,1000,1000,1210.87,1.13,1000,1000,635.93,0.59,1000,1000,7843.66,8.19
100,1000,1000,6510.48,6.97,1000,1000,1178.88,1.12,1000,1000,600.87,0.57,1000,1000,7764.15,8.14
100,1000,1000,6242.46,6.72,1000,1000,1156.4,1.09,1000,1000,620.14,0.57,1000,1000,7623.76,8.09
100,1000,1000,6379.79,6.72,1000,1000,1201.69,1.14,1000,1000,621.69,0.58,1000,1000,7789.82,8.17
100,1000,1000,6138.12,6.53,1000,1000,1155.54,1.09,1000,1000,625.65,0.59,1000,1000,7734.12,8.26
100,1000,1000,6269.2,6.6,1000,1000,1137.71,1.07,1000,1000,621.43,0.58,1000,1000,7729.48,8.15
100,1000,1000,6199.64,6.55,1000,1000,1173.89,1.13,1000,1000,611.51,0.58,1000,1000,7555.3,7.94
100,1000,1000,6394.32,6.87,1000,1000,1137.22,1.09,1000,1000,606.91,0.57,1000,1000,7541.55,7.92
100,1000,1000,6262.8,6.59,1000,1000,1202.67,1.15,1000,1000,618.21,0.59,1000,1000,7712.83,8.27
100,1000,1000,6276.36,6.65,1000,1000,1164.23,1.11,1000,1000,611.87,0.58,1000,1000,7672.87,8.03
100,1000,1000,6144.26,6.54,1000,1000,1127.72,1.06,1000,1000,601.93,0.56,1000,1000,7757.81,8.24
100,1000,1000,6570.46,7.08,1000,1000,1143.84,1.09,1000,1000,611.7,0.58,1000,1000,7825.05,8.32
100,1000,1000,6170.51,6.63,1000,1000,1171.87,1.11,1000,1000,606.36,0.57,1000,1000,7593.78,8.12
100,1000,1000,6204.56,6.67,1000,1000,1182.24,1.13,1000,1000,622.16,0.58,1000,1000,7842.02,8.22
