10,10,10,98.85,10.71,10,10,21.38,1.81,10,10,9.71,0.57,10,10,24.19,1.66
10,10,10,86.32,9.10,10,10,22.22,1.93,10,10,3.12,0.33,10,10,7.99,0.85
10,10,10,84.56,9.96,10,10,18.01,1.25,10,10,7.37,0.68,10,10,40.76,5.68
10,10,10,94.30,10.27,8,8,25.02,2.64,10,10,27.56,2.36,10,10,53.63,6.24
10,10,10,75.85,9.10,10,10,18.19,1.39,10,10,13.19,1.00,10,10,29.09,3.76
10,10,10,72.32,8.51,10,10,16.91,1.32,10,10,6.89,0.59,10,10,59.02,6.26
10,10,10,64.17,6.59,10,10,23.92,1.78,10,10,6.33,0.55,10,10,33.52,3.49
10,9,9,85.20,9.88,10,10,23.70,2.36,10,10,9.49,0.78,10,10,29.13,3.44
10,7,7,60.47,9.42,9,9,36.57,4.03,9,9,13.52,1.08,9,9,65.25,9.59
10,9,9,56.50,7.06,10,10,28.25,2.49,10,10,16.77,1.24,10,10,23.89,1.53
10,7,7,64.29,9.98,10,10,31.71,2.74,10,10,18.51,1.46,10,10,6.26,0.56
10,9,9,86.58,10.26,9,9,34.36,3.37,9,9,15.36,1.41,9,9,29.01,3.51
10,8,8,66.99,9.66,9,9,28.64,2.13,9,9,24.97,2.27,8,8,60.25,7.29
10,9,9,60.93,7.22,9,9,19.91,2.02,9,9,6.83,0.71,9,9,42.55,4.79
10,9,9,93.25,11.06,9,9,17.97,1.38,9,9,7.42,0.69,9,9,27.15,2.56
10,10,10,87.32,9.90,10,10,30.53,3.03,10,10,9.71,0.71,10,10,56.83,5.94
10,10,10,71.97,6.24,10,10,26.05,2.21,10,10,5.05,0.57,10,10,15.91,1.34
10,8,8,68.38,9.43,10,10,27.37,1.90,10,10,22.39,1.69,10,10,42.42,5.64
10,10,10,63.04,7.10,10,10,44.31,4.09,10,10,24.32,1.94,10,10,54.43,5.19
10,10,10,80.64,9.41,10,10,20.10,1.43,10,10,13.08,1.02,10,10,18.66,2.29
20,14,14,117.04,8.33,17,17,82.95,4.51,20,20,55.23,2.09,20,20,67.42,2.42
20,20,20,122.97,6.54,18,18,58.66,2.95,19,19,41.95,1.85,19,19,61.96,3.00
20,16,16,141.72,9.77,20,20,80.67,3.87,20,20,55.07,2.47,20,20,71.20,4.54
20,18,18,122.62,7.46,19,19,60.26,2.56,20,20,34.24,1.16,20,20,88.19,4.40
20,17,17,129.05,8.00,18,18,84.43,4.96,20,20,43.36,2.31,20,20,35.84,1.24
20,18,18,143.53,8.37,20,20,70.36,3.39,20,20,44.99,1.74,20,20,89.42,4.85
20,20,20,151.79,8.66,19,19,73.71,3.51,20,20,42.58,1.80,19,19,84.40,4.25
20,19,19,167.53,9.11,20,20,72.34,3.33,20,20,37.55,1.43,20,20,61.76,2.39
20,18,18,127.08,8.46,20,20,77.80,4.07,20,20,45.58,1.96,20,20,74.29,4.07
20,17,17,129.23,7.52,17,17,55.92,2.72,19,19,39.11,1.46,18,18,118.94,7.88
20,17,17,138.56,8.44,20,20,92.72,4.44,20,20,60.47,3.09,19,19,60.94,3.22
20,17,17,127.70,9.78,20,20,74.85,3.72,20,20,40.80,1.70,20,20,74.21,4.13
20,19,19,121.66,7.57,19,19,74.81,4.14,20,20,55.97,2.67,20,20,66.39,2.89
20,18,18,108.89,7.11,19,19,57.48,2.95,20,20,45.48,1.64,20,20,99.42,5.94
20,17,17,138.94,8.55,19,19,88.57,5.32,20,20,37.18,1.52,20,20,86.72,4.98
20,19,19,139.73,7.46,20,20,57.16,2.67,20,20,33.32,1.54,20,20,66.75,3.01
20,19,19,124.27,6.57,20,20,70.79,3.27,20,20,38.92,1.50,20,20,68.07,3.03
20,19,19,117.42,6.12,19,19,70.72,4.87,20,20,37.08,1.43,20,20,105.14,6.69
20,19,19,137.82,7.77,19,19,57.56,3.02,19,19,30.76,1.28,19,19,45.38,2.41
20,18,18,136.88,8.83,20,20,63.05,3.11,20,20,26.13,1.12,19,19,65.75,3.52
30,29,29,187.73,7.12,28,28,126.80,3.80,30,30,70.56,2.19,30,30,147.58,5.73
30,26,26,162.98,8.04,29,29,109.85,3.34,30,30,63.62,1.78,30,30,117.59,4.65
30,26,26,166.34,6.79,28,28,85.45,2.52,27,27,50.93,1.22,27,27,164.15,6.39
30,26,26,185.19,8.42,30,30,93.68,2.82,30,30,65.40,1.55,30,30,80.64,2.76
30,29,29,176.94,6.61,30,30,118.49,4.07,30,30,65.28,1.84,30,30,129.31,5.05
30,26,26,197.03,7.51,30,30,144.25,4.38,30,30,92.59,2.39,30,30,119.47,3.76
30,23,23,170.51,9.21,29,29,120.19,4.56,29,29,81.08,2.97,30,30,216.66,7.92
30,29,29,179.88,6.88,30,30,115.48,3.55,30,30,69.35,2.18,26,26,159.33,6.04
30,27,27,179.60,6.99,29,29,99.31,4.04,30,30,72.85,2.30,30,30,127.04,4.98
30,24,24,146.40,6.74,27,27,101.22,3.27,28,28,71.71,2.17,29,29,129.29,4.05
30,29,29,179.45,6.60,29,29,106.90,4.14,30,30,72.04,2.19,30,30,112.80,3.20
30,27,27,176.31,6.98,29,29,110.11,3.39,30,30,61.00,1.62,30,30,97.77,2.83
30,27,27,182.03,7.34,29,29,105.07,3.39,30,30,69.36,2.14,30,30,120.33,5.03
30,25,25,153.11,6.41,27,27,108.76,3.78,26,26,94.87,2.99,27,27,91.24,3.23
30,23,23,184.23,9.09,27,27,149.05,7.02,29,29,98.26,3.49,26,26,127.72,4.88
30,28,28,197.60,8.14,30,30,129.29,5.03,29,29,86.81,2.32,30,30,150.19,5.58
30,26,26,187.70,8.33,28,28,142.50,4.26,30,30,96.70,2.49,30,30,120.49,4.26
30,26,26,210.69,8.30,29,29,133.32,4.24,28,28,55.01,1.23,27,27,157.37,6.03
30,26,26,189.88,7.66,30,30,123.70,3.93,29,29,86.75,2.65,30,30,135.07,4.37
30,22,22,151.59,7.43,26,26,111.17,3.99,26,26,67.26,2.39,28,28,89.78,3.35
40,38,38,256.15,6.44,37,37,116.36,3.12,38,38,95.88,2.13,35,35,186.44,5.67
40,31,31,216.86,8.27,35,35,119.39,3.61,36,36,88.52,2.11,34,34,155.05,5.14
40,37,37,230.45,7.82,39,39,117.74,3.08,40,40,87.48,2.05,40,40,128.67,3.26
40,29,29,205.05,7.36,30,30,151.13,4.44,36,36,130.45,3.10,35,35,186.12,5.16
40,35,35,258.83,7.57,37,37,145.63,3.79,38,38,123.57,3.58,36,36,186.37,5.03
40,32,32,263.92,8.63,37,37,123.64,2.98,40,40,109.77,2.26,36,36,224.20,6.58
40,34,34,229.99,7.10,38,38,134.09,3.92,38,38,80.86,1.72,40,40,155.72,3.74
40,36,36,230.40,6.72,39,39,164.42,3.93,38,38,102.57,2.01,36,36,188.87,5.39
40,38,38,248.10,7.00,40,40,171.93,4.46,38,38,113.79,2.92,34,34,114.12,3.15
40,34,34,209.91,7.11,38,38,184.93,4.80,40,40,142.74,3.34,38,38,185.95,5.35
40,35,35,238.42,6.80,39,39,178.95,4.84,40,40,121.59,2.80,35,35,171.07,5.25
40,37,37,258.99,7.27,39,39,175.15,4.12,39,39,136.10,2.56,37,37,178.61,5.85
40,36,36,226.92,7.39,39,39,188.89,4.53,38,38,125.03,2.99,40,40,136.18,3.57
40,35,35,228.04,8.09,37,37,137.95,4.06,38,38,96.61,1.76,35,35,242.13,7.41
40,37,37,225.17,6.09,38,38,149.71,3.74,38,38,131.62,3.82,39,39,144.52,4.36
40,35,35,226.40,7.34,40,40,151.43,4.14,40,40,90.17,2.20,39,39,161.51,5.19
40,35,35,237.27,6.94,37,37,142.75,3.54,39,39,102.53,2.13,38,38,142.85,3.86
40,36,36,225.34,6.92,37,37,152.80,3.45,38,38,132.22,3.18,39,39,244.79,6.89
40,33,33,247.92,8.27,38,38,147.50,3.58,37,37,96.02,2.73,34,34,147.30,4.25
40,39,39,271.90,7.96,37,37,133.85,3.95,40,40,97.73,2.18,39,39,147.51,4.22
50,43,43,279.47,6.66,48,48,176.65,3.60,49,49,159.22,2.59,46,46,199.25,4.29
50,42,42,259.51,6.98,49,49,213.34,4.24,49,49,194.37,4.11,47,47,225.98,5.00
50,41,41,329.52,8.05,47,47,200.28,3.73,49,49,123.51,1.83,48,48,258.78,5.38
50,42,42,339.50,8.57,46,46,230.60,5.05,47,47,151.91,2.53,49,49,196.01,4.49
50,40,40,243.76,7.02,46,46,169.74,3.06,48,48,137.45,2.57,48,48,287.04,5.88
50,41,41,302.51,8.22,41,41,163.43,3.16,45,45,167.87,3.06,45,45,298.37,6.62
50,45,45,322.58,8.09,48,48,182.91,3.23,48,48,147.54,2.46,50,50,232.12,5.24
50,39,39,270.25,7.19,41,41,222.89,5.14,46,46,172.57,3.45,47,47,263.12,5.30
50,41,41,332.77,8.96,45,45,158.54,3.10,47,47,111.27,1.91,44,44,201.27,4.98
50,44,44,293.16,7.62,47,47,207.39,3.60,49,49,143.45,2.60,49,49,192.74,3.22
50,46,46,289.46,6.27,46,46,206.96,4.43,47,47,151.48,2.92,46,46,242.18,5.16
50,44,44,293.91,6.80,46,46,202.82,4.45,49,49,200.22,3.56,50,50,214.42,3.70
50,44,44,326.82,8.36,45,45,222.27,5.35,48,48,146.91,2.93,48,48,161.98,3.18
50,45,45,292.08,7.11,48,48,201.65,4.41,50,50,130.71,1.98,49,49,206.42,4.48
50,41,41,280.72,7.49,48,48,214.33,4.37,49,49,176.88,3.18,50,50,185.48,4.05
50,43,43,311.36,8.52,45,45,220.94,5.82,46,46,153.89,3.83,48,48,246.45,6.25
50,47,47,292.60,6.68,48,48,163.24,2.92,48,48,125.72,2.40,48,48,198.01,3.84
50,49,49,320.59,6.63,47,47,218.91,4.99,50,50,153.63,2.79,50,50,290.01,5.99
50,44,44,314.14,8.23,45,45,213.83,4.79,49,49,178.93,4.16,50,50,214.12,4.39
50,46,46,308.12,6.36,49,49,184.19,3.18,47,47,147.49,2.59,50,50,223.08,4.61
60,52,52,341.32,6.43,57,57,230.07,4.07,58,58,153.75,2.25,56,56,236.86,5.39
60,45,45,294.78,6.49,48,48,241.29,4.64,47,47,187.47,3.56,49,49,234.72,4.44
60,58,58,396.92,7.48,58,58,227.64,3.94,58,58,124.37,1.67,56,56,230.40,4.65
60,53,53,339.84,6.49,54,54,235.89,4.08,53,53,178.23,3.39,54,54,241.41,5.50
60,51,51,337.46,7.59,53,53,190.24,3.24,57,57,180.95,2.42,58,58,245.56,4.49
60,52,52,339.04,7.37,53,53,246.60,4.60,58,58,178.85,3.33,57,57,240.96,4.71
60,55,55,370.65,7.20,56,56,246.79,4.18,56,56,180.34,2.76,58,58,264.03,5.27
60,48,48,305.16,6.83,58,58,235.34,3.74,59,59,164.16,2.57,55,55,246.54,5.12
60,51,51,363.19,8.14,51,51,210.42,4.19,53,53,210.64,2.92,52,52,281.45,5.30
60,51,51,353.17,7.19,59,59,219.99,3.26,60,60,187.30,2.58,60,60,248.77,4.15
60,55,55,389.22,8.49,57,57,253.53,3.93,59,59,158.77,2.15,60,60,246.76,4.17
60,53,53,382.52,8.94,57,57,228.57,3.70,58,58,174.46,2.87,60,60,221.34,3.64
60,53,53,342.62,6.78,59,59,239.88,4.19,60,60,141.18,2.14,60,60,184.25,3.40
60,52,52,335.57,6.50,55,55,252.00,4.92,55,55,213.45,4.97,55,55,248.34,5.02
60,56,56,363.18,6.94,57,57,222.65,3.33,55,55,172.15,3.27,53,53,290.77,5.80
60,51,51,397.72,8.27,58,58,246.26,3.81,58,58,179.47,2.67,55,55,246.20,3.99
60,50,50,365.44,7.41,52,52,239.55,4.52,56,56,217.05,4.03,54,54,296.75,5.98
60,56,56,383.43,7.47,55,55,241.04,4.25,57,57,180.35,3.28,57,57,233.20,3.91
60,51,51,366.94,7.00,53,53,279.95,5.58,57,57,199.25,3.28,60,60,308.63,5.43
60,50,50,359.01,7.89,58,58,239.28,4.04,57,57,187.89,3.64,56,56,287.73,5.15
70,53,53,382.07,8.33,65,65,295.59,4.19,69,69,221.69,2.93,68,68,252.82,3.23
70,58,58,381.39,7.15,61,61,276.46,4.60,62,62,196.75,3.08,64,64,341.00,5.33
70,64,64,466.36,7.51,69,69,288.12,4.27,70,70,214.40,2.54,69,69,296.80,4.71
70,59,59,410.84,7.86,69,69,296.05,4.49,69,69,207.08,2.92,67,67,305.71,4.86
70,60,60,375.27,6.48,66,66,253.62,4.06,68,68,189.42,2.36,64,64,290.81,5.34
70,60,60,394.14,7.18,62,62,233.33,4.23,62,62,163.55,1.94,64,64,330.06,5.97
70,62,62,454.48,8.84,66,66,253.30,3.61,64,64,224.73,3.04,64,64,290.08,4.47
70,59,59,406.43,7.44,66,66,291.00,4.35,67,67,221.81,3.54,69,69,318.54,4.61
70,60,60,421.30,7.72,67,67,283.77,3.81,66,66,236.12,3.41,65,65,297.74,5.26
70,59,59,361.85,6.48,60,60,233.84,4.00,64,64,177.00,2.66,60,60,238.36,4.48
70,62,62,434.64,7.66,68,68,273.16,4.37,70,70,186.81,2.42,65,65,311.32,6.02
70,60,60,343.67,6.32,61,61,263.32,4.41,67,67,208.73,2.66,66,66,276.81,4.43
70,59,59,441.44,7.96,65,65,290.87,4.61,67,67,204.95,2.85,67,67,310.80,4.27
70,56,56,392.80,8.46,62,62,287.86,4.04,65,65,269.82,3.92,57,57,309.99,5.77
70,56,56,350.23,6.65,62,62,297.63,4.96,62,62,218.59,3.41,58,58,296.02,5.75
70,58,58,370.14,7.40,63,63,222.12,3.69,66,66,215.02,2.77,64,64,329.34,5.33
70,61,61,419.68,7.96,69,69,309.63,4.75,68,68,225.53,3.09,68,68,293.66,5.34
70,60,60,416.35,7.71,64,64,247.94,3.84,66,66,189.38,2.65,65,65,269.41,4.10
70,59,59,395.65,7.57,63,63,278.76,4.87,65,65,213.13,3.62,65,65,277.11,4.37
70,61,61,462.01,7.53,61,61,265.99,3.74,66,66,193.66,2.25,58,58,317.39,6.02
80,69,69,547.24,8.41,72,72,315.14,4.54,71,71,228.97,2.80,73,73,340.75,4.65
80,69,69,435.36,6.75,75,75,283.70,3.55,79,79,269.91,3.20,78,78,379.12,5.54
80,71,71,495.22,7.22,76,76,288.67,3.09,78,78,212.77,2.21,79,79,296.41,4.08
80,71,71,483.12,8.22,76,76,310.81,3.81,76,76,228.77,2.53,79,79,379.06,4.26
80,64,64,427.09,6.83,74,74,338.81,4.20,74,74,243.47,2.94,72,72,312.00,4.23
80,68,68,500.13,8.02,74,74,419.89,6.46,78,78,272.17,3.41,75,75,394.23,5.93
80,67,67,447.85,6.88,73,73,323.68,4.46,75,75,245.36,2.89,74,74,275.94,3.37
80,67,67,455.69,7.56,72,72,307.71,4.60,74,74,283.52,3.59,75,75,345.90,5.56
80,71,71,487.64,7.10,78,78,331.17,4.20,78,78,228.77,2.45,77,77,376.64,4.73
80,65,65,439.15,7.24,75,75,312.91,3.86,79,79,291.28,3.30,76,76,385.99,5.90
80,66,66,443.63,7.45,71,71,266.16,3.35,77,77,249.84,2.83,75,75,362.90,5.36
80,68,68,467.13,7.96,76,76,316.96,3.98,75,75,261.60,3.02,73,73,329.70,4.59
80,68,68,395.99,6.07,75,75,313.73,4.54,79,79,283.65,3.58,74,74,295.82,4.25
80,67,67,508.18,8.59,77,77,347.61,4.44,76,76,251.95,2.99,74,74,428.41,6.06
80,63,63,435.49,7.99,74,74,324.44,4.19,78,78,241.94,2.78,66,66,397.14,6.36
80,71,71,499.28,7.10,74,74,334.10,4.27,76,76,256.66,3.09,75,75,355.29,4.98
80,73,73,456.16,6.61,75,75,288.48,3.80,77,77,235.41,2.78,64,64,334.27,6.01
80,67,67,435.01,6.63,77,77,321.09,4.13,79,79,283.60,3.87,76,76,370.61,5.25
80,63,63,405.74,7.05,70,70,295.41,4.33,75,75,247.24,3.12,74,74,314.35,4.65
80,67,67,437.16,7.24,79,79,350.13,4.31,74,74,236.74,2.97,79,79,389.47,4.65
90,78,78,591.17,8.10,89,89,399.88,4.73,90,90,304.48,3.19,88,88,471.98,5.32
90,77,77,540.12,7.72,83,83,383.10,4.61,85,85,305.56,3.33,82,82,382.86,4.49
90,80,80,534.13,7.25,87,87,372.69,3.75,89,89,281.90,2.40,86,86,411.89,5.21
90,70,70,506.01,7.55,83,83,410.05,4.79,86,86,319.10,3.42,85,85,428.24,5.56
90,81,81,508.61,7.55,86,86,355.78,4.46,86,86,241.69,2.94,87,87,394.50,5.12
90,79,79,492.34,7.08,84,84,329.87,3.77,86,86,265.66,2.65,76,76,453.81,6.44
90,79,79,613.38,8.55,84,84,382.51,4.32,84,84,274.56,2.83,81,81,390.99,5.24
90,78,78,513.22,7.58,82,82,338.47,4.24,85,85,278.81,3.19,83,83,442.31,5.53
90,76,76,541.74,8.21,82,82,335.77,3.75,85,85,265.32,2.46,83,83,427.43,5.54
90,70,70,517.00,8.26,83,83,360.92,4.11,83,83,268.87,2.82,82,82,444.10,6.43
90,76,76,534.60,7.24,80,80,401.41,5.31,85,85,287.27,3.16,86,86,361.48,4.67
90,85,85,553.27,7.11,88,88,332.69,3.44,87,87,244.86,2.40,86,86,407.10,5.17
90,77,77,506.53,7.19,83,83,337.04,3.93,85,85,259.61,2.91,79,79,441.90,5.70
90,80,80,600.59,9.37,88,88,352.66,3.52,88,88,223.74,2.19,88,88,358.86,4.41
90,66,66,437.01,7.13,75,75,347.75,4.49,79,79,283.94,3.63,76,76,360.68,5.25
90,80,80,589.82,8.53,79,79,362.22,4.70,80,80,252.64,2.71,86,86,363.64,4.18
90,80,80,551.63,7.22,85,85,359.46,3.99,89,89,259.73,2.52,86,86,356.09,4.73
90,71,71,479.14,7.39,80,80,371.96,4.84,83,83,289.03,2.97,87,87,446.51,5.97
90,81,81,521.11,6.94,84,84,355.41,3.87,87,87,262.49,2.92,89,89,375.09,4.36
90,72,72,476.90,7.12,82,82,328.28,3.99,87,87,281.56,3.13,81,81,415.16,5.18
100,80,80,572.47,7.77,94,94,395.89,4.40,97,97,263.14,2.81,95,95,385.76,3.94
100,91,91,604.16,7.70,93,93,403.84,4.90,97,97,354.64,3.87,96,96,466.26,5.59
100,89,89,529.35,6.90,90,90,432.39,5.00,94,94,326.31,3.72,93,93,413.98,4.20
100,90,90,520.39,6.47,91,91,411.36,4.27,94,94,307.43,2.90,90,90,393.45,4.48
100,89,89,620.09,7.88,93,93,367.29,4.07,96,96,322.19,3.36,94,94,428.70,5.25
100,88,88,566.72,6.94,97,97,394.59,3.42,98,98,335.58,3.27,91,91,490.86,5.92
100,74,74,520.32,6.94,88,88,405.19,4.56,93,93,315.24,2.98,80,80,482.70,6.59
100,92,92,605.00,6.85,94,94,409.35,4.02,94,94,286.70,2.66,94,94,408.87,4.78
100,90,90,575.38,7.01,95,95,395.18,4.20,100,100,335.68,3.04,95,95,424.44,4.80
100,88,88,600.41,7.26,92,92,423.09,4.76,97,97,290.46,2.74,97,97,414.49,4.67
100,90,90,589.62,6.86,94,94,437.47,4.56,94,94,361.14,3.46,94,94,435.49,4.55
100,87,87,634.82,7.85,97,97,444.51,4.11,95,95,320.70,2.91,93,93,479.46,5.61
100,80,80,520.39,6.94,95,95,412.76,4.22,98,98,324.66,3.06,90,90,455.62,5.40
100,87,87,617.98,7.49,90,90,389.55,3.95,94,94,341.84,3.11,97,97,394.49,3.76
100,80,80,564.81,7.72,93,93,392.67,4.28,97,97,347.62,3.75,92,92,486.70,6.37
100,83,83,531.47,7.09,90,90,433.46,4.67,88,88,308.03,3.33,90,90,468.70,5.28
100,81,81,506.52,7.21,88,88,413.82,5.05,93,93,258.19,2.51,89,89,440.62,5.34
100,90,90,638.00,7.89,95,95,375.59,3.75,95,95,315.25,3.17,91,91,401.29,4.55
100,83,83,560.95,7.64,95,95,440.99,4.71,97,97,319.01,2.96,96,96,427.67,4.64
100,88,88,513.62,6.39,89,89,388.50,3.85,95,95,365.67,3.78,93,93,442.50,4.60
200,172,172,1118.92,6.95,182,182,784.18,4.38,187,187,657.02,3.46,186,186,946.28,5.57
200,171,171,1095.32,6.99,186,186,644.92,3.41,192,192,567.93,2.78,184,184,809.44,4.66
200,165,165,1166.78,7.64,185,185,786.45,4.09,188,188,612.14,3.26,188,188,889.52,5.07
200,171,171,1139.53,7.22,182,182,783.59,4.16,194,194,600.69,3.02,184,184,888.08,4.57
200,165,165,1148.15,7.69,183,183,842.78,4.22,192,192,697.70,3.38,180,180,988.41,5.71
200,170,170,1159.80,7.64,185,185,807.11,4.50,190,190,687.21,3.60,187,187,969.80,5.68
200,177,177,1196.12,7.38,187,187,740.16,3.93,194,194,663.37,3.13,193,193,878.02,5.22
200,173,173,1221.84,7.67,192,192,863.96,4.36,190,190,665.34,3.34,187,187,995.58,5.57
200,168,168,1173.09,7.45,186,186,815.51,4.47,191,191,635.00,3.11,189,189,890.56,4.47
200,168,168,1127.37,7.32,180,180,796.82,4.16,185,185,621.38,2.89,188,188,802.45,4.17
200,165,165,1064.59,6.77,180,180,698.91,3.48,187,187,670.04,3.70,179,179,879.04,4.81
200,171,171,1130.45,7.36,184,184,774.38,4.18,187,187,560.09,2.84,184,184,856.44,5.56
200,176,176,1208.72,7.40,188,188,825.34,4.12,186,186,662.93,3.41,182,182,903.99,5.19
200,167,167,1057.95,6.71,181,181,768.38,4.23,188,188,586.51,2.89,187,187,881.65,4.72
200,168,168,1125.47,7.46,179,179,811.83,4.53,187,187,680.24,3.50,169,169,961.63,6.03
200,168,168,1120.96,7.07,182,182,730.67,4.17,190,190,637.91,2.97,186,186,922.08,5.01
200,171,171,1194.47,7.94,184,184,876.09,4.79,187,187,682.21,3.83,174,174,982.54,5.99
200,170,170,1106.94,7.38,185,185,775.88,4.29,190,190,600.55,3.04,186,186,788.42,4.18
200,171,171,1167.47,7.47,183,183,768.97,4.08,186,186,658.55,3.72,182,182,925.49,5.02
200,168,168,1154.66,7.79,183,183,738.37,3.92,189,189,686.23,3.59,187,187,938.80,5.35
300,258,258,1824.38,7.49,283,283,1234.92,4.47,288,288,930.79,3.07,268,268,1395.44,5.81
300,249,249,1639.75,6.99,279,279,1250.86,4.80,276,276,890.01,2.98,270,270,1329.39,5.24
300,256,256,1731.02,7.33,274,274,1165.90,4.14,283,283,940.40,3.24,281,281,1264.74,5.24
300,255,255,1710.49,7.26,272,272,1149.25,4.34,277,277,957.42,3.31,277,277,1275.24,4.44
300,253,253,1618.79,6.88,280,280,1244.19,4.47,291,291,1029.51,3.41,284,284,1294.75,4.71
300,261,261,1708.23,7.00,268,268,1108.46,4.14,277,277,853.63,2.91,264,264,1260.03,4.93
300,260,260,1672.41,7.02,276,276,1317.58,4.78,289,289,968.55,3.13,268,268,1410.92,6.16
300,254,254,1715.76,7.32,279,279,1174.82,4.10,291,291,929.44,2.86,280,280,1269.55,4.93
300,268,268,1786.08,6.93,278,278,1241.99,4.45,287,287,965.24,2.93,276,276,1406.12,5.10
300,251,251,1778.38,7.59,279,279,1207.85,4.07,280,280,865.44,2.78,279,279,1279.71,4.91
300,262,262,1794.09,7.38,277,277,1272.85,4.57,281,281,936.79,3.13,274,274,1394.77,5.51
300,259,259,1671.64,6.87,276,276,1223.65,4.29,283,283,982.49,3.53,278,278,1342.69,5.41
300,246,246,1665.43,7.70,267,267,1197.26,4.65,283,283,971.01,3.26,274,274,1400.01,5.74
300,250,250,1666.07,7.41,273,273,1254.55,4.66,281,281,938.60,3.37,283,283,1370.64,4.97
300,255,255,1713.59,7.37,274,274,1235.24,4.42,277,277,992.14,3.34,270,270,1326.42,4.91
300,247,247,1641.35,7.15,274,274,1215.01,4.14,277,277,985.27,3.30,271,271,1417.01,5.16
300,242,242,1718.28,7.96,267,267,1240.69,4.56,275,275,992.26,3.37,264,264,1292.82,4.83
300,261,261,1819.20,7.33,282,282,1249.73,4.30,289,289,997.93,3.18,279,279,1383.65,5.12
300,255,255,1702.71,6.83,279,279,1183.32,3.99,281,281,921.53,2.90,269,269,1362.49,5.48
300,260,260,1741.28,7.00,277,277,1240.62,4.30,279,279,997.30,3.19,273,273,1310.10,5.10
400,331,331,2266.05,7.36,354,354,1505.89,4.28,364,364,1240.20,3.10,372,372,1865.75,5.27
400,338,338,2378.08,7.62,371,371,1721.92,4.72,387,387,1365.72,3.34,381,381,1844.53,5.26
400,335,335,2243.35,7.11,368,368,1604.31,4.51,374,374,1323.22,3.49,359,359,1787.39,4.94
400,339,339,2126.13,6.72,368,368,1605.19,4.12,371,371,1213.87,3.14,363,363,1881.18,5.60
400,341,341,2244.69,7.00,360,360,1588.49,4.72,372,372,1268.17,3.25,364,364,1692.36,5.29
400,344,344,2327.68,7.28,368,368,1634.41,4.39,377,377,1238.34,3.02,370,370,1837.36,5.18
400,346,346,2276.64,7.32,374,374,1532.69,4.06,388,388,1163.06,2.93,375,375,1744.80,4.83
400,343,343,2280.29,7.09,376,376,1646.19,4.37,385,385,1164.42,2.82,370,370,1890.19,5.34
400,343,343,2377.41,7.23,374,374,1647.98,4.45,378,378,1241.03,3.09,359,359,1805.12,5.47
400,337,337,2283.99,6.98,377,377,1631.02,4.33,383,383,1310.40,3.23,377,377,1743.43,4.72
400,329,329,2267.92,7.56,371,371,1592.95,4.29,376,376,1192.21,3.12,368,368,1726.88,5.01
400,339,339,2320.81,7.21,368,368,1701.93,4.72,371,371,1262.58,3.36,361,361,1929.89,5.71
400,345,345,2292.76,7.05,370,370,1656.33,4.33,373,373,1295.13,3.28,369,369,1795.37,5.20
400,341,341,2213.89,7.03,362,362,1598.08,4.45,361,361,1236.67,3.33,379,379,1824.65,5.01
400,338,338,2301.31,7.26,358,358,1648.45,4.70,369,369,1324.38,3.30,367,367,1766.47,4.69
400,325,325,2054.33,6.47,364,364,1595.76,4.35,374,374,1267.90,3.08,371,371,1732.13,5.01
400,337,337,2216.86,7.14,366,366,1601.78,4.21,378,378,1325.52,3.07,366,366,1743.49,4.95
400,334,334,2285.06,7.18,365,365,1679.11,4.36,375,375,1260.16,3.06,375,375,1920.67,5.41
400,333,333,2182.78,7.25,376,376,1684.57,4.48,367,367,1357.63,3.30,360,360,1629.83,4.76
400,332,332,2262.63,7.47,366,366,1558.53,4.09,379,379,1244.36,3.02,377,377,1682.63,4.54
500,416,416,2972.15,7.66,457,457,2095.96,4.64,476,476,1667.06,3.37,462,462,2388.70,5.54
500,439,439,2816.14,6.97,464,464,2020.05,4.21,458,458,1551.15,3.20,459,459,2248.47,5.13
500,431,431,2909.59,7.49,467,467,2046.96,4.29,476,476,1617.44,3.14,472,472,2252.90,4.82
500,425,425,2918.28,7.40,462,462,1947.94,4.12,474,474,1562.04,3.00,473,473,2132.42,4.70
500,433,433,2799.35,6.87,470,470,2058.53,4.34,480,480,1571.16,2.99,469,469,2264.50,5.23
500,404,404,2701.44,7.07,460,460,2072.20,4.60,470,470,1628.14,3.25,459,459,2295.65,5.07
500,436,436,2912.06,7.25,459,459,1961.08,4.22,465,465,1505.95,3.12,465,465,2235.76,5.10
500,415,415,2813.19,7.31,461,461,2071.73,4.18,461,461,1625.04,3.17,459,459,2192.66,5.01
500,431,431,2883.99,7.20,467,467,1949.53,3.93,476,476,1533.11,2.96,471,471,2254.88,5.14
500,421,421,2864.32,7.29,451,451,1984.96,4.56,471,471,1552.10,3.38,470,470,2293.79,5.54
500,423,423,2898.45,7.34,451,451,1994.06,4.27,469,469,1699.60,3.46,464,464,2274.07,5.01
500,443,443,2837.47,7.14,456,456,2146.44,4.51,475,475,1721.67,3.45,471,471,2467.74,5.26
500,434,434,3027.21,7.60,474,474,2186.68,4.49,483,483,1743.82,3.45,465,465,2391.23,5.56
500,425,425,2763.39,7.00,468,468,2127.10,4.50,477,477,1639.50,3.27,462,462,2300.94,5.33
500,426,426,2888.57,7.11,463,463,2050.43,4.51,478,478,1673.96,3.38,467,467,2344.82,5.24
500,440,440,2964.64,7.18,455,455,1946.76,4.22,467,467,1518.02,3.08,455,455,2269.20,5.16
500,425,425,2775.47,7.02,457,457,1918.47,4.27,476,476,1631.56,3.22,461,461,2302.79,4.95
500,421,421,3017.32,7.60,454,454,2090.28,4.86,471,471,1689.00,3.56,473,473,2294.91,4.98
500,418,418,2690.44,7.04,451,451,1971.55,4.41,465,465,1658.41,3.16,454,454,2185.92,5.02
500,428,428,2866.14,7.27,468,468,2190.85,4.64,483,483,1730.32,3.59,470,470,2461.48,5.65
600,514,514,3455.82,7.15,548,548,2461.88,4.60,570,570,1982.48,3.19,557,557,2657.88,5.16
600,499,499,3426.88,7.22,551,551,2394.94,4.22,562,562,1960.73,3.18,561,561,2756.04,4.92
600,475,475,3124.70,6.86,536,536,2404.79,4.36,558,558,2002.86,3.32,557,557,2714.82,4.98
600,511,511,3511.59,7.48,563,563,2391.55,4.24,570,570,2002.74,3.32,561,561,2667.72,4.80
600,496,496,3380.91,7.30,547,547,2499.61,4.45,565,565,1927.94,3.09,559,559,2739.75,5.24
600,495,495,3306.08,7.23,540,540,2433.52,4.38,547,547,1937.18,3.27,541,541,2723.24,5.65
600,516,516,3411.33,6.96,553,553,2474.07,4.45,570,570,1951.80,3.03,568,568,2836.32,5.40
600,509,509,3467.71,7.24,543,543,2382.79,4.30,557,557,1952.73,3.27,539,539,2725.52,5.33
600,507,507,3394.60,7.32,543,543,2385.90,4.21,555,555,1826.15,3.08,546,546,2686.41,5.09
600,508,508,3287.95,7.03,556,556,2490.27,4.47,573,573,2032.72,3.44,546,546,2941.75,5.71
600,512,512,3288.70,7.05,555,555,2445.00,4.36,567,567,1880.62,3.21,553,553,2768.10,5.19
600,505,505,3296.59,7.14,557,557,2549.75,4.74,571,571,1964.06,3.32,554,554,2655.09,5.09
600,503,503,3499.86,7.34,547,547,2375.33,4.26,568,568,1954.47,3.17,538,538,2757.99,5.34
600,520,520,3370.33,6.79,557,557,2523.48,4.50,569,569,1907.98,3.21,551,551,2619.55,5.04
600,515,515,3409.85,7.13,557,557,2465.11,4.29,577,577,1993.09,3.39,553,553,2545.79,4.83
600,510,510,3351.80,7.21,549,549,2522.10,4.60,561,561,1998.26,3.45,550,550,2839.73,5.80
600,527,527,3516.61,7.03,560,560,2439.18,4.23,573,573,1957.91,3.17,562,562,2803.02,5.14
600,514,514,3375.96,7.26,548,548,2414.36,4.26,570,570,1919.59,3.15,560,560,2634.30,4.95
600,497,497,3317.81,6.99,550,550,2432.37,4.35,550,550,1859.95,3.16,549,549,2650.93,4.88
600,522,522,3644.74,7.44,547,547,2543.59,4.56,572,572,1934.24,3.13,564,564,2686.31,5.23
700,610,610,4082.06,7.26,649,649,2875.85,4.38,658,658,2280.02,3.25,654,654,3160.89,5.09
700,590,590,3911.34,6.93,647,647,2866.83,4.40,658,658,2317.42,3.34,648,648,3274.36,5.47
700,620,620,4103.77,7.05,660,660,2676.21,3.86,664,664,2235.81,3.23,650,650,3227.24,5.36
700,613,613,4118.47,7.15,654,654,2826.48,4.28,667,667,2154.49,3.04,655,655,3159.10,5.02
700,594,594,4012.84,7.54,643,643,2932.34,4.58,656,656,2222.73,3.16,651,651,3276.96,5.13
700,589,589,3906.06,7.18,644,644,2803.94,4.16,663,663,2251.69,3.15,646,646,2958.62,4.59
700,570,570,3900.77,7.23,636,636,2894.59,4.48,652,652,2323.33,3.64,653,653,3014.58,4.76
700,582,582,3970.76,7.23,630,630,2869.50,4.64,647,647,2351.23,3.41,640,640,3196.28,5.27
700,596,596,3971.65,7.00,643,643,2801.71,4.46,660,660,2223.82,3.21,648,648,3266.33,5.42
700,598,598,3946.10,7.15,645,645,2799.76,4.26,656,656,2234.21,3.34,649,649,3146.27,5.24
700,590,590,3926.30,7.34,634,634,2763.52,4.27,646,646,2212.76,3.31,625,625,3290.01,5.51
700,605,605,3861.97,6.83,644,644,2892.69,4.22,661,661,2291.07,3.12,638,638,3258.63,5.10
700,582,582,3857.05,7.15,633,633,2951.52,4.69,668,668,2358.89,3.45,640,640,3078.43,5.24
700,589,589,3943.17,7.10,640,640,2732.53,4.31,659,659,2154.75,3.07,651,651,3135.39,4.95
700,581,581,3841.04,6.96,643,643,2875.05,4.51,661,661,2359.89,3.49,652,652,3153.95,5.12
700,582,582,3959.22,7.17,632,632,2841.45,4.52,659,659,2360.32,3.44,643,643,3355.83,5.54
700,606,606,3856.30,6.86,644,644,2634.31,3.98,664,664,2109.92,3.02,646,646,3161.83,5.29
700,553,553,3812.24,7.38,637,637,2849.29,4.52,659,659,2283.96,3.32,641,641,3474.52,5.88
700,602,602,3896.93,6.81,648,648,2911.30,4.54,660,660,2453.96,3.55,652,652,3267.39,5.30
700,593,593,3919.20,6.98,641,641,2941.45,4.63,658,658,2187.83,3.13,657,657,3182.28,5.04
800,672,672,4421.08,7.05,734,734,3405.23,4.60,741,741,2719.02,3.54,726,726,3774.60,5.76
800,675,675,4536.27,7.38,730,730,3324.26,4.40,749,749,2576.57,3.17,727,727,3841.89,5.43
800,667,667,4529.01,7.32,739,739,3263.07,4.25,752,752,2539.01,3.14,731,731,3463.70,4.75
800,682,682,4502.80,6.88,735,735,3276.91,4.49,748,748,2478.22,3.24,733,733,3656.20,5.41
800,670,670,4597.50,7.43,733,733,3309.34,4.63,749,749,2589.65,3.31,737,737,3632.01,5.16
800,678,678,4482.97,7.12,748,748,3294.86,4.38,756,756,2529.17,3.20,730,730,3474.67,4.96
800,665,665,4565.99,7.26,735,735,3158.60,4.19,753,753,2460.35,3.02,745,745,3627.81,5.01
800,683,683,4470.51,6.91,727,727,3248.87,4.29,754,754,2489.29,3.03,748,748,3398.99,4.71
800,690,690,4567.28,7.08,723,723,3229.63,4.26,738,738,2552.54,3.17,738,738,3634.89,5.00
800,681,681,4489.56,6.95,727,727,3224.76,4.20,750,750,2625.55,3.28,732,732,3684.40,5.07
800,674,674,4541.79,7.36,739,739,3137.73,4.29,749,749,2414.72,3.01,734,734,3595.86,5.11
800,683,683,4685.20,7.37,727,727,3126.62,4.12,754,754,2660.24,3.31,752,752,3583.44,5.08
800,673,673,4540.40,7.09,720,720,3355.90,4.60,743,743,2768.24,3.62,727,727,3548.50,5.32
800,678,678,4521.62,7.00,746,746,3226.71,4.33,756,756,2521.49,3.31,740,740,3324.38,4.79
800,663,663,4370.77,7.08,742,742,3378.74,4.57,734,734,2569.90,3.37,725,725,3494.80,4.99
800,670,670,4521.25,7.25,729,729,3201.56,4.04,749,749,2561.22,3.17,732,732,3630.85,5.21
800,692,692,4637.82,7.24,740,740,3370.14,4.62,765,765,2518.91,3.04,755,755,3756.29,5.20
800,668,668,4386.73,6.91,736,736,3226.73,4.16,756,756,2607.13,3.21,737,737,3583.80,5.17
800,689,689,4543.07,7.03,739,739,3290.68,4.50,753,753,2618.80,3.39,731,731,3626.16,5.48
800,681,681,4546.67,7.18,750,750,3181.10,4.13,757,757,2574.37,3.35,732,732,3644.59,5.41
900,757,757,5197.85,7.39,812,812,3515.07,4.26,825,825,2721.51,3.03,826,826,4068.49,5.26
900,725,725,4888.24,7.23,829,829,3751.52,4.35,846,846,3058.55,3.38,826,826,4132.78,5.31
900,773,773,5180.06,7.06,845,845,3782.34,4.49,868,868,3090.14,3.39,836,836,4103.85,5.25
900,765,765,5260.03,7.45,830,830,3751.39,4.37,847,847,2924.12,3.25,820,820,4049.54,5.14
900,782,782,5211.52,7.15,837,837,3690.31,4.30,851,851,2891.32,3.14,819,819,3953.22,4.90
900,763,763,5044.84,6.98,835,835,3674.59,4.34,850,850,3093.28,3.41,837,837,4204.21,5.39
900,750,750,5210.87,7.42,827,827,3772.23,4.49,847,847,2986.65,3.21,840,840,4260.97,5.28
900,765,765,5124.19,7.07,826,826,3571.77,4.31,841,841,2863.99,3.20,821,821,4082.00,5.28
900,760,760,5154.81,7.30,825,825,3791.45,4.63,843,843,2925.75,3.30,835,835,4078.94,5.22
900,756,756,4969.59,7.08,820,820,3677.65,4.40,839,839,3051.72,3.52,810,810,4023.16,5.15
900,743,743,4896.99,7.16,817,817,3544.76,4.31,842,842,2878.43,3.30,817,817,3795.98,4.71
900,756,756,4896.04,7.12,833,833,3593.88,4.32,857,857,2799.22,3.05,827,827,3901.12,5.02
900,762,762,4994.57,6.92,828,828,3566.67,4.41,848,848,2930.04,3.13,846,846,3935.34,4.94
900,747,747,5029.29,7.26,819,819,3584.78,4.35,839,839,2801.07,3.14,824,824,3752.99,4.71
900,762,762,5136.13,7.25,834,834,3638.66,4.43,842,842,2874.13,3.32,844,844,3835.28,4.61
900,757,757,5096.43,7.25,833,833,3762.58,4.50,850,850,2942.87,3.26,839,839,4211.54,5.49
900,754,754,5063.29,7.09,835,835,3794.05,4.39,849,849,3062.95,3.51,828,828,4066.45,5.21
900,779,779,5169.10,6.97,841,841,3599.15,4.14,859,859,2754.76,2.86,840,840,4249.44,5.43
900,761,761,5126.31,7.03,830,830,3671.09,4.35,851,851,2942.66,3.41,823,823,4217.37,5.51
900,781,781,5377.53,7.37,841,841,3937.43,4.73,863,863,3007.85,3.41,848,848,4394.32,5.60
1000,861,861,5550.78,7.05,916,916,3954.24,4.31,956,956,3397.25,3.36,937,937,4703.80,5.28
1000,842,842,5514.15,7.00,927,927,4068.27,4.40,946,946,3207.40,3.18,918,918,4628.90,5.29
1000,827,827,5501.47,7.29,902,902,3842.72,4.22,936,936,3169.45,3.16,912,912,4420.51,5.17
1000,817,817,5505.91,7.24,931,931,4039.39,4.18,942,942,3248.01,3.23,927,927,4599.29,5.07
1000,856,856,5484.99,6.81,929,929,4108.13,4.51,950,950,3170.46,3.16,912,912,4587.79,5.17
1000,846,846,5481.12,7.02,914,914,4069.99,4.61,935,935,3076.88,3.07,908,908,4329.61,4.87
1000,868,868,5659.19,6.82,925,925,4082.17,4.43,939,939,3288.25,3.36,930,930,4580.69,5.23
1000,832,832,5390.11,7.03,909,909,4188.61,4.52,924,924,3293.04,3.35,923,923,4577.35,5.42
1000,851,851,5640.91,6.86,931,931,4165.50,4.29,954,954,3360.63,3.38,933,933,4559.88,5.04
1000,864,864,5761.19,6.91,932,932,4229.08,4.53,934,934,3141.54,3.13,914,914,4394.38,5.06
1000,860,860,5529.89,6.91,907,907,4113.32,4.51,941,941,3366.46,3.54,909,909,4411.14,5.17
1000,861,861,5573.98,6.80,904,904,4086.70,4.31,936,936,3267.07,3.32,898,898,4606.36,5.39
1000,855,855,5588.57,6.95,925,925,4075.82,4.34,936,936,3179.87,3.18,921,921,4624.01,5.27
1000,835,835,5856.16,7.45,922,922,4139.31,4.56,938,938,3225.27,3.22,927,927,4681.75,5.24
1000,853,853,5785.59,7.36,915,915,4055.31,4.44,946,946,3175.19,3.33,919,919,4363.02,4.96
1000,842,842,5375.17,6.79,919,919,4015.79,4.34,939,939,3258.45,3.25,919,919,4640.81,5.18
1000,827,827,5709.41,7.35,910,910,3937.17,4.07,940,940,3255.95,3.27,932,932,4516.23,5.28
1000,846,846,5703.84,7.14,933,933,4176.19,4.46,932,932,3310.28,3.44,915,915,4540.65,5.14
1000,822,822,5617.17,7.42,901,901,4129.39,4.66,930,930,3326.22,3.35,925,925,4638.44,5.22
1000,837,837,5573.18,6.97,920,920,4151.96,4.40,938,938,3294.44,3.43,905,905,4509.02,5.23
2000,1674,1674,11313.24,7.30,1827,1827,8040.78,4.41,1901,1901,6307.83,3.05,1863,1863,8946.11,5.10
2000,1676,1676,11331.11,7.03,1835,1835,8078.81,4.41,1884,1884,6517.49,3.35,1849,1849,9292.47,5.22
2000,1695,1695,11027.61,7.02,1852,1852,8057.21,4.32,1916,1916,6748.45,3.43,1845,1845,8960.04,5.02
2000,1681,1681,11151.84,7.15,1817,1817,8087.92,4.46,1877,1877,6638.73,3.36,1842,1842,9185.21,5.24
2000,1742,1742,11413.02,7.17,1863,1863,8087.24,4.28,1898,1898,6297.88,3.22,1856,1856,9368.37,5.31
2000,1689,1689,11113.71,6.98,1811,1811,8065.07,4.39,1892,1892,6440.66,3.28,1857,1857,9107.47,5.06
2000,1686,1686,11378.54,7.09,1865,1865,8168.60,4.35,1879,1879,6443.03,3.30,1838,1838,9491.41,5.55
2000,1690,1690,11306.50,7.29,1855,1855,8035.59,4.30,1902,1902,6361.60,3.25,1828,1828,9040.45,5.33
2000,1711,1711,11132.42,6.97,1838,1838,8182.01,4.47,1883,1883,6575.68,3.30,1855,1855,9117.37,5.12
2000,1685,1685,11635.43,7.39,1847,1847,8292.45,4.51,1880,1880,6670.08,3.47,1846,1846,8840.47,5.03
2000,1722,1722,11556.55,6.99,1851,1851,8014.33,4.38,1914,1914,6374.82,3.21,1841,1841,8863.79,5.07
2000,1689,1689,11301.65,7.12,1827,1827,8247.42,4.56,1892,1892,6746.28,3.53,1849,1849,9064.87,5.32
2000,1688,1688,11236.48,7.05,1800,1800,7981.67,4.40,1864,1864,6561.39,3.30,1843,1843,9039.43,5.19
2000,1688,1688,11166.03,7.14,1836,1836,8222.72,4.42,1872,1872,6546.50,3.41,1848,1848,9505.41,5.57
2000,1674,1674,11201.20,7.17,1847,1847,8225.11,4.38,1867,1867,6520.58,3.32,1836,1836,9214.29,5.15
2000,1736,1736,11474.49,7.08,1854,1854,8276.43,4.41,1868,1868,6672.96,3.35,1846,1846,9408.55,5.42
2000,1698,1698,11526.71,7.32,1856,1856,7876.54,4.23,1886,1886,6331.49,3.21,1848,1848,9085.67,5.16
2000,1673,1673,11049.32,7.01,1821,1821,8178.36,4.50,1885,1885,6489.99,3.24,1799,1799,9391.18,5.60
2000,1677,1677,11228.35,7.25,1827,1827,8018.52,4.39,1877,1877,6643.94,3.33,1856,1856,8970.12,5.06
2000,1693,1693,11398.86,7.25,1842,1842,8093.17,4.36,1879,1879,6336.91,3.24,1847,1847,9252.99,5.30
3000,2536,2536,16735.41,7.03,2744,2744,12051.54,4.44,2787,2787,9609.99,3.30,2730,2730,13891.13,5.37
3000,2550,2550,16772.04,6.87,2767,2767,12322.37,4.46,2829,2829,9715.71,3.29,2742,2742,13453.53,5.22
3000,2559,2559,17094.56,7.13,2758,2758,12335.82,4.47,2844,2844,9757.25,3.32,2773,2773,13618.22,5.18
3000,2533,2533,16812.01,7.09,2749,2749,12184.95,4.38,2808,2808,9675.86,3.29,2754,2754,13423.65,5.05
3000,2553,2553,16828.67,7.08,2731,2731,12204.82,4.46,2794,2794,9733.82,3.35,2758,2758,13653.80,5.38
3000,2504,2504,16927.60,7.28,2716,2716,12015.15,4.44,2818,2818,9713.13,3.28,2747,2747,13782.39,5.47
3000,2525,2525,16923.51,7.06,2771,2771,12007.23,4.29,2823,2823,9706.35,3.22,2752,2752,14139.09,5.40
3000,2557,2557,17177.88,7.20,2768,2768,12272.80,4.45,2836,2836,9915.28,3.39,2770,2770,13251.40,5.08
3000,2552,2552,17097.59,7.18,2771,2771,12142.71,4.39,2852,2852,9787.74,3.28,2795,2795,13690.61,5.10
3000,2533,2533,16963.31,7.22,2746,2746,12222.88,4.43,2825,2825,9697.35,3.26,2747,2747,13893.67,5.39
3000,2490,2490,16528.71,6.97,2775,2775,12332.05,4.44,2825,2825,9884.75,3.31,2758,2758,13433.41,5.22
3000,2523,2523,16725.08,7.12,2759,2759,12086.38,4.35,2809,2809,9526.48,3.16,2748,2748,13299.53,5.04
3000,2550,2550,16930.39,7.11,2752,2752,12126.16,4.35,2848,2848,9606.55,3.19,2773,2773,13555.48,5.15
3000,2457,2457,16564.02,7.35,2733,2733,12456.53,4.58,2798,2798,9840.38,3.43,2755,2755,13327.95,5.13
3000,2570,2570,16861.85,7.03,2780,2780,12439.60,4.49,2852,2852,9658.32,3.30,2782,2782,13367.73,5.00
3000,2546,2546,16861.02,7.05,2773,2773,12246.54,4.41,2846,2846,9821.45,3.31,2782,2782,13694.10,5.18
3000,2536,2536,17145.66,7.27,2757,2757,12201.35,4.45,2826,2826,9803.28,3.30,2776,2776,13721.24,5.19
3000,2503,2503,16701.22,7.22,2734,2734,12208.37,4.36,2800,2800,9757.96,3.30,2738,2738,13391.14,5.06
3000,2516,2516,16859.80,7.27,2758,2758,12416.09,4.42,2803,2803,9914.08,3.36,2763,2763,13277.60,5.01
3000,2537,2537,17179.33,7.30,2752,2752,12321.77,4.46,2824,2824,9936.40,3.42,2789,2789,13659.88,5.23
4000,3372,3372,22611.86,7.25,3664,3664,16463.08,4.47,3768,3768,12869.25,3.26,3691,3691,17941.61,5.10
4000,3365,3365,22376.54,7.11,3659,3659,16631.56,4.55,3754,3754,13338.45,3.43,3683,3683,18480.81,5.30
4000,3406,3406,22554.68,7.07,3690,3690,16291.42,4.36,3762,3762,13153.83,3.39,3678,3678,18396.74,5.30
4000,3415,3415,22835.43,7.24,3692,3692,16191.98,4.31,3756,3756,12815.57,3.21,3659,3659,17572.09,5.15
4000,3394,3394,22429.85,7.04,3690,3690,16709.46,4.54,3753,3753,13099.21,3.31,3667,3667,17687.41,5.07
4000,3360,3360,22488.20,7.16,3635,3635,16266.48,4.48,3746,3746,12998.43,3.35,3651,3651,18514.32,5.46
4000,3360,3360,22694.90,7.13,3687,3687,16503.35,4.45,3788,3788,13172.01,3.29,3706,3706,18033.46,5.17
4000,3357,3357,22466.05,7.08,3656,3656,16481.09,4.50,3761,3761,13084.62,3.31,3657,3657,18085.05,5.29
4000,3395,3395,22605.22,7.14,3693,3693,15810.76,4.27,3779,3779,12734.13,3.17,3701,3701,18271.80,5.20
4000,3373,3373,22726.99,7.23,3659,3659,16398.97,4.47,3749,3749,12874.16,3.23,3689,3689,18040.78,5.16
4000,3371,3371,22466.95,7.19,3673,3673,16194.78,4.40,3764,3764,12994.47,3.28,3673,3673,18157.77,5.21
4000,3373,3373,22179.84,7.01,3640,3640,16110.96,4.32,3744,3744,13170.33,3.37,3692,3692,17728.98,5.02
4000,3422,3422,22734.91,7.13,3666,3666,16059.67,4.39,3773,3773,12754.42,3.20,3690,3690,18561.24,5.27
4000,3362,3362,22576.32,7.24,3645,3645,16424.74,4.47,3732,3732,13102.91,3.31,3669,3669,18278.35,5.15
4000,3389,3389,22544.28,7.08,3704,3704,16431.85,4.45,3758,3758,12716.87,3.27,3680,3680,17779.79,5.11
4000,3361,3361,22630.03,7.25,3656,3656,16570.20,4.54,3744,3744,13185.86,3.40,3660,3660,18185.36,5.24
4000,3348,3348,22614.25,7.26,3658,3658,16273.65,4.39,3743,3743,12428.41,3.14,3679,3679,17889.19,5.06
4000,3391,3391,22458.01,7.07,3708,3708,16118.59,4.34,3781,3781,12877.08,3.28,3678,3678,18461.50,5.26
4000,3348,3348,22339.85,7.15,3637,3637,15997.51,4.33,3758,3758,13045.54,3.31,3661,3661,17771.65,5.05
4000,3445,3445,23126.13,7.10,3712,3712,16462.29,4.34,3769,3769,13105.23,3.38,3678,3678,18261.06,5.28
5000,4248,4248,28451.24,7.14,4632,4632,20241.62,4.43,4731,4731,15936.09,3.19,4619,4619,22421.38,5.09
5000,4213,4213,27967.05,7.04,4568,4568,20581.06,4.49,4690,4690,16679.64,3.44,4573,4573,22375.86,5.19
5000,4258,4258,27881.51,7.07,4565,4565,20359.93,4.43,4688,4688,16219.81,3.31,4579,4579,22520.86,5.21
5000,4290,4290,28984.12,7.17,4639,4639,20650.27,4.42,4734,4734,16014.93,3.21,4635,4635,22748.38,5.05
5000,4178,4178,27997.01,7.13,4527,4527,20271.52,4.46,4650,4650,16134.62,3.27,4547,4547,22368.81,5.08
5000,4200,4200,28088.86,7.21,4559,4559,19985.23,4.28,4668,4668,16179.79,3.26,4624,4624,22773.10,5.16
5000,4216,4216,28711.02,7.36,4571,4571,20276.01,4.40,4699,4699,16373.38,3.29,4581,4581,22623.25,5.20
5000,4247,4247,28077.43,7.11,4628,4628,20451.50,4.37,4723,4723,16353.69,3.27,4629,4629,22709.23,5.10
5000,4181,4181,27672.80,7.09,4558,4558,20388.01,4.50,4664,4664,16090.78,3.35,4554,4554,22466.76,5.25
5000,4239,4239,28417.90,7.16,4594,4594,20642.06,4.46,4707,4707,16551.81,3.35,4571,4571,23248.26,5.41
5000,4250,4250,28294.43,7.11,4600,4600,19974.24,4.27,4700,4700,15871.32,3.19,4598,4598,22048.99,5.14
5000,4248,4248,28345.40,7.23,4575,4575,20473.39,4.49,4676,4676,16368.93,3.32,4567,4567,22622.15,5.13
5000,4225,4225,27953.84,7.12,4570,4570,20104.06,4.37,4656,4656,16080.90,3.35,4562,4562,22307.04,5.23
5000,4230,4230,28160.16,7.19,4610,4610,20317.07,4.37,4737,4737,16403.89,3.28,4613,4613,22967.10,5.26
5000,4205,4205,28153.26,7.17,4572,4572,20469.30,4.50,4665,4665,16162.50,3.34,4561,4561,23000.70,5.34
5000,4187,4187,27942.97,7.21,4590,4590,20233.59,4.35,4667,4667,15894.35,3.21,4594,4594,22079.45,5.03
5000,4210,4210,28292.40,7.27,4574,4574,20751.77,4.48,4679,4679,16352.03,3.37,4562,4562,22340.62,5.09
5000,4222,4222,27686.33,7.09,4585,4585,20838.85,4.50,4696,4696,16396.64,3.33,4597,4597,22502.14,5.10
5000,4261,4261,28391.26,7.20,4583,4583,19958.60,4.31,4709,4709,16001.93,3.23,4634,4634,22680.43,5.21
5000,4181,4181,27835.95,7.10,4579,4579,20374.91,4.45,4672,4672,16085.84,3.35,4596,4596,21884.16,4.92
6000,5117,5117,34081.94,7.15,5519,5519,24282.39,4.42,5659,5659,19659.24,3.32,5539,5539,26239.94,4.99
6000,5050,5050,33670.65,7.19,5516,5516,24395.73,4.35,5647,5647,19016.28,3.15,5518,5518,26392.68,4.99
6000,5070,5070,33894.55,7.22,5531,5531,25028.33,4.54,5642,5642,19972.90,3.41,5497,5497,27601.02,5.34
6000,5051,5051,33899.85,7.15,5509,5509,24245.01,4.36,5629,5629,19130.55,3.18,5526,5526,27083.88,5.14
6000,5013,5013,33428.72,7.09,5477,5477,24390.88,4.51,5625,5625,19618.61,3.34,5499,5499,27193.27,5.25
6000,5048,5048,33606.46,7.14,5501,5501,24289.64,4.39,5635,5635,19612.48,3.33,5564,5564,27566.79,5.18
6000,5061,5061,34030.29,7.15,5481,5481,24571.14,4.43,5632,5632,20093.25,3.41,5531,5531,27566.31,5.25
6000,5067,5067,33345.63,7.06,5448,5448,24403.14,4.48,5605,5605,19641.51,3.38,5524,5524,26678.87,5.09
6000,5079,5079,34164.51,7.23,5500,5500,24246.85,4.35,5668,5668,19286.61,3.25,5504,5504,26989.27,5.12
6000,5091,5091,33522.98,7.05,5507,5507,24661.40,4.48,5668,5668,19561.49,3.27,5484,5484,26565.51,5.02
6000,5075,5075,33785.47,7.16,5493,5493,24154.92,4.34,5634,5634,19608.17,3.32,5517,5517,27159.10,5.25
6000,5022,5022,33617.16,7.17,5477,5477,24715.01,4.54,5618,5618,19761.34,3.41,5507,5507,27254.24,5.15
6000,5096,5096,33666.67,7.04,5516,5516,24711.27,4.42,5666,5666,19913.25,3.39,5522,5522,27060.23,5.19
6000,5108,5108,34056.30,7.16,5497,5497,24211.05,4.46,5625,5625,19482.99,3.40,5525,5525,26682.47,5.15
6000,5060,5060,33631.35,7.10,5503,5503,24409.15,4.43,5630,5630,19809.26,3.36,5503,5503,27574.06,5.35
6000,5051,5051,33670.61,7.19,5528,5528,24051.68,4.32,5643,5643,19474.61,3.24,5537,5537,27414.37,5.19
6000,5063,5063,33612.50,7.16,5472,5472,24020.85,4.44,5616,5616,19002.50,3.21,5520,5520,26643.50,5.08
6000,5058,5058,34230.02,7.26,5479,5479,23919.18,4.30,5620,5620,19108.27,3.20,5496,5496,27566.73,5.19
6000,5112,5112,34004.49,7.13,5560,5560,25076.05,4.50,5669,5669,19745.57,3.35,5537,5537,27638.54,5.21
6000,5043,5043,33819.38,7.18,5458,5458,24128.55,4.39,5634,5634,19352.19,3.31,5526,5526,26985.51,5.15
7000,5871,5871,39356.81,7.15,6398,6398,28528.55,4.45,6575,6575,22617.45,3.24,6436,6436,31510.17,5.24
7000,5928,5928,39464.54,7.15,6426,6426,28204.06,4.32,6588,6588,22874.93,3.33,6396,6396,31718.30,5.27
7000,5936,5936,39030.88,7.06,6405,6405,28770.62,4.49,6594,6594,23107.62,3.36,6449,6449,31776.51,5.27
7000,5883,5883,39288.39,7.16,6391,6391,28497.16,4.48,6598,6598,22715.58,3.26,6421,6421,32100.01,5.27
7000,5898,5898,39459.79,7.17,6401,6401,28392.52,4.41,6552,6552,22894.82,3.36,6464,6464,31467.37,5.09
7000,5953,5953,39699.66,7.13,6445,6445,28822.29,4.49,6590,6590,22997.28,3.36,6446,6446,32323.03,5.28
7000,5885,5885,39093.34,7.09,6402,6402,28796.45,4.48,6593,6593,23240.78,3.34,6393,6393,31823.30,5.23
7000,5949,5949,39798.64,7.22,6452,6452,28414.82,4.39,6597,6597,22232.70,3.21,6456,6456,31837.79,5.21
7000,5911,5911,39139.51,7.06,6395,6395,28206.86,4.39,6575,6575,22792.95,3.33,6424,6424,31497.60,5.18
7000,5905,5905,39155.81,7.09,6396,6396,28749.77,4.44,6564,6564,22579.08,3.29,6436,6436,32081.31,5.25
7000,5911,5911,39525.09,7.19,6396,6396,28648.00,4.47,6576,6576,23180.23,3.37,6414,6414,31564.78,5.18
7000,5854,5854,39195.98,7.12,6405,6405,28450.57,4.43,6577,6577,22846.91,3.30,6440,6440,31625.43,5.14
7000,5949,5949,40338.07,7.23,6406,6406,28494.97,4.39,6584,6584,22404.85,3.24,6472,6472,31599.66,5.15
7000,5953,5953,39794.85,7.24,6420,6420,28286.97,4.45,6615,6615,22633.15,3.27,6458,6458,31116.50,5.06
7000,5920,5920,39320.05,7.13,6396,6396,28651.01,4.44,6590,6590,22728.09,3.26,6366,6366,31508.50,5.20
7000,5948,5948,39525.38,7.10,6436,6436,28604.14,4.43,6597,6597,22422.29,3.26,6418,6418,31265.21,5.13
7000,5891,5891,39202.73,7.10,6411,6411,28457.87,4.39,6569,6569,22556.79,3.25,6442,6442,31811.70,5.16
7000,5933,5933,39295.13,7.13,6455,6455,27939.12,4.32,6580,6580,22197.15,3.22,6478,6478,31893.58,5.23
7000,5877,5877,38906.00,7.08,6397,6397,28355.04,4.36,6602,6602,22812.88,3.28,6435,6435,31723.89,5.15
7000,5927,5927,39383.87,7.15,6423,6423,28582.91,4.44,6587,6587,23028.82,3.30,6492,6492,31708.34,5.09
8000,6760,6760,45308.35,7.16,7360,7360,32736.05,4.41,7550,7550,26067.86,3.30,7366,7366,35844.53,5.16
8000,6789,6789,45165.84,7.14,7387,7387,33190.17,4.51,7507,7507,25900.22,3.30,7360,7360,36232.57,5.18
8000,6786,6786,44913.14,7.08,7313,7313,32499.71,4.35,7516,7516,26066.86,3.29,7374,7374,36698.71,5.25
8000,6637,6637,44622.68,7.18,7306,7306,32645.58,4.43,7518,7518,26309.01,3.34,7328,7328,35593.77,5.12
8000,6697,6697,44751.59,7.05,7350,7350,32458.42,4.43,7561,7561,25793.39,3.30,7346,7346,36301.58,5.21
8000,6773,6773,44931.94,7.11,7363,7363,32729.98,4.46,7523,7523,25864.41,3.28,7338,7338,36286.81,5.23
8000,6801,6801,45050.05,7.11,7346,7346,32553.18,4.39,7511,7511,25999.17,3.27,7357,7357,36859.44,5.24
8000,6828,6828,45008.67,7.03,7378,7378,32254.18,4.38,7537,7537,26077.50,3.30,7320,7320,35628.34,5.12
8000,6771,6771,45221.64,7.15,7359,7359,32496.64,4.35,7567,7567,26341.32,3.35,7393,7393,36290.13,5.22
8000,6752,6752,45205.81,7.22,7382,7382,32921.92,4.44,7499,7499,26253.35,3.38,7361,7361,36240.62,5.20
8000,6706,6706,45106.99,7.20,7301,7301,32632.87,4.47,7523,7523,26028.63,3.30,7354,7354,36592.28,5.20
8000,6759,6759,45170.21,7.14,7358,7358,32826.26,4.46,7532,7532,26125.03,3.29,7349,7349,35764.86,5.20
8000,6815,6815,45788.69,7.20,7374,7374,32436.94,4.39,7563,7563,25666.91,3.20,7365,7365,35954.35,5.12
8000,6740,6740,44554.71,7.03,7253,7253,32424.46,4.45,7460,7460,26086.62,3.35,7364,7364,36572.74,5.20
8000,6842,6842,45916.77,7.19,7355,7355,33072.56,4.44,7539,7539,26466.64,3.28,7289,7289,36609.66,5.34
8000,6798,6798,44934.78,7.01,7356,7356,32899.83,4.45,7502,7502,25901.47,3.29,7344,7344,36030.27,5.16
8000,6753,6753,44866.55,7.15,7301,7301,32500.28,4.45,7519,7519,26231.55,3.32,7322,7322,36276.11,5.25
8000,6768,6768,45015.26,7.16,7397,7397,32560.27,4.38,7508,7508,25881.94,3.28,7354,7354,36397.53,5.20
8000,6780,6780,45073.89,7.17,7328,7328,32589.31,4.43,7500,7500,25810.15,3.29,7350,7350,36129.75,5.20
8000,6736,6736,44595.26,7.06,7307,7307,32927.82,4.51,7501,7501,26257.04,3.34,7326,7326,35947.52,5.18
9000,7628,7628,50597.89,7.12,8218,8218,36520.34,4.42,8442,8442,29195.08,3.28,8294,8294,40470.99,5.12
9000,7539,7539,50273.53,7.09,8190,8190,36829.06,4.50,8378,8378,28741.52,3.23,8233,8233,40430.00,5.09
9000,7665,7665,51186.89,7.22,8202,8202,36525.13,4.46,8409,8409,28957.89,3.27,8227,8227,41491.75,5.31
9000,7615,7615,50615.07,7.12,8266,8266,36968.21,4.44,8460,8460,29435.32,3.36,8283,8283,41539.57,5.31
9000,7542,7542,49992.74,7.08,8189,8189,36427.97,4.43,8438,8438,29062.63,3.29,8241,8241,40585.25,5.23
9000,7574,7574,50649.38,7.14,8239,8239,36661.37,4.44,8425,8425,29306.25,3.30,8280,8280,40220.58,5.09
9000,7651,7651,51098.00,7.19,8229,8229,36893.08,4.41,8477,8477,28752.76,3.19,8324,8324,40953.82,5.22
9000,7614,7614,50970.15,7.13,8282,8282,36913.94,4.41,8441,8441,29190.54,3.25,8237,8237,40366.70,5.16
9000,7613,7613,50730.10,7.07,8263,8263,36174.45,4.37,8470,8470,29551.86,3.37,8279,8279,41475.25,5.33
9000,7593,7593,50933.19,7.24,8320,8320,36775.55,4.39,8471,8471,29040.16,3.28,8274,8274,39765.04,5.06
9000,7550,7550,50036.21,7.09,8282,8282,37249.60,4.49,8464,8464,30009.54,3.42,8234,8234,40465.66,5.18
9000,7579,7579,50519.63,7.15,8206,8206,36830.70,4.49,8477,8477,29396.18,3.34,8229,8229,40658.82,5.30
9000,7628,7628,50977.28,7.09,8270,8270,36842.50,4.40,8510,8510,29016.32,3.21,8263,8263,40532.16,5.15
9000,7646,7646,50546.13,7.08,8289,8289,36752.08,4.41,8470,8470,29296.55,3.32,8224,8224,40483.60,5.21
9000,7615,7615,51064.74,7.13,8292,8292,36720.36,4.43,8441,8441,29033.20,3.25,8279,8279,40346.50,5.14
9000,7645,7645,50427.22,7.05,8273,8273,36923.75,4.47,8467,8467,29783.29,3.38,8272,8272,40658.46,5.22
9000,7548,7548,50785.33,7.31,8229,8229,36670.14,4.45,8476,8476,29405.73,3.32,8262,8262,40907.62,5.26
9000,7628,7628,50860.28,7.10,8230,8230,36189.76,4.39,8468,8468,28798.07,3.26,8288,8288,40651.44,5.12
9000,7507,7507,50282.73,7.11,8145,8145,36831.51,4.54,8428,8428,29394.04,3.34,8229,8229,40356.05,5.11
9000,7576,7576,50531.41,7.14,8233,8233,36674.04,4.42,8466,8466,29225.67,3.31,8303,8303,41096.74,5.19
10000,8360,8360,55303.07,7.08,9153,9153,41194.58,4.47,9333,9333,32873.43,3.38,9096,9096,45225.32,5.29
10000,8412,8412,56269.50,7.18,9193,9193,40564.32,4.38,9394,9394,32246.22,3.24,9137,9137,44652.85,5.08
10000,8469,8469,56751.78,7.21,9214,9214,40526.49,4.34,9394,9394,32067.98,3.22,9221,9221,45160.13,5.15
10000,8425,8425,56237.14,7.12,9187,9187,40878.58,4.47,9457,9457,32860.93,3.32,9197,9197,45460.47,5.20
10000,8469,8469,56589.56,7.10,9154,9154,40703.30,4.46,9401,9401,32368.86,3.31,9241,9241,45271.88,5.09
10000,8451,8451,56281.62,7.10,9226,9226,40852.42,4.41,9427,9427,32434.11,3.28,9195,9195,45001.61,5.11
10000,8499,8499,56528.35,7.09,9200,9200,40511.33,4.37,9402,9402,32177.28,3.23,9213,9213,44865.34,5.10
10000,8483,8483,56330.29,7.11,9204,9204,40348.26,4.38,9435,9435,32053.93,3.21,9216,9216,45194.56,5.17
10000,8413,8413,56217.94,7.14,9125,9125,41265.57,4.48,9394,9394,32421.36,3.27,9236,9236,45324.69,5.18
10000,8464,8464,56096.87,7.02,9121,9121,40427.72,4.42,9392,9392,32437.01,3.30,9219,9219,44964.01,5.06
10000,8437,8437,56416.03,7.14,9210,9210,41001.83,4.40,9418,9418,32655.76,3.30,9219,9219,45417.91,5.24
10000,8442,8442,56671.59,7.15,9151,9151,40812.19,4.44,9384,9384,32590.06,3.32,9155,9155,45283.17,5.23
10000,8400,8400,55826.50,7.13,9140,9140,40681.81,4.44,9348,9348,32682.18,3.39,9224,9224,45335.73,5.19
10000,8419,8419,56470.57,7.18,9118,9118,41370.26,4.46,9369,9369,32626.12,3.29,9197,9197,45614.73,5.18
10000,8362,8362,56351.20,7.19,9190,9190,40950.44,4.42,9420,9420,32783.11,3.30,9131,9131,44465.04,5.14
10000,8425,8425,56011.83,7.14,9185,9185,41091.14,4.49,9403,9403,32949.30,3.39,9133,9133,45628.65,5.25
10000,8433,8433,56388.33,7.18,9238,9238,40858.56,4.43,9399,9399,32398.95,3.28,9108,9108,45248.03,5.19
10000,8449,8449,56487.79,7.19,9197,9197,40470.05,4.39,9417,9417,32637.39,3.29,9152,9152,44539.33,5.14
10000,8341,8341,55998.42,7.18,9116,9116,40569.12,4.36,9295,9295,32564.70,3.34,9069,9069,46052.45,5.39
10000,8397,8397,55913.95,7.13,9134,9134,41515.89,4.59,9389,9389,32661.30,3.33,9163,9163,44755.30,5.12
20000,16762,16762,112448.87,7.19,18359,18359,82360.86,4.44,18833,18833,65510.64,3.32,18386,18386,90108.09,5.19
20000,16873,16873,111378.80,7.06,18277,18277,82597.38,4.52,18787,18787,65533.18,3.33,18359,18359,91014.65,5.23
20000,16965,16965,112821.68,7.06,18409,18409,82079.72,4.48,18870,18870,64775.65,3.30,18470,18470,89765.46,5.06
20000,16854,16854,112537.17,7.11,18307,18307,81479.58,4.45,18722,18722,65146.63,3.35,18363,18363,91443.17,5.29
20000,16837,16837,112078.89,7.09,18313,18313,82022.90,4.48,18769,18769,65436.86,3.31,18389,18389,89848.38,5.12
20000,16943,16943,112937.75,7.11,18404,18404,81847.12,4.43,18783,18783,64982.67,3.31,18365,18365,90380.74,5.20
20000,16910,16910,112576.34,7.15,18379,18379,81965.56,4.50,18803,18803,64937.68,3.32,18354,18354,88647.91,5.11
20000,16871,16871,112764.87,7.15,18351,18351,81326.48,4.44,18799,18799,65259.52,3.32,18393,18393,90469.97,5.13
20000,16819,16819,112673.04,7.17,18364,18364,81618.81,4.41,18831,18831,64973.52,3.28,18433,18433,89322.57,5.08
20000,16880,16880,112592.20,7.16,18297,18297,81353.31,4.40,18757,18757,65054.28,3.30,18267,18267,90892.31,5.26
20000,16822,16822,111465.07,7.14,18331,18331,81994.66,4.48,18808,18808,64948.95,3.31,18403,18403,89806.92,5.15
20000,16933,16933,112782.38,7.12,18391,18391,81743.87,4.46,18802,18802,65037.10,3.33,18377,18377,90378.29,5.18
20000,16890,16890,112755.05,7.17,18385,18385,81575.97,4.41,18809,18809,64848.78,3.29,18359,18359,91860.83,5.33
20000,16870,16870,112382.61,7.11,18372,18372,82214.19,4.46,18827,18827,65454.32,3.32,18321,18321,89538.01,5.23
20000,16800,16800,112902.93,7.19,18383,18383,81830.15,4.43,18798,18798,64930.32,3.27,18414,18414,90063.60,5.13
20000,16904,16904,112946.21,7.19,18318,18318,81442.91,4.43,18780,18780,64797.76,3.29,18362,18362,90527.72,5.18
20000,16892,16892,112388.39,7.14,18308,18308,81483.96,4.44,18825,18825,64851.07,3.27,18390,18390,89466.58,5.10
20000,16898,16898,112140.65,7.09,18280,18280,80911.32,4.40,18750,18750,65054.71,3.29,18301,18301,89939.73,5.15
20000,16866,16866,111517.73,7.05,18364,18364,81383.53,4.37,18805,18805,65088.12,3.29,18393,18393,90346.06,5.20
20000,16920,16920,113151.45,7.14,18380,18380,80875.86,4.39,18831,18831,64936.03,3.29,18384,18384,90060.07,5.16
30000,25274,25274,169143.76,7.14,27427,27427,122233.75,4.46,28128,28128,96745.05,3.27,27479,27479,134085.19,5.15
30000,25410,25410,170029.87,7.14,27571,27571,123117.54,4.46,28186,28186,98009.94,3.32,27503,27503,135488.75,5.15
30000,25335,25335,168802.63,7.14,27406,27406,123006.70,4.48,28203,28203,97313.54,3.28,27434,27434,135008.39,5.16
30000,25438,25438,170711.39,7.19,27492,27492,121803.30,4.39,28228,28228,96563.65,3.26,27633,27633,135177.29,5.17
30000,25407,25407,168648.72,7.07,27545,27545,122067.33,4.40,28166,28166,97772.46,3.31,27549,27549,136287.96,5.23
30000,25363,25363,168091.20,7.07,27501,27501,122345.29,4.42,28184,28184,97536.25,3.30,27467,27467,136033.16,5.22
30000,25307,25307,168384.47,7.12,27514,27514,121625.41,4.38,28157,28157,96991.30,3.28,27626,27626,135139.03,5.16
30000,25414,25414,169633.31,7.14,27530,27530,122435.72,4.44,28155,28155,97413.80,3.30,27524,27524,136234.60,5.19
30000,25468,25468,168820.02,7.11,27534,27534,122140.63,4.43,28260,28260,96481.29,3.26,27579,27579,134698.20,5.14
30000,25396,25396,168859.65,7.13,27596,27596,121214.94,4.34,28170,28170,96145.72,3.25,27569,27569,135669.97,5.16
30000,25336,25336,168733.35,7.11,27498,27498,122001.36,4.40,28172,28172,97396.19,3.30,27504,27504,135320.29,5.21
30000,25302,25302,168510.72,7.12,27445,27445,122451.50,4.45,28259,28259,98017.48,3.31,27555,27555,135069.54,5.18
30000,25369,25369,168760.92,7.10,27539,27539,122356.90,4.41,28240,28240,96438.35,3.25,27588,27588,135158.99,5.19
30000,25407,25407,169061.03,7.11,27482,27482,121862.43,4.42,28256,28256,96954.83,3.27,27627,27627,135926.64,5.16
30000,25385,25385,168864.05,7.11,27447,27447,121206.81,4.39,28113,28113,97808.27,3.32,27464,27464,135554.93,5.19
30000,25498,25498,170055.96,7.14,27640,27640,122672.10,4.41,28289,28289,97340.80,3.27,27517,27517,135593.62,5.11
30000,25460,25460,169899.57,7.14,27513,27513,123044.11,4.43,28246,28246,97658.51,3.31,27603,27603,134585.12,5.13
30000,25359,25359,168923.44,7.13,27505,27505,122308.76,4.43,28150,28150,97163.83,3.29,27546,27546,134653.01,5.12
30000,25214,25214,169058.22,7.17,27543,27543,123314.78,4.47,28233,28233,98323.50,3.35,27532,27532,136560.79,5.20
30000,25302,25302,168407.32,7.11,27495,27495,122315.87,4.45,28258,28258,97026.68,3.29,27607,27607,135389.10,5.20
40000,33716,33716,224866.92,7.17,36639,36639,163040.61,4.42,37621,37621,130273.21,3.30,36852,36852,182017.59,5.21
40000,33834,33834,226469.03,7.18,36588,36588,162838.77,4.46,37551,37551,129926.14,3.30,36774,36774,180368.77,5.16
40000,33938,33938,224501.40,7.08,36771,36771,163232.81,4.41,37690,37690,129897.32,3.26,36876,36876,178665.24,5.08
40000,33685,33685,225654.59,7.16,36582,36582,163118.80,4.45,37542,37542,129839.11,3.30,36626,36626,182460.38,5.25
40000,33875,33875,225246.06,7.13,36697,36697,164140.04,4.47,37708,37708,130600.63,3.31,36735,36735,180994.55,5.18
40000,33848,33848,224620.98,7.10,36648,36648,162054.37,4.40,37581,37581,129340.27,3.28,36871,36871,180586.19,5.16
40000,33875,33875,225365.68,7.11,36744,36744,163470.99,4.41,37724,37724,129148.53,3.24,36794,36794,178745.82,5.09
40000,33802,33802,224676.48,7.10,36604,36604,163075.53,4.46,37544,37544,129669.10,3.28,36795,36795,179638.99,5.18
40000,33738,33738,225430.05,7.12,36677,36677,163382.13,4.45,37691,37691,130354.20,3.31,36725,36725,181811.25,5.21
40000,33755,33755,224792.60,7.10,36660,36660,163769.11,4.46,37661,37661,130602.85,3.32,36639,36639,181043.61,5.23
40000,33866,33866,225678.76,7.13,36683,36683,163094.28,4.42,37528,37528,129906.95,3.29,36751,36751,181916.80,5.23
40000,33844,33844,225344.16,7.13,36749,36749,163803.31,4.44,37701,37701,130062.43,3.28,36831,36831,181436.75,5.18
40000,33854,33854,225105.94,7.12,36675,36675,162561.45,4.39,37616,37616,131166.27,3.33,36776,36776,181257.49,5.21
40000,33797,33797,225817.84,7.12,36694,36694,163210.86,4.42,37536,37536,129601.03,3.28,36743,36743,180585.01,5.18
40000,33809,33809,225011.82,7.13,36791,36791,163084.75,4.43,37658,37658,129239.24,3.26,36890,36890,181236.60,5.21
40000,33666,33666,223835.44,7.11,36685,36685,164344.79,4.48,37503,37503,131165.38,3.36,36761,36761,180807.17,5.14
40000,33918,33918,226392.06,7.13,36740,36740,163417.54,4.44,37664,37664,130955.73,3.31,36745,36745,180507.79,5.14
40000,33882,33882,224966.71,7.11,36711,36711,162817.95,4.41,37590,37590,129850.89,3.29,36670,36670,179250.42,5.15
40000,33719,33719,224659.77,7.12,36618,36618,162252.65,4.41,37589,37589,128874.70,3.25,36718,36718,179996.85,5.18
40000,33849,33849,225277.28,7.11,36779,36779,162365.97,4.36,37631,37631,129002.92,3.27,36790,36790,180286.49,5.17
