1,0.1,1000.6,285.8,120.8,285.8,120.8,0.055374026,0,0.016594805,0,0.222631369,0,1.311573737,1.012038801,86.86496775,0
1,0.2,1000.6,491.2,207.8,491.2,207.8,0.062362837,0,0.01399021,0,0.115574604,0,1.647390976,1.042494228,76.95463335,0
1,0.3,1000.8,631.8,293,631.8,293,0.072143883,0,0.019385222,0,0.12514517,0,2.125159133,1.052261804,65.58606923,0
1,0.4,1000.2,716.6,357.2,716.6,357.2,0.088383616,0,0.029993806,0,0.151844174,0,2.643738713,1.076660769,55.78724788,0
1,0.5,1000.4,760,412.6,760,412.6,0.106158882,0,0.034786826,0,0.175980507,0,3.139646128,1.101421482,52.60446774,0
1,0.6,1000.6,795.4,459.4,795.4,459.4,0.123122832,0,0.047773081,0,0.205594605,0,3.560668941,1.104227843,47.19393659,0
1,0.7,1000.2,827.6,499.2,827.6,499.2,0.137373427,0,0.053987812,0,0.233637907,0,4.163617684,1.120873603,44.78007273,0
1,0.8,1001.4,849.6,546,849.6,546,0.15078896,0,0.057309123,0,0.257136504,0,4.732676458,1.117560125,41.55432859,0
1,0.9,1000.4,870.8,587.2,870.8,587.2,0.168130938,0,0.074772455,0,0.293253309,0,5.33800534,1.119496711,39.09286937,0
1,1,1000.4,881.6,608.8,881.6,608.8,0.181524675,0,0.082565834,0,0.315752158,0,5.891216642,1.115876474,37.68518302,0
1,2,1000.4,970.2,813,970.2,813,0.382046553,0,0.161738661,0,0.626021037,0,11.7149253,1.115587631,26.9109507,0
1,3,1000.2,990,886.8,990,886.8,0.577091508,0,0.253551049,0,0.955964003,0,17.2658622,1.09925393,23.45229533,0
1,4,1000.8,997.4,917.4,997.4,917.4,0.759606273,0,0.331934665,0,1.240408406,0,23.35365077,1.078209023,20.94863351,0
1,5,1000.6,997.8,938.8,997.8,938.8,0.841290852,0,0.421538437,0,1.53957795,0,28.92896072,1.069678308,18.95927316,0
1,6,1000.6,999.6,949,999.6,949,0.892662138,0,0.461922478,0,1.822318982,0,33.50176062,1.063843513,17.69507054,0
1,7,1000,998.8,963.2,998.8,963.2,0.914,0,0.5438,0,2.144767662,0,39.35995354,1.058560553,16.68080391,0
1,8,1000,999.4,962.2,999.4,962.2,0.9446,0,0.5852,0,2.477700292,0,45.06409092,1.049734501,15.646246,0
1,9,1000.8,1000.6,969.2,1000.6,969.2,0.978024975,0,0.597921279,0,2.755556643,0,51.29067493,1.058405583,14.40469379,0
1,10,1001.2,1001,980,1001,980,0.987614376,0,0.612060239,0,3.052327534,0,56.99799291,1.039399605,13.84882723,0
1,20,1001,1001,986,1001,986,1.039741502,0,0.737859735,0,6.205771196,0,113.2401436,1.030219723,9.974661653,0
1,30,1000.8,1000.6,993.4,1000.6,993.4,1.052152098,0,0.851109335,0,9.298275573,0,172.1228287,1.023553932,8.13130127,0
1,40,1000.4,1000.4,992,1000.4,992,1.073582418,0,0.952401199,0,12.30245674,0,225.6156306,1.019952326,7.259753323,0
1,50,1000.6,1000.4,992.8,1000.4,992.8,1.138721711,0,0.982215777,0,15.3615204,0,282.970754,1.017929794,6.455355492,0
2,0.1,1000.8,177.2,65.2,177.2,65.2,0.041367233,0,0.005595205,0,0.139593745,0,1.23777729,1.015019704,86.42075031,0
2,0.2,1000.6,333,121.8,333,121.8,0.068964036,0,0.012393207,0,0.162062595,0,1.480134927,1.050194586,78.7774091,0
2,0.3,1000.4,503.2,178.2,503.2,178.2,0.103557842,0,0.013995604,0,0.175736035,0,1.82904011,1.06284704,67.88340462,0
2,0.4,1000.8,588.2,223.4,588.2,223.4,0.131290763,0,0.025579232,0,0.220023691,0,2.150431565,1.075149537,62.25864376,0
2,0.5,1000.4,675.6,267.8,675.6,267.8,0.126155045,0,0.031387413,0,0.208274809,0,2.561970309,1.08477523,57.39301744,0
2,0.6,1001.6,749.4,313.6,749.4,313.6,0.140785571,0,0.03874415,0,0.224133466,0,3.149242692,1.099388497,50.62916729,0
2,0.7,1001,780,337.4,780,337.4,0.171013493,0,0.055541948,0,0.280855576,0,3.553273863,1.112264044,48.23230399,0
2,0.8,1000.4,821,375,821,375,0.162734865,0,0.04918002,0,0.256832672,0,3.90555629,1.112023475,43.79706824,0
2,0.9,1001.4,842.8,409.2,842.8,409.2,0.180553179,0,0.057320324,0,0.286766372,0,4.59081855,1.124941766,40.16549592,0
2,1,1000.8,863.4,437,863.4,437,0.20103785,0,0.071938494,0,0.329070526,0,5.230486177,1.143213352,36.85361897,0
2,2,1000.8,959.2,667.8,959.2,667.8,0.399878322,0,0.165664935,0,0.644963243,0,11.27308811,1.177293814,27.70457156,0
2,3,1001.8,987,766.2,987,766.2,0.551227771,0,0.236761403,0,0.902546646,0,16.30573162,1.162654648,23.80718496,0
2,4,1001.6,996.2,829.4,996.2,829.4,0.736818431,0,0.304113351,0,1.192511752,0,21.77088288,1.156004871,20.95286034,0
2,5,1001.2,997.8,864.2,997.8,864.2,0.82781151,0,0.396526428,0,1.491514388,0,27.60858079,1.124487639,18.96605597,0
2,6,1001.2,999.2,891.2,999.2,891.2,0.868154693,0,0.473427754,0,1.781416276,0,33.44703427,1.108565463,18.14397171,0
2,7,1002,1001,914.4,1001,914.4,0.912383384,0,0.528936833,0,2.086713807,0,39.26594926,1.122278379,16.35206084,0
2,8,1001.4,1000.4,922,1000.4,922,0.938486768,0,0.558012538,0,2.393272771,0,44.4643954,1.109109909,15.65423904,0
2,9,1001.4,1000.6,931.4,1000.6,931.4,0.963055707,0,0.590170508,0,2.708561351,0,50.32438811,1.091920144,14.7562956,0
2,10,1000.8,1000.4,935.8,1000.4,935.8,0.983612571,0,0.59410884,0,3.062400798,0,55.24117525,1.088907239,14.19245168,0
2,20,1000.4,1000.2,969.4,1000.2,969.4,1.022773253,0,0.747898603,0,6.081998328,0,112.9640089,1.078655156,10.30537092,0
2,30,1000,1000,974.2,1000,974.2,1.0308,0,0.8394,0,9.0938,0,165.6746,1.062186451,8.345426,0
2,40,1002.4,1002.4,983.4,1002.4,983.4,1.035712638,0,0.933564345,0,12.14442947,0,227.3522445,1.045531507,7.223164321,0
2,50,1001,1000.8,980,1000.8,980,1.042570464,0,0.953649291,0,15.15250838,0,285.499411,1.04225064,6.569874635,0
3,0.1,1001.8,123.4,51.2,123.4,51.2,0.042927986,0,0.003792619,0,0.191164816,0,1.229072276,1.010833333,81.23529617,0
3,0.2,1002,232,89.8,232,89.8,0.071051763,0,0.006785437,0,0.194023703,0,1.41516347,1.041733918,77.98424215,0
3,0.3,1001.8,349.6,127,349.6,127,0.108388767,0,0.010779113,0,0.214526772,0,1.51969348,1.037248606,75.2224956,0
3,0.4,1001.6,460.8,169.6,460.8,169.6,0.117806095,0,0.017370477,0,0.212262089,0,1.85970037,1.057611449,66.14762389,0
3,0.5,1001.4,516.4,183.8,516.4,183.8,0.140205104,0,0.019772044,0,0.228479805,0,1.922011765,1.066434803,64.23890649,0
3,0.6,1001.2,641.6,231,641.6,231,0.168809239,0,0.027166278,0,0.25447772,0,2.488786096,1.093731694,55.73312171,0
3,0.7,1001.6,678.4,251,678.4,251,0.15994909,0,0.037737928,0,0.262673282,0,2.905324654,1.097297806,52.14052576,0
3,0.8,1001.4,761.8,296.8,761.8,296.8,0.207515638,0,0.046134504,0,0.310221737,0,3.573632208,1.123189578,48.29103415,0
3,0.9,1000.8,794.2,313.8,794.2,313.8,0.201043513,0,0.051958084,0,0.314355366,0,3.890738948,1.100902725,44.8430994,0
3,1,1000.8,819.4,340.6,819.4,340.6,0.207447904,0,0.058758084,0,0.327205069,0,4.540996365,1.13520547,41.18844615,0
3,2,1001,939.8,546.4,939.8,546.4,0.364825377,0,0.139860568,0,0.588343524,0,9.883952759,1.179533799,29.46720134,0
3,3,1001.8,978,673.4,978,673.4,0.518470983,0,0.232786427,0,0.879300303,0,15.54357773,1.196438167,24.67053264,0
3,4,1001.4,991.2,748.8,991.2,748.8,0.722385189,0,0.317950166,0,1.209627192,0,21.53657792,1.190299492,21.99864293,0
3,5,1001,995.8,803.2,995.8,803.2,0.833365766,0,0.385817724,0,1.47276247,0,26.47727261,1.179268304,19.90269252,0
3,6,1000.6,998.4,836.2,998.4,836.2,0.870680464,0,0.467920862,0,1.809676999,0,32.18147964,1.154099973,18.53487058,0
3,7,1001.2,998.4,858,998.4,858,0.89891936,0,0.522760707,0,2.094747319,0,37.96493977,1.148204092,16.94099155,0
3,8,1001.4,1000,885.4,1000,885.4,0.923912487,0,0.54844166,0,2.344842679,0,43.10173375,1.144302479,16.19131719,0
3,9,1002,1001.4,892.6,1001.4,892.6,0.957487926,0,0.580835292,0,2.658084949,0,49.76310572,1.133918053,15.356653,0
3,10,1001.6,1000.2,899.8,1000.2,899.8,0.973244079,0,0.588260177,0,2.918249388,0,53.89393657,1.140909652,14.63414453,0
3,20,1001.8,1001.6,947.8,1001.6,947.8,1.010178264,0,0.720093256,0,5.901588637,0,108.5798271,1.101470195,10.48617833,0
3,30,1000.6,1000.4,965.6,1000.4,965.6,1.020591013,0,0.830896041,0,8.943348984,0,166.5076838,1.086945367,8.469565311,0
3,40,1000.6,1000.2,969.8,1000.2,969.8,1.025186414,0,0.905857742,0,12.02098384,0,226.1894866,1.083496073,7.304459825,0
3,50,1002,1002,973.4,1002,973.4,1.02215016,0,0.959680154,0,15.0514534,0,284.8632643,1.069812067,6.719589016,0
4,0.1,1002,99.6,41,99.6,41,0.048311798,0,0.002196408,0,0.247278463,0,1.21230593,1.02004076,77.93187957,0
4,0.2,1000.8,181,71.4,181,71.4,0.086741364,0,0.006396009,0,0.253967922,0,1.281856035,1.028192178,77.41818725,0
4,0.3,1002,250.2,92.4,250.2,92.4,0.133352011,0,0.008381251,0,0.333968365,0,1.343207774,1.030207348,72.93631599,0
4,0.4,1001.8,343.4,124.2,343.4,124.2,0.152260416,0,0.011978322,0,0.313000175,0,1.460724241,1.052546213,72.05425462,0
4,0.5,1002,455.6,158.6,455.6,158.6,0.187632007,0,0.015769466,0,0.303667969,0,1.786196707,1.049311973,63.37146465,0
4,0.6,1001.8,524.6,174.2,524.6,174.2,0.23640989,0,0.018966759,0,0.367263426,0,1.953602099,1.052304144,60.50918472,0
4,0.7,1001.8,608.2,207.8,608.2,207.8,0.24553014,0,0.025749742,0,0.366210011,0,2.314608411,1.071289075,56.94870855,0
4,0.8,1002.2,628.6,220.6,628.6,220.6,0.250299536,0,0.034725044,0,0.381929714,0,2.840207834,1.089408654,53.80195641,0
4,0.9,1002,718.8,247,718.8,247,0.249917444,0,0.041715457,0,0.364433334,0,3.23941886,1.075922569,48.27040098,0
4,1,1002.6,731.4,272.2,731.4,272.2,0.270296326,0,0.047474578,0,0.410755654,0,3.650417038,1.118938902,47.19969556,0
4,2,1002,911.6,459.8,911.6,459.8,0.379433822,0,0.123730331,0,0.588382637,0,9.056404333,1.18294248,30.67504754,0
4,3,1000.8,971.6,596.6,971.6,596.6,0.554555866,0,0.216829851,0,0.888761793,0,15.07820014,1.194446158,25.45243767,0
4,4,1000.4,982.6,685.4,982.6,685.4,0.702315285,0,0.296878921,0,1.155256507,0,20.54818247,1.230962242,22.87891301,0
4,5,1001.4,993.4,725.8,993.4,725.8,0.809465039,0,0.369087899,0,1.417779752,0,25.05044724,1.223397564,21.21936343,0
4,6,1001.6,997.8,774.2,997.8,774.2,0.882396627,0,0.446099596,0,1.763864194,0,30.71558522,1.207862985,19.52215807,0
4,7,1001.6,998.2,808.6,998.2,808.6,0.894766511,0,0.514774248,0,2.046004471,0,37.70774812,1.190667532,17.53011708,0
4,8,1002.4,999.8,830.6,999.8,830.6,0.921785976,0,0.556070613,0,2.334042693,0,43.17314527,1.172432964,16.67892876,0
4,9,1001,999,854.8,999,854.8,0.952847533,0,0.568035786,0,2.579814786,0,47.87711889,1.183759992,15.62937437,0
4,10,1002.2,1000.6,870.2,1000.6,870.2,0.963479287,0,0.5919099,0,2.864939159,0,53.72643751,1.166421378,14.57522972,0
4,20,1001,1001,934.8,1001,934.8,0.999999004,0,0.718680472,0,5.873956112,0,109.0210611,1.168634148,10.84548533,0
4,30,1000.8,1000.6,948.4,1000.6,948.4,1.01139261,0,0.822339792,0,8.875902219,0,167.9973966,1.141645908,8.72356783,0
4,40,1002.8,1002.8,958.8,1002.8,958.8,1.020352796,0,0.910660903,0,11.83041809,0,222.8125297,1.118505616,7.549588326,0
4,50,1003.6,1003.4,965.2,1003.4,965.2,1.019141473,0,0.940221924,0,14.90711723,0,276.6612894,1.107304589,6.590132366,0
5,0.1,1001.6,73.8,33.2,73.8,33.2,0.06189442,0,0.001597605,0,0.26719041,0,1.172122807,1.011428571,78.18704944,0
5,0.2,1002.2,144.8,55.4,144.8,55.4,0.099317963,0,0.003787651,0,0.302558977,0,1.229801753,1.010941176,74.80246436,0
5,0.3,1003.8,209.4,82.2,209.4,82.2,0.155290548,0,0.006382074,0,0.349425198,0,1.325994048,1.018925623,71.43572079,0
5,0.4,1003.4,286.2,104.6,286.2,104.6,0.212920504,0,0.008773895,0,0.453286867,0,1.336776594,1.023335657,69.18956492,0
5,0.5,1004.4,374.4,129,374.4,129,0.247040892,0,0.010352657,0,0.451486885,0,1.576492647,1.038913442,68.58773107,0
5,0.6,1002.8,437,152.6,437,152.6,0.246109211,0,0.018146415,0,0.441711785,0,1.855143862,1.047094418,62.16149165,0
5,0.7,1002.6,491.6,171.8,491.6,171.8,0.271699404,0,0.021552547,0,0.428329138,0,1.993969806,1.05830277,61.88139158,0
5,0.8,1002,529.8,177.8,529.8,177.8,0.271865562,0,0.020756716,0,0.428503286,0,2.04578774,1.044109603,61.5664792,0
5,0.9,1002.4,595.6,203.6,595.6,203.6,0.295118925,0,0.023746133,0,0.430720164,0,2.444585452,1.076877461,55.86559553,0
5,1,1003,674.8,235.8,674.8,235.8,0.305657779,0,0.039474298,0,0.449350074,0,3.258299843,1.089690186,49.13344748,0
5,2,1002,889.4,403.2,889.4,403.2,0.387837367,0,0.113379165,0,0.60890854,0,8.343037761,1.17447968,32.66728798,0
5,3,1003.4,950,514.6,950,514.6,0.546959377,0,0.195935568,0,0.876362599,0,13.49657839,1.221117716,27.29799889,0
5,4,1002.2,975.4,607,975.4,607,0.68605875,0,0.258212259,0,1.118584617,0,18.71812451,1.223294298,24.0262874,0
5,5,1005,992.6,687,992.6,687,0.812128999,0,0.356218212,0,1.427603161,0,24.56556977,1.24394238,21.58264274,0
5,6,1002.8,995,720.8,995,720.8,0.855592688,0,0.439953606,0,1.679286445,0,29.74212829,1.224449077,19.941477,0
5,7,1002.8,996,754.2,996,754.2,0.890110784,0,0.503984895,0,2.03651105,0,35.41226925,1.200711931,19.00018188,0
5,8,1000.6,997.2,781.4,997.2,781.4,0.939644526,0,0.539083929,0,2.381458584,0,40.88088249,1.192189166,17.52711764,0
5,9,1003.8,1001.2,811,1001.2,811,0.949205231,0,0.574224833,0,2.62016913,0,47.58211393,1.193997432,16.47470457,0
5,10,1004.2,1002,834.2,1002,834.2,0.974918926,0,0.578190351,0,2.906837209,0,52.66161899,1.19148322,15.31570867,0
5,20,1002.6,1001.4,906.2,1001.4,906.2,0.997604786,0,0.723323499,0,5.879176342,0,108.8404213,1.191992235,10.9951927,0
5,30,1004.8,1003.8,942.4,1003.8,942.4,1.006163808,0,0.827022973,0,8.865558009,0,164.5125473,1.190515516,9.107397594,0
5,40,1001.6,1001.4,945.2,1001.4,945.2,1.022163465,0,0.901957324,0,11.71733456,0,214.3731759,1.147568591,7.754527534,0
5,50,1003,1002.6,953.4,1002.6,953.4,1.03011332,0,0.944165825,0,14.80418319,0,277.1525378,1.151244532,6.944415331,0
6,0.1,1001.2,68,32.6,68,32.6,0.072506232,0,0.001997207,0,0.41385938,0,1.221886854,1,75.75912178,0
6,0.2,1004.2,132,57.2,132,57.2,0.095360721,0,0.002392636,0,0.294422421,0,1.272127128,1.015479842,71.78495803,0
6,0.3,1002.6,209.2,83.8,209.2,83.8,0.162632288,0,0.008174148,0,0.402440095,0,1.301624824,1.028774436,71.14136168,0
6,0.4,1002.2,238.4,92.4,238.4,92.4,0.254137237,0,0.006384846,0,0.539307962,0,1.333826293,1.026700239,67.83489871,0
6,0.5,1001.2,278.6,110.4,278.6,110.4,0.271007555,0,0.012179722,0,0.608625903,0,1.412713624,1.020757245,66.94044027,0
6,0.6,1001.4,342.4,125.2,342.4,125.2,0.263804702,0,0.012382438,0,0.488847188,0,1.5256994,1.049027034,64.41823911,0
6,0.7,1002.6,432.4,149.2,432.4,149.2,0.342750106,0,0.015561936,0,0.563247717,0,1.688981438,1.038973934,64.63265845,0
6,0.8,1002.6,499.4,166.4,499.4,166.4,0.343797439,0,0.022544042,0,0.515661138,0,2.041043794,1.057790124,58.52459979,0
6,0.9,1003.8,517,173.4,517,173.4,0.333785349,0,0.025900267,0,0.529890288,0,2.099523069,1.040166263,57.54748686,0
6,1,1004.4,556,183.4,556,183.4,0.371887791,0,0.028882667,0,0.557366514,0,2.352586938,1.064505026,56.14088118,0
6,2,1001,867.4,348,867.4,348,0.443942224,0,0.103703209,0,0.665441737,0,7.147745893,1.144264842,35.45358331,0
6,3,1002.6,930.8,462.8,930.8,462.8,0.571345934,0,0.175131772,0,0.891620282,0,12.77183048,1.190044643,28.04392287,0
6,4,1004.2,967.6,556.8,967.6,556.8,0.694134385,0,0.264088784,0,1.149288711,0,17.27303382,1.231604502,25.47414324,0
6,5,1002.2,984,621.2,984,621.2,0.827770341,0,0.351830184,0,1.497226347,0,23.34316944,1.230509488,22.41130623,0
6,6,1003.4,988.4,674,988.4,674,0.859493814,0,0.41839578,0,1.681037748,0,28.23882771,1.225544398,21.28053891,0
6,7,1002.4,992.6,714.4,992.6,714.4,0.880095743,0,0.469450544,0,1.930100701,0,33.72029682,1.217370066,20.1856053,0
6,8,1003,997,755.4,997,755.4,0.922433569,0,0.534588498,0,2.275162318,0,40.20374222,1.201457251,17.86344204,0
6,9,1004,1000.8,782.8,1000.8,782.8,0.94522474,0,0.552991939,0,2.536082869,0,44.78930699,1.232010705,17.35416629,0
6,10,1001.6,1000.2,793.6,1000.2,793.6,0.955273432,0,0.572474882,0,2.851022915,0,51.22657508,1.215389843,16.27388808,0
6,20,1002.6,1000.6,894.4,1000.6,894.4,0.999005168,0,0.703971049,0,5.902221076,0,107.7895804,1.257641743,11.49978672,0
6,30,1004.4,1004.4,929.4,1004.4,929.4,1.016326556,0,0.82098762,0,8.815271224,0,159.9923488,1.20329107,9.092706955,0
6,40,1004.4,1004.2,939.4,1004.2,939.4,1.03007791,0,0.899636388,0,11.80913536,0,218.7480437,1.206544896,8.128267063,0
6,50,1002.6,1002.4,945.8,1002.4,945.8,1.025127229,0,0.942549755,0,14.87862895,0,272.1921868,1.17614213,6.981596147,0
7,0.1,1001.6,51,24.8,51,24.8,0.061111976,0,0.00059801,0,0.373220271,0,1.24875892,1.01215971,75.29474659,0
7,0.2,1003.6,124.4,58.4,124.4,58.4,0.118436666,0,0.002988664,0,0.387708089,0,1.238764057,1.016838235,71.15314804,0
7,0.3,1003.4,162,68.2,162,68.2,0.168889464,0,0.004187451,0,0.529030927,0,1.258960546,1.020675167,71.56031471,0
7,0.4,1005,215.8,84.8,215.8,84.8,0.255529465,0,0.006172167,0,0.523009026,0,1.274290247,1.030115636,69.79997484,0
7,0.5,1002.8,241.4,93.4,241.4,93.4,0.2588162,0,0.008776482,0,0.587581573,0,1.355901174,1.022740495,69.93445611,0
7,0.6,1002.4,293.8,111.2,293.8,111.2,0.288100243,0,0.01276752,0,0.575663626,0,1.469199244,1.028548981,66.42104754,0
7,0.7,1003.2,381.2,133,381.2,133,0.353672353,0,0.015149388,0,0.60064633,0,1.60309562,1.034810386,63.81391439,0
7,0.8,1002.8,402.4,140.8,402.4,140.8,0.397088292,0,0.013558348,0,0.652661365,0,1.632316704,1.037759428,62.17682713,0
7,0.9,1003.8,474.6,164.2,474.6,164.2,0.441079823,0,0.020922907,0,0.664718025,0,1.820646756,1.042580782,60.20689249,0
7,1,1005,484.4,169.6,484.4,169.6,0.528773657,0,0.022097402,0,0.80739415,0,2.050653788,1.040632458,57.15971224,0
7,2,1004.8,832.6,314.2,832.6,314.2,0.522072502,0,0.089353365,0,0.746401298,0,6.141263529,1.143899724,35.8995868,0
7,3,1003.4,909.2,428.8,909.2,428.8,0.586709094,0,0.167822292,0,0.914417536,0,11.76505877,1.198226633,29.84888228,0
7,4,1006.6,950.8,506.6,950.8,506.6,0.698369516,0,0.220167698,0,1.104957879,0,15.83358812,1.22620759,26.61550668,0
7,5,1004.4,972.2,578,972.2,578,0.78516333,0,0.318997401,0,1.373599887,0,21.96401483,1.24138451,23.79506512,0
7,6,1003.8,989.2,634.4,989.2,634.4,0.855564911,0,0.394143572,0,1.658011853,0,27.24125105,1.251954945,21.56523878,0
7,7,1001.6,991.8,672.4,991.8,672.4,0.878000547,0,0.473242109,0,1.924392807,0,32.9848439,1.24682804,20.34725086,0
7,8,1002.8,996.2,706,996.2,706,0.914037033,0,0.524741966,0,2.2446405,0,39.50938898,1.246788546,18.77276646,0
7,9,1003.8,999.6,734.2,999.6,734.2,0.941008144,0,0.540745467,0,2.474053743,0,42.8516161,1.234998794,17.88311172,0
7,10,1001,996.6,752.6,996.6,752.6,0.968231742,0,0.572033818,0,2.79621315,0,50.31940557,1.227881585,16.96393613,0
7,20,1004,1003,863.4,1003,863.4,0.994819898,0,0.698020156,0,5.634192274,0,104.2851184,1.309649751,11.80252315,0
7,30,1002.6,1002.2,910.2,1002.2,910.2,1.006587447,0,0.81229529,0,8.6292242,0,160.5328497,1.254587674,9.419019041,0
7,40,1002.4,1001.6,922.2,1001.6,922.2,1.013764161,0,0.885492472,0,11.55369239,0,214.2946884,1.225921355,8.246434451,0
7,50,1004.2,1003.4,935.4,1003.4,935.4,1.033077985,0,0.944225879,0,14.36301788,0,265.6609824,1.199592569,7.235300318,0
8,0.1,1004.6,54,30,54,30,0.049974126,0,0.00179224,0,0.38179669,0,1.184545777,1.006896552,73.07420832,0
8,0.2,1004.6,107.6,48,107.6,48,0.123394162,0,0.003982102,0,0.51434712,0,1.204463419,1.007407407,66.84709086,0
8,0.3,1003.2,157.6,69.2,157.6,69.2,0.281908527,0,0.005979119,0,0.676614653,0,1.362181226,1.01,68.18868841,0
8,0.4,1005.4,170.4,73,170.4,73,0.220107531,0,0.007758656,0,0.59972005,0,1.244127818,1.024337265,70.10974743,0
8,0.5,1006.4,265,99.2,265,99.2,0.364098886,0,0.009539812,0,0.845039813,0,1.388201084,1.029140995,64.06108106,0
8,0.6,1002.8,251.2,95.8,251.2,95.8,0.274796556,0,0.012768313,0,0.632120287,0,1.337578477,1.027164231,66.01941577,0
8,0.7,1003.4,301.6,106.4,301.6,106.4,0.363183426,0,0.00956676,0,0.725727384,0,1.527181183,1.024528206,64.42602702,0
8,0.8,1004.2,380.2,133.6,380.2,133.6,0.536861315,0,0.012348785,0,0.821755563,0,1.529847218,1.025584243,62.79930501,0
8,0.9,1002.8,395.4,134,395.4,134,0.389280847,0,0.01555183,0,0.736899402,0,1.688034745,1.032957095,59.17736882,0
8,1,1006.2,462.4,155,462.4,155,0.530507979,0,0.024856383,0,0.834408694,0,1.914466671,1.049521006,58.2595085,0
8,2,1004.4,786.8,275.4,786.8,275.4,0.573777723,0,0.07050781,0,0.810814524,0,5.195665267,1.110368703,39.57091706,0
8,3,1003.4,883.4,384.6,883.4,384.6,0.64973316,0,0.15703415,0,0.975048915,0,11.0805574,1.182844798,31.60878,0
8,4,1003.4,929.4,480,929.4,480,0.732125923,0,0.2332123,0,1.196196573,0,16.30281259,1.228188466,26.84050917,0
8,5,1004.8,967.8,536.8,967.8,536.8,0.815452683,0,0.306505926,0,1.416108542,0,20.51750777,1.239428754,24.5020971,0
8,6,1005,984.2,587.8,984.2,587.8,0.865263156,0,0.37013859,0,1.6390397,0,24.9172287,1.256906098,23.14442729,0
8,7,1004.2,987.8,618.2,987.8,618.2,0.894406613,0,0.416260754,0,1.84572974,0,29.06043418,1.243717753,21.58261171,0
8,8,1002,992.8,657,992.8,657,0.933360813,0,0.483434102,0,2.18063382,0,35.10936657,1.237473667,19.96262296,0
8,9,1006.2,1000.6,711.6,1000.6,711.6,0.929243846,0,0.53330712,0,2.482943837,0,42.35377503,1.243581678,18.57930193,0
8,10,1001.4,998.2,738.2,998.2,738.2,0.958846522,0,0.564810282,0,2.784091305,0,48.16496495,1.26425931,17.5906487,0
8,20,1005.6,1004.2,837.4,1004.2,837.4,1.00018732,0,0.694906629,0,5.819382709,0,102.0361847,1.340822153,12.58407663,0
8,30,1004.8,1002.6,887,1002.6,887,1.008758077,0,0.803360333,0,8.742580204,0,155.6844535,1.261937919,10.03529448,0
8,40,1002.2,1001.8,908.2,1001.8,908.2,1.020953608,0,0.890445985,0,11.5038788,0,212.2012047,1.280097245,8.480586912,0
8,50,1005.6,1005.4,922.8,1005.4,922.8,1.014308455,0,0.935730319,0,14.53543739,0,266.3282181,1.247918604,7.386983236,0
9,0.1,1005.2,49.4,23.4,49.4,23.4,0.048951416,0,0.001591259,0,0.419510552,0,1.48415563,1.023376623,73.11744939,0
9,0.2,1006.6,95,49.4,95,49.4,0.15306106,0,0.002382358,0,0.60148345,0,1.2234336,1.010551416,68.97050705,0
9,0.3,1008,114.8,57,114.8,57,0.148737676,0,0.003767909,0,0.614691059,0,1.307009768,1.013841931,68.37219025,0
9,0.4,1002.6,155.6,71.2,155.6,71.2,0.202261189,0,0.005784857,0,0.686056105,0,1.186848069,1.016099907,69.02419164,0
9,0.5,1004.6,203.2,80,203.2,80,0.341013128,0,0.008364166,0,0.891572029,0,1.37571332,1.014565483,60.85179448,0
9,0.6,1003.4,236,92.6,236,92.6,0.356674234,0,0.008972747,0,0.798844927,0,1.340023166,1.021581522,66.46416542,0
9,0.7,1005.2,282.4,105.6,282.4,105.6,0.444526645,0,0.009156102,0,0.762712134,0,1.475766661,1.016936624,64.61516101,0
9,0.8,1000.6,286.4,105.8,286.4,105.8,0.407942619,0,0.009992213,0,0.850316805,0,1.428142828,1.021692889,62.35396577,0
9,0.9,1004.2,345.8,122.6,345.8,122.6,0.566995583,0,0.013541488,0,0.874654075,0,1.524974632,1.03411716,64.03254257,0
9,1,1007.8,413.2,145.6,413.2,145.6,0.530440823,0,0.01647891,0,0.867177736,0,1.67345454,1.052915183,60.59635815,0
9,2,1006.4,698.6,243.6,698.6,243.6,0.646806892,0,0.05105908,0,0.914838758,0,3.79540528,1.094688863,46.08048608,0
9,3,1003.6,882.2,361.2,882.2,361.2,0.699778719,0,0.158358605,0,1.059205313,0,10.29111217,1.170965826,31.28404661,0
9,4,1001.8,932.4,440.2,932.4,440.2,0.714337308,0,0.215803538,0,1.158882228,0,14.96053408,1.225122507,27.47039944,0
9,5,1006.6,960.4,510.6,960.4,510.6,0.841254835,0,0.294646658,0,1.471001728,0,19.79739893,1.262862162,25.27267019,0
9,6,1007.2,979.8,555.4,979.8,555.4,0.876325446,0,0.355892599,0,1.633288282,0,23.90400972,1.270842325,23.47556185,0
9,7,1007.6,986.2,599,986.2,599,0.913817658,0,0.429530477,0,1.929154223,0,29.89643338,1.266291517,21.55276008,0
9,8,1006,994,638.6,994,638.6,0.917877331,0,0.475572201,0,2.134433246,0,34.42394048,1.262503256,20.47778282,0
9,9,1004,994.4,666.6,994.4,666.6,0.94323392,0,0.528122678,0,2.402030621,0,40.38778295,1.25841182,19.42023448,0
9,10,1004.4,999.6,704,999.6,704,0.983431192,0,0.548799253,0,2.722693786,0,45.45183408,1.261543271,18.75119894,0
9,20,1002.8,1000,815.6,1000,815.6,1.001392234,0,0.676497468,0,5.486653753,0,99.24662786,1.379498758,12.74612928,0
9,30,1004.4,1002.8,871.2,1002.8,871.2,1.006772375,0,0.805074409,0,8.453815603,0,154.7706908,1.32404441,10.07271608,0
9,40,1006.2,1005.6,901,1005.6,901,1.02111042,0,0.88232911,0,11.2451822,0,209.822161,1.286129003,8.686027186,0
9,50,1005,1004.4,910.8,1004.4,910.8,1.012161126,0,0.921210723,0,14.08450851,0,260.3953376,1.247448168,7.604048816,0
10,0.1,1003.4,51.6,23.4,51.6,23.4,0.063781708,0,0.001593826,0,0.512482903,0,1.494559808,1.034841629,63.66604901,0
10,0.2,1005.2,70.6,37.6,70.6,37.6,0.104195898,0,0.001392646,0,0.430758043,0,1.184355218,1.039150037,76.67711109,0
10,0.3,1005,116.6,53.4,116.6,53.4,0.221666875,0,0.003581501,0,0.85346047,0,1.285333583,1.035347779,66.09523623,0
10,0.4,1005.4,147.8,66.6,147.8,66.6,0.219553625,0,0.003582419,0,0.717116325,0,1.323987744,1.023076578,63.37739066,0
10,0.5,1003.8,184.4,76.4,184.4,76.4,0.292561641,0,0.006583727,0,0.72581643,0,1.258435167,1.025876543,63.75753119,0
10,0.6,1002.6,242,93,242,93,0.392936719,0,0.010177871,0,0.844022292,0,1.281002566,1.021594556,63.72021354,0
10,0.7,1005,238.6,94.8,238.6,94.8,0.311747896,0,0.008967243,0,0.707195587,0,1.367536991,1.008374809,62.8710865,0
10,0.8,1008.2,288.8,109.4,288.8,109.4,0.369451921,0,0.010706457,0,0.747188346,0,1.374011646,1.031475698,62.39800769,0
10,0.9,1004.4,320.8,117.8,320.8,117.8,0.60874768,0,0.011539066,0,1.017139204,0,1.458408446,1.03213028,62.39118494,0
10,1,1006,318.2,119.8,318.2,119.8,0.392372087,0,0.009539938,0,0.779333354,0,1.469490265,1.041500952,60.72220254,0
10,2,1003,703.4,239.8,703.4,239.8,0.723037792,0,0.054046405,0,1.014768253,0,4.132885225,1.104358153,44.19001544,0
10,3,1007,856.2,327,856.2,327,0.846680715,0,0.115943434,0,1.202053466,0,8.467273706,1.146271516,33.10528138,0
10,4,1003.6,907.2,397.8,907.2,397.8,0.87674725,0,0.192331301,0,1.329225627,0,13.6507163,1.199489586,28.14524715,0
10,5,1007,953,482.6,953,482.6,0.876734065,0,0.28663579,0,1.472587801,0,19.50229448,1.232330621,25.44218706,0
10,6,1007.4,968,514.6,968,514.6,0.90696365,0,0.335580646,0,1.648143079,0,22.57278028,1.237457328,24.27186507,0
10,7,1005.6,984.2,566.2,984.2,566.2,0.908145345,0,0.425046963,0,1.889981082,0,29.19705374,1.247917014,21.87378207,0
10,8,1002.2,979,596,979,596,0.929081118,0,0.451972439,0,2.061497574,0,32.56831784,1.278794639,21.57179331,0
10,9,1004.8,992,642.6,992,642.6,0.939293082,0,0.500413681,0,2.324176853,0,38.42905269,1.277362846,19.8494222,0
10,10,1010.6,1001,662.6,1001,662.6,0.975867367,0,0.531718948,0,2.612640227,0,43.45254249,1.284856617,19.52278002,0
10,20,1003.6,1001,787.6,1001,787.6,1.008779441,0,0.657233519,0,5.267435717,0,93.57303658,1.399187005,13.59640006,0
10,30,1005.4,1004.2,868.4,1004.2,868.4,1.017757583,0,0.789174512,0,8.17122851,0,152.959274,1.371820904,10.71286221,0
10,40,1003,1001.6,891,1001.6,891,1.018767997,0,0.878552419,0,11.11541208,0,208.5173303,1.320040989,8.603333405,0
10,50,1004.2,1002.8,901.6,1002.8,901.6,1.014153794,0,0.916558742,0,13.89827365,0,255.9574644,1.295096868,7.725568172,0
20,0.1,1006.4,29.8,18.6,29.8,18.6,0.041938144,0,0.001990285,0,0.788400032,0,1.262458566,1.028333333,74.93599731,0
20,0.2,1011.8,49.8,25,49.8,25,0.15696901,0,0.00099251,0,0.775235195,0,1.382450771,1.008695652,59.6722495,0
20,0.3,1006,60,36.2,60,36.2,0.120256548,0,0.002977262,0,0.835512096,0,1.264250839,1.076847507,63.01196781,0
20,0.4,1002.8,77.2,44.6,77.2,44.6,0.210759877,0,0.002591438,0,0.970128329,0,1.130892063,1.024293049,63.30128628,0
20,0.5,1013.4,109,55.2,109,55.2,0.276964275,0,0.005720609,0,0.897607392,0,1.134425565,1.043619716,62.66798421,0
20,0.6,1012.6,117.4,61.4,117.4,61.4,0.354298839,0,0.003748616,0,1.107555035,0,1.228042991,1.050811451,62.77403268,0
20,0.7,1012.4,153.8,79.8,153.8,79.8,0.397881156,0,0.005334606,0,1.05991566,0,1.281538242,1.037709004,62.57825177,0
20,0.8,1008,129.2,64.8,129.2,64.8,0.322530877,0,0.003770896,0,0.958779346,0,1.225254276,1.071183491,66.19661512,0
20,0.9,1014.4,179.2,85,179.2,85,0.559422478,0,0.006896969,0,1.503374175,0,1.255821312,1.062471505,63.79408738,0
20,1,1009.2,166.8,78.2,166.8,78.2,0.564540868,0,0.00654306,0,1.362528948,0,1.232997216,1.044557277,60.76571468,0
20,2,1007.2,379.4,133.2,379.4,133.2,0.990883164,0,0.017463702,0,1.730335692,0,1.676671259,1.062235692,55.49699797,0
20,3,1007,540,180.8,540,180.8,1.357691933,0,0.032370799,0,2.022590741,0,2.447733307,1.084870272,48.70462293,0
20,4,1006.8,690,219.6,690,219.6,1.843549218,0,0.059393891,0,2.510090992,0,4.409804236,1.092386198,40.56352537,0
20,5,1012.6,782.8,273.6,782.8,273.6,1.403361479,0,0.099327743,0,2.025174949,0,8.171369748,1.118199987,34.41475512,0
20,6,1006.4,822.2,300.4,822.2,300.4,1.399186854,0,0.150561024,0,2.098750292,0,11.25729496,1.132228317,33.10271488,0
20,7,1010.4,879.2,352.8,879.2,352.8,1.421867749,0,0.228266469,0,2.262143369,0,16.19049334,1.192264183,29.2940155,0
20,8,1007,914.2,387.4,914.2,387.4,1.406927546,0,0.294402364,0,2.392224664,0,20.99542514,1.219454434,26.28127477,0
20,9,1010,928.8,419.4,928.8,419.4,1.354673586,0,0.348019526,0,2.549910356,0,24.71779081,1.239608892,25.45299654,0
20,10,1008.4,953.2,451.8,953.2,451.8,1.264800468,0,0.421541756,0,2.714438669,0,30.8313484,1.3788915,23.74999162,0
20,20,1008.6,1001.4,636.6,1001.4,636.6,1.227011792,0,0.589567232,0,4.880075903,0,76.40217575,1.562691082,17.32302098,0
20,30,1003.8,1000.6,724.6,1000.6,724.6,1.07261676,0,0.715056107,0,7.413269908,0,131.5920143,1.556482837,13.74637335,0
20,40,1010.6,1009.6,769.2,1009.6,769.2,1.035574838,0,0.800703224,0,9.617919149,0,176.1515297,1.534390692,11.71291395,0
20,50,1014.6,1013,790.8,1013,790.8,1.046057392,0,0.855061718,0,12.30720023,0,223.9078519,1.491095018,10.25066244,0
30,0.1,1018.6,28.4,16.8,28.4,16.8,0.052935531,0,0.001376884,0,0.599086812,0,1.667106205,1.042073935,64.29326976,0
30,0.2,1013.4,37.2,24,37.2,24,0.073612286,0,0.001779716,0,0.534301994,0,1.493048433,1.077866126,65.76579316,0
30,0.3,1009.6,54,34.2,54,34.2,0.228580249,0,0.001386192,0,1.129077075,0,1.277088588,1.024668756,62.95614849,0
30,0.4,1019.8,66.6,42.8,66.6,42.8,0.264000087,0,0.002936185,0,1.228430571,0,1.238015008,1.082387224,56.16508706,0
30,0.5,1013.4,73.2,43.4,73.2,43.4,0.208635046,0,0.001184611,0,0.924797429,0,1.322562997,1.088146195,60.2819963,0
30,0.6,1013.2,74.4,49.8,74.4,49.8,0.230189544,0,0.00434765,0,1.167816855,0,1.268971086,1.049980354,62.71147876,0
30,0.7,1010.4,95.2,55.8,95.2,55.8,0.288946402,0,0.003762329,0,1.00703343,0,1.232250577,1.039652174,60.002463,0
30,0.8,1016.8,102.2,64.4,102.2,64.4,0.40553473,0,0.002947989,0,1.339542174,0,1.234054695,1.082147454,62.01186617,0
30,0.9,1013,121.4,68.4,121.4,68.4,0.549840103,0,0.00354989,0,1.372097477,0,1.21343519,1.065825472,59.2064732,0
30,1,1011.4,121.8,72.4,121.8,72.4,0.389096532,0,0.004556151,0,1.194116838,0,1.229079242,1.070558578,60.52095789,0
30,2,1021.2,273.4,111.8,273.4,111.8,1.011336532,0,0.011943496,0,1.942442259,0,1.421552923,1.036059603,59.07752115,0
30,3,1017.2,366.2,148.8,366.2,148.8,1.098790658,0,0.015727447,0,1.850773631,0,1.641087967,1.081173778,57.31061873,0
30,4,1020,493.6,168,493.6,168,1.51919045,0,0.020797898,0,2.331646624,0,1.93210676,1.086561283,49.46745926,0
30,5,1009,607.8,199.2,607.8,199.2,1.989067066,0,0.042592398,0,2.937251187,0,3.396134978,1.085762922,44.28100396,0
30,6,1013.2,679.6,224.8,679.6,224.8,2.101844648,0,0.067694391,0,3.064461328,0,5.125628853,1.1353674,42.29741332,0
30,7,1010.4,772.6,250.6,772.6,250.6,2.130558993,0,0.112431361,0,3.069758109,0,7.499771835,1.12729309,34.9932415,0
30,8,1014.4,786.4,269.4,786.4,269.4,1.797262002,0,0.149990014,0,2.733248839,0,11.24438583,1.146826473,33.38911459,0
30,9,1016,840.6,307.4,840.6,307.4,1.914174796,0,0.201642052,0,3.00296319,0,15.56516469,1.195357865,29.10022689,0
30,10,1014.8,851.6,311,851.6,311,2.074073876,0,0.219165215,0,3.224790778,0,16.44475772,1.203475949,28.03931222,0
30,20,1014.6,985,500.6,985,500.6,1.737110306,0,0.528266285,0,4.906303912,0,58.2211521,1.703963088,20.37712112,0
30,30,1013,1006.6,596.4,1006.6,596.4,1.264569109,0,0.620536356,0,6.289985753,0,98.63995884,1.674705201,16.78642051,0
30,40,1018,1013.2,671.2,1013.2,671.2,1.208642493,0,0.725068634,0,8.678368323,0,150.4886418,1.649601878,14.25466553,0
30,50,1016.4,1011.6,707,1011.6,707,1.104185826,0,0.785453506,0,10.960972,0,195.5597233,1.62006311,12.73048811,0
40,0.1,1021.4,19.2,14.6,19.2,14.6,0.061969064,0,0.000787671,0,0.46512605,0,1.293627451,1.042181818,66.52927171,0
40,0.2,1019.8,37,27.6,37,27.6,0.071519178,0,0.001767097,0,0.71031515,0,1.306019304,1.038349885,62.64811078,0
40,0.3,1025.4,41,31.8,41,31.8,0.111720527,0,0.001954564,0,0.766754792,0,1.322062412,1.069687105,71.84459562,0
40,0.4,1024.8,38.8,28.8,38.8,28.8,0.104380342,0,0.001165605,0,0.837075574,0,1.251302958,1.026579521,66.29068537,0
40,0.5,1023.8,59.6,40.4,59.6,40.4,0.219005695,0,0.001939768,0,0.884698915,0,1.297047079,1.063137563,60.3327761,0
40,0.6,1010.2,74.2,53,74.2,53,0.247692061,0,0.002580778,0,1.0723754,0,1.312443789,1.116041781,56.39523117,0
40,0.7,1010,74,49,74,49,0.418963147,0,0.00197601,0,1.526881334,0,1.178926959,1.07038006,61.1962631,0
40,0.8,1012,88.6,58,88.6,58,0.435814463,0,0.002169488,0,1.327970383,0,1.370216076,1.091449061,57.03355525,0
40,0.9,1019.8,88.2,55.4,88.2,55.4,0.31969606,0,0.002353064,0,1.246609942,0,1.442861927,1.075125689,61.79220268,0
40,1,1019.6,87.4,58.6,87.4,58.6,0.28812037,0,0.00235568,0,1.030962001,0,1.189470899,1.047886788,59.69042872,0
40,2,1018.8,199.8,99.8,199.8,99.8,0.637553184,0,0.008038567,0,1.485825582,0,1.416767653,1.15395379,59.46282787,0
40,3,1023,267,131.8,267,131.8,0.998370922,0,0.010184643,0,2.12627021,0,1.451723726,1.111045549,55.83496982,0
40,4,1022.4,355.2,156,355.2,156,1.310117471,0,0.013504313,0,2.251345271,0,1.600584585,1.18261494,53.5416729,0
40,5,1023.6,466.2,177,466.2,177,1.811341521,0,0.018766033,0,2.843324713,0,1.963907706,1.096651652,50.87055759,0
40,6,1023.6,549.4,197,549.4,197,1.999553859,0,0.02893493,0,3.034667559,0,2.665713062,1.150478435,48.0270748,0
40,7,1011.8,631.6,214.6,631.6,214.6,2.441780843,0,0.04668348,0,3.458819187,0,3.769053056,1.09474643,43.64066032,0
40,8,1022.6,677.2,233.4,677.2,233.4,2.289607293,0,0.058268171,0,3.356139416,0,4.300298206,1.109200986,41.00061128,0
40,9,1024,758.4,252.2,758.4,252.2,2.494181763,0,0.121035029,0,3.593120319,0,8.877933135,1.276416402,35.89409811,0
40,10,1027.8,784.6,266.8,784.6,266.8,2.074667012,0,0.1473506,0,3.291836469,0,11.22149972,1.255284208,33.41555717,0
40,20,1019,963.8,413.8,963.8,413.8,2.222527486,0,0.478679241,0,4.987283753,0,47.2839237,1.753572385,22.30814218,0
40,30,1015.6,999.4,504.6,999.4,504.6,2.00173208,0,0.564584146,0,6.45618871,0,80.90085572,1.670641589,18.71087308,0
40,40,1008.8,1001,567.6,1001,567.6,1.683062264,0,0.646243067,0,8.072029514,0,119.7803323,1.642378721,15.96055846,0
40,50,1012,1008.2,607.8,1008.2,607.8,1.500917117,0,0.730183592,0,9.972469773,0,162.7021339,1.633342425,14.22823219,0
50,0.1,1025.4,23.6,15,23.6,15,0.070659065,0,0.000789284,0,0.766218405,0,1.861273565,1.039583333,78.72584688,0
50,0.2,1037.6,31.4,23.8,31.4,23.8,0.051334811,0,0.000963863,0,0.451724155,0,1.43900959,1.02583878,62.34872292,0
50,0.3,1018.2,32.2,22,32.2,22,0.176463406,0,0.000787219,0,0.87276418,0,1.713446322,1.029047619,53.97612477,0
50,0.4,1028.4,38.6,26.6,38.6,26.6,0.122883285,0,0.002331607,0,1.164840703,0,1.381444281,1.022666667,61.44379718,0
50,0.5,1035.4,48.6,37.4,48.6,37.4,0.166275612,0,0.001748452,0,0.897774181,0,1.270243866,1.037334189,66.43933901,0
50,0.6,1032,57.6,41.6,57.6,41.6,0.21584238,0,0.002134554,0,0.903544998,0,1.395469286,1.068406891,59.13293715,0
50,0.7,1025,59,45.2,59,45.2,0.175052636,0,0.002321085,0,0.960863007,0,1.266788117,1.088690159,59.55457082,0
50,0.8,1022.4,64.2,48,64.2,48,0.185748776,0,0.001575427,0,0.956688471,0,1.309903484,1.083413359,61.43798891,0
50,0.9,1027.8,72.4,51.2,72.4,51.2,0.389908518,0,0.001962308,0,1.227092335,0,1.286253795,1.098919013,60.44844075,0
50,1,1017.4,66.2,52,66.2,52,0.232630794,0,0.001768002,0,0.978530133,0,1.234242483,1.117401417,57.15828694,0
50,2,1028,165.2,98.4,165.2,98.4,0.851258086,0,0.00543576,0,2.037391321,0,1.209376937,1.115579967,59.72531765,0
50,3,1027.4,242.2,122.8,242.2,122.8,1.046145715,0,0.007758904,0,1.927926302,0,1.311610826,1.188447743,55.85369839,0
50,4,1025.8,312.4,140.8,312.4,140.8,1.160715358,0,0.01302428,0,2.301357099,0,1.543121961,1.155376022,56.41369663,0
50,5,1026.4,395.4,170,395.4,170,1.440838384,0,0.019852074,0,2.301727853,0,1.695661275,1.157724946,52.46265348,0
50,6,1025.6,460.6,176.8,460.6,176.8,2.072991775,0,0.022053639,0,3.266211206,0,1.96750919,1.140751943,49.4906849,0
50,7,1032,508.4,186.6,508.4,186.6,1.952461624,0,0.026733937,0,3.020317024,0,2.294238488,1.138762823,46.98619466,0
50,8,1027.2,566.6,212,566.6,212,2.059190652,0,0.043334467,0,3.121277501,0,2.94498176,1.199102482,45.48023501,0
50,9,1018.8,660,223.2,660,223.2,2.52082684,0,0.067182471,0,3.859945311,0,4.774299143,1.27783367,39.5743354,0
50,10,1023,707.4,246,707.4,246,2.286671745,0,0.085846238,0,3.554242611,0,6.513175081,1.310799063,38.41891033,0
50,20,1032.4,928.8,360.2,928.8,360.2,2.397333096,0,0.421123624,0,4.790462257,0,35.30044563,1.63404782,24.77266216,0
50,30,1020.4,978.2,447.6,978.2,447.6,2.204811598,0,0.516294189,0,6.181197527,0,67.99521049,1.694137806,20.51873509,0
50,40,1037.4,1023.8,533.6,1023.8,533.6,1.984253839,0,0.593329343,0,7.516499293,0,101.5121587,1.65575283,17.96730792,0
50,50,1019.4,1009,548.4,1009,548.4,2.019478828,0,0.651665318,0,9.055679574,0,132.3624054,1.628395554,16.03702922,0
60,0.1,1026.2,18.8,14.8,18.8,14.8,0.020893549,0,0.000393701,0,0.487241379,0,1.698489327,1.054545455,73.66622627,0
60,0.2,1032,20.8,13.6,20.8,13.6,0.031627621,0,0.001165588,0,0.418166611,0,1.828911239,1,74.20582664,0
60,0.3,1036.8,28.4,20.2,28.4,20.2,0.05066364,0,0.00134498,0,0.652270026,0,1.745058895,1.052910053,61.98750077,0
60,0.4,1036.2,38.4,29,38.4,29,0.135898737,0,0.001345793,0,0.84784016,0,1.473135531,1.065303288,65.40730233,0
60,0.5,1031.4,44.6,34.2,44.6,34.2,0.158322613,0,0.001169973,0,0.989928025,0,1.259792108,1.027126437,61.35172994,0
60,0.6,1018.8,37.8,31.2,37.8,31.2,0.134542749,0,0.001574963,0,0.84991426,0,1.307879018,1.019198509,62.45798663,0
60,0.7,1027.6,55.2,40.4,55.2,40.4,0.231400931,0,0.002357446,0,1.039759615,0,1.217731643,1.054715393,62.95979883,0
60,0.8,1032.8,63.8,46.6,63.8,46.6,0.277715734,0,0.001931344,0,0.949218674,0,1.193535466,1.051981396,55.5633243,0
60,0.9,1032.2,68.4,51.6,68.4,51.6,0.323500909,0,0.002919689,0,1.063005208,0,1.298705243,1.072504809,63.52546777,0
60,1,1032,57.8,45.6,57.8,45.6,0.164895478,0,0.002121551,0,0.950888123,0,1.247295138,1.084110868,61.75266985,0
60,2,1039.4,151,95,151,95,0.706219319,0,0.005003804,0,1.76428564,0,1.190326083,1.194443129,55.11370956,0
60,3,1032.8,186.4,113,186.4,113,0.745971477,0,0.005798216,0,1.622983105,0,1.277314147,1.232840138,59.05858048,0
60,4,1028.4,257.2,147.2,257.2,147.2,1.034009908,0,0.008950158,0,1.971918786,0,1.385741654,1.242047396,56.12846371,0
60,5,1039.2,331.8,159,331.8,159,1.376383427,0,0.015259424,0,2.783669686,0,1.530199596,1.19433332,54.71578809,0
60,6,1040.4,357.6,177.2,357.6,177.2,1.254107389,0,0.015793424,0,2.302683059,0,1.591834232,1.238873137,54.42693722,0
60,7,1029,413.4,182.2,413.4,182.2,1.764641834,0,0.019826186,0,3.10073213,0,1.870136175,1.264661164,50.031151,0
60,8,1018.4,502,199.2,502,199.2,1.887671374,0,0.028427255,0,3.20924098,0,2.263894037,1.219873177,49.43446787,0
60,9,1021.4,536,205,536,205,2.183531181,0,0.030724812,0,3.430791155,0,2.511458633,1.240971486,47.19573386,0
60,10,1026.2,614,225.8,614,225.8,2.555910226,0,0.045047375,0,3.755192835,0,3.298815954,1.27677356,42.35032963,0
60,20,1025.8,859.6,308.4,859.6,308.4,2.842023492,0,0.294683796,0,4.850356009,0,22.30503652,1.553856765,27.47043922,0
60,30,1023,954.8,405,954.8,405,2.767750308,0,0.47065191,0,6.325536727,0,54.59925369,1.553461771,21.48306797,0
60,40,1042.6,1016.8,474,1016.8,474,2.452290124,0,0.539078051,0,7.128220362,0,78.26147615,1.680072634,19.31455863,0
60,50,1025.8,1011.8,524.4,1011.8,524.4,2.120068478,0,0.617585844,0,8.478897653,0,116.9991151,1.671621636,17.29708625,0
70,0.1,1023.8,20.6,15.8,20.6,15.8,0.046005112,0,0.000586008,0,0.429191919,0,1.926363636,1.013333333,59.77693838,0
70,0.2,1029.4,23.4,15,23.4,15,0.082896959,0,0.001547094,0,0.857368421,0,1.629157895,1.076071429,62.93136404,0
70,0.3,1043.2,21,16.6,21,16.6,0.117494441,0,0.000763742,0,0.970862471,0,1.5000999,1.088095238,70.95520288,0
70,0.4,1025.2,31.4,25,31.4,25,0.141816794,0,0.001174168,0,0.789136665,0,1.316712959,1.031507877,65.17758008,0
70,0.5,1013.4,45.2,34.4,45.2,34.4,0.346006247,0,0.001183534,0,1.655205002,0,1.473136706,1.075705575,53.25579695,0
70,0.6,1021.8,48.6,39.4,48.6,39.4,0.239371662,0,0.001187544,0,1.10270946,0,1.264796315,1.153830409,56.95691533,0
70,0.7,1022.8,47.8,35.8,47.8,35.8,0.125202492,0,0.001770177,0,0.805697373,0,1.383809035,1.055043839,55.53228174,0
70,0.8,1054,51.2,38,51.2,38,0.325787829,0,0.001895599,0,1.405819258,0,1.485018215,1.057861073,51.8259742,0
70,0.9,1028.6,61.8,48.4,61.8,48.4,0.164465709,0,0.001747499,0,0.947828442,0,1.216507519,1.16269478,63.12549334,0
70,1,1041.6,66.2,54.8,66.2,54.8,0.385733767,0,0.001752865,0,1.543495784,0,1.245806331,1.122846508,59.33405758,0
70,2,1022.2,114.2,79.4,114.2,79.4,0.61804392,0,0.004687877,0,1.694105699,0,1.242191097,1.163303437,60.59661622,0
70,3,1043.8,168.4,115.2,168.4,115.2,0.779597205,0,0.007477256,0,1.86384601,0,1.295454046,1.260679294,53.72218441,0
70,4,1034.6,218.2,135.4,218.2,135.4,0.853469352,0,0.00909543,0,1.776121774,0,1.379728651,1.202120187,57.77034961,0
70,5,1014.8,238,134.2,238,134.2,1.052403141,0,0.009869349,0,2.082103766,0,1.326861928,1.19468481,57.36582192,0
70,6,1031.4,336.6,177.6,336.6,177.6,1.734862457,0,0.014202004,0,2.899816675,0,1.462155421,1.232758972,54.1702924,0
70,7,1044.6,391.4,193.8,391.4,193.8,1.557368022,0,0.014722712,0,2.866814266,0,1.600682357,1.28864535,53.22057913,0
70,8,1029,441.6,193.2,441.6,193.2,1.616767861,0,0.020832071,0,2.728497482,0,1.97440084,1.206664353,50.33841731,0
70,9,1039.2,475.2,212.6,475.2,212.6,2.000656669,0,0.029599993,0,3.307180162,0,2.215768272,1.298741011,50.18415784,0
70,10,1041,525,212,525,212,2.24505758,0,0.029397134,0,3.593806567,0,2.25436574,1.255882591,48.13377288,0
70,20,1033.4,828,289.4,828,289.4,3.034829312,0,0.221070825,0,4.897750176,0,16.29833618,1.367297971,29.54708195,0
70,30,1038.8,948.4,377.8,948.4,377.8,2.553499621,0,0.446430236,0,5.595735649,0,44.78128044,1.644599337,23.2018558,0
70,40,1034,977.8,418.4,977.8,418.4,2.801435067,0,0.497290047,0,6.814641217,0,63.62854794,1.546799041,20.92754754,0
70,50,1047,1028.2,485.6,1028.2,485.6,2.731793826,0,0.570257054,0,8.34029703,0,96.30470993,1.668393562,18.37241875,0
80,0.1,1031,16,11.2,16,11.2,0.059261977,0,0.000574388,0,0.627590188,0,1.478691679,1,60.82330418,0
80,0.2,1042.8,13.2,9,13.2,9,0.018572705,0,0.000949364,0,0.373954673,0,1.614782786,1.0125,65.55792554,0
80,0.3,1050.8,21.4,17,21.4,17,0.030833717,0,0.000571102,0,0.558727273,0,1.657878788,1.028571429,62.19201152,0
80,0.4,1056,31,24.8,31,24.8,0.098941661,0,0.000750879,0,1.08043573,0,1.389782135,1.062068966,61.39443844,0
80,0.5,1035.2,36.6,31,36.6,31,0.113351563,0,0.001727771,0,1.072398851,0,1.484823874,1.049414363,58.53340925,0
80,0.6,1042.2,31.2,25.4,31.2,25.4,0.123224274,0,0.000951458,0,0.765749574,0,1.32037758,1.086326923,71.98240118,0
80,0.7,1039.8,39.4,34.4,39.4,34.4,0.129557361,0,0.001338321,0,0.954414611,0,1.483357685,1.05900987,63.76722055,0
80,0.8,1024.6,39.8,31.8,39.8,31.8,0.159150547,0,0.001358055,0,0.945786365,0,1.392528406,1.093454371,61.27218797,0
80,0.9,1035.4,45.6,36.2,45.6,36.2,0.114012311,0,0.001939897,0,0.821673449,0,1.274684507,1.102663198,65.94719371,0
80,1,1045.6,55.6,47.6,55.6,47.6,0.277744781,0,0.001536414,0,0.821806479,0,1.331530013,1.118654649,61.58237736,0
80,2,1052,93.6,76.6,93.6,76.6,0.428138418,0,0.004360574,0,1.389369433,0,1.263063742,1.208783798,63.2514853,0
80,3,1047.8,163,117.6,163,117.6,0.612168647,0,0.006680934,0,1.742733918,0,1.306168061,1.308887218,58.16553365,0
80,4,1043.6,190,131.6,190,131.6,0.659375527,0,0.008588845,0,1.543911637,0,1.268915649,1.371168169,57.13342202,0
80,5,1048.4,231.8,149,231.8,149,1.051326345,0,0.008043214,0,2.020754236,0,1.280221164,1.321008459,54.91495397,0
80,6,1037.8,294.4,171.4,294.4,171.4,1.398238364,0,0.011708745,0,2.658823683,0,1.427380149,1.335474024,55.39848713,0
80,7,1051.4,355.6,184.4,355.6,184.4,2.024950175,0,0.012974748,0,3.318587586,0,1.596196479,1.349175416,54.22949632,0
80,8,1034.8,376,195.8,376,195.8,1.584659371,0,0.015124866,0,2.784024395,0,1.623154154,1.336161775,51.37864731,0
80,9,1040.6,358,186.8,358,186.8,1.525806825,0,0.013458361,0,2.658125149,0,1.557924509,1.292723046,53.31229077,0
80,10,1040.2,472.8,210.2,472.8,210.2,1.879944802,0,0.024019558,0,3.136575238,0,1.99534657,1.280027823,49.53824724,0
80,20,1050.2,793,275.6,793,275.6,3.039231777,0,0.165395883,0,4.783695464,0,13.36171711,1.436979393,31.58460697,0
80,30,1036.4,906.2,357,906.2,357,2.67412508,0,0.3873931,0,5.149425498,0,33.75133325,1.517011799,25.36051045,0
80,40,1067.2,987.8,411.2,987.8,411.2,2.934627165,0,0.475603207,0,6.621742146,0,55.68784412,1.66700503,22.26701671,0
80,50,1038.8,995.8,435.8,995.8,435.8,2.630574174,0,0.526336402,0,7.319215801,0,77.67471564,1.599561973,20.33974297,0
90,0.1,1028.2,19.6,14.4,19.6,14.4,0.037045661,0,0.000795095,0,0.801808159,0,1.707552252,1.016666667,56.51555395,0
90,0.2,1035.6,20.8,16.6,20.8,16.6,0.068038117,0,0.000384662,0,0.369302811,0,1.474852877,1.079555556,64.31276281,0
90,0.3,1032.8,21.4,15.8,21.4,15.8,0.05357868,0,0.000780099,0,0.611840959,0,1.602766885,1.149761905,58.7063,0
90,0.4,1064.6,37.8,30,37.8,30,0.181461968,0,0.001499574,0,1.05605689,0,1.643965637,1.026142733,56.76086374,0
90,0.5,1056.2,29.2,23.4,29.2,23.4,0.111332214,0,0.000931191,0,0.767527473,0,1.530238095,1.035628852,74.67894799,0
90,0.6,1037.8,35.8,30,35.8,30,0.206585421,0,0.001152698,0,0.959312509,0,1.314707679,1.048018648,61.61905114,0
90,0.7,1044,38.2,35,38.2,35,0.083586976,0,0.000570864,0,0.6061044,0,1.325043968,1.121935076,64.38059242,0
90,0.8,1076,38.2,31,38.2,31,0.155947873,0,0.001300065,0,0.828687195,0,1.346349337,1.053571429,67.72784731,0
90,0.9,1045.8,39.8,31.2,39.8,31.2,0.13933985,0,0.00152097,0,0.773827408,0,1.350622455,1.066471572,67.31046433,0
90,1,1038.2,61.2,52.8,61.2,52.8,0.355689418,0,0.002310402,0,1.252557908,0,1.205542288,1.100638306,59.33708355,0
90,2,1023.4,98.6,84.2,98.6,84.2,0.361938481,0,0.0037098,0,1.271396544,0,1.317451346,1.215122404,57.52949617,0
90,3,1031.6,137.8,106.2,137.8,106.2,0.791302773,0,0.006007315,0,1.721231654,0,1.184267252,1.334355352,56.98852417,0
90,4,1022,166.4,123.8,166.4,123.8,0.701512811,0,0.006648081,0,1.609375001,0,1.281175636,1.286541708,58.70521969,0
90,5,1029,197.6,137.8,197.6,137.8,0.963088117,0,0.006183601,0,2.037049772,0,1.316869138,1.32072157,56.20570287,0
90,6,1030.4,251.6,168.8,251.6,168.8,1.000191667,0,0.009864151,0,2.007832868,0,1.474782874,1.370378711,55.87847658,0
90,7,1049.6,302.8,182.2,302.8,182.2,1.517259439,0,0.01407933,0,2.626598691,0,1.431827006,1.380494184,55.21622308,0
90,8,1022.4,323,198.4,323,198.4,1.469807991,0,0.014500199,0,2.715137757,0,1.548462782,1.381498537,51.59697731,0
90,9,1046.4,395.6,211.2,395.6,211.2,1.938276648,0,0.020229303,0,3.07706741,0,1.757052764,1.381624858,52.59647204,0
90,10,1051,408.8,222,408.8,222,1.512385578,0,0.020639493,0,2.602081928,0,1.753796793,1.410346355,51.2920948,0
90,20,1051.4,780,280,780,280,2.973187737,0,0.147517079,0,4.544762297,0,11.10890743,1.441527642,32.83874227,0
90,30,1058,893,348.4,893,348.4,3.349406802,0,0.328744317,0,5.669330391,0,25.93616139,1.451848769,27.00913647,0
90,40,1037,939,390.8,939,390.8,2.946238027,0,0.443919947,0,6.136708756,0,46.17879049,1.660789106,23.48119096,0
90,50,1052,994.6,414.8,994.6,414.8,2.739942456,0,0.507975919,0,6.793834183,0,64.53461638,1.522664096,21.58455184,0
100,0.1,1048.8,11.2,8,11.2,8,0.004453255,0,0.000373473,0,0.226363636,0,2.163679654,1,70.36628918,0
100,0.2,1031.8,18.4,15.2,18.4,15.2,0.017010724,0,0.000967221,0,0.392886997,0,1.994365325,1.045317337,56.18936037,0
100,0.3,1022.6,33.4,27,33.4,27,0.164401113,0,0.000955427,0,1.088655871,0,1.657924858,1.058988095,54.86007376,0
100,0.4,1045.8,26.6,21,26.6,21,0.081591004,0,0.001557348,0,0.797800587,0,1.529503095,1.05,61.15034397,0
100,0.5,1050.4,28.2,22.4,28.2,22.4,0.047431768,0,0.001554192,0,0.507893218,0,1.561746032,1.052359253,65.60960548,0
100,0.6,1078.2,35.6,30,35.6,30,0.117042038,0,0.001115587,0,0.82893031,0,1.39591821,1.034922758,61.01009864,0
100,0.7,1059.6,37.8,30.2,37.8,30.2,0.127521999,0,0.001656533,0,0.765466895,0,1.175361103,1.110705267,60.62617146,0
100,0.8,1051.6,42,36.8,42,36.8,0.110821186,0,0.00113216,0,0.778842206,0,1.358161813,1.077411765,57.01559817,0
100,0.9,1056.6,46,40.6,46,40.6,0.259703858,0,0.002271579,0,1.109495291,0,1.357443971,1.136268762,59.73477824,0
100,1,1056.6,53.8,44.6,53.8,44.6,0.302041919,0,0.001693641,0,1.055184008,0,1.347408456,1.174331024,63.32976377,0
100,2,1048,88.2,73.6,88.2,73.6,0.417082021,0,0.003420285,0,1.199249885,0,1.271143679,1.150445342,62.56365284,0
100,3,1044.2,114,92.8,114,92.8,0.636215793,0,0.003505613,0,1.887124194,0,1.163683083,1.310804588,58.90113437,0
100,4,1062.2,131.2,106.2,131.2,106.2,0.458623464,0,0.004324845,0,1.264374266,0,1.243835566,1.286286333,55.97177486,0
100,5,1059.8,190.6,145.2,190.6,145.2,0.914875094,0,0.005865139,0,1.803116217,0,1.283972867,1.398412974,59.72483032,0
100,6,1054.6,228.8,153.8,228.8,153.8,1.186276469,0,0.007751721,0,2.31825728,0,1.352934862,1.312487072,55.63839391,0
100,7,1022.2,228.8,161.8,228.8,161.8,1.118577593,0,0.007492958,0,2.533376568,0,1.403864607,1.459105469,57.05628913,0
100,8,1042,309.4,195,309.4,195,1.350567008,0,0.011752635,0,2.833228597,0,1.46976032,1.561180017,56.90520568,0
100,9,1037.8,337.6,203.2,337.6,203.2,1.590478848,0,0.015973527,0,2.826100029,0,1.516480616,1.431121997,52.27154404,0
100,10,1029.8,406,213.8,406,213.8,1.895982011,0,0.018845191,0,3.242445447,0,1.737063516,1.394936494,51.31339839,0
100,20,1051.4,704.4,271.4,704.4,271.4,2.75258044,0,0.077107123,0,4.186818685,0,6.148649826,1.588499488,37.35333548,0
100,30,1050.2,844,322.6,844,322.6,3.125374718,0,0.272877369,0,5.334533523,0,20.78403529,1.604058508,28.47389564,0
100,40,1038.4,919,355.8,919,355.8,3.505291127,0,0.407596003,0,6.68023778,0,38.1759841,1.466719773,23.92975844,0
100,50,1054.6,984.8,390.6,984.8,390.6,3.072553695,0,0.482526032,0,7.007836622,0,57.39414375,1.603461596,21.61379396,0
200,0.1,2102.6,8.8,5.2,8.8,5.2,0.005058117,0,0,0,0.276161616,0,1.714343434,1.066666667,66.7883798,0
200,0.2,2089,20.2,17.2,20.2,17.2,0.056070475,0,0.000274767,0,0.756925647,0,1.698663325,1.063823529,68.30796942,0.04
200,0.3,2113.8,21.4,17.8,21.4,17.8,0.021207777,0,0.000289388,0,0.365949988,0,1.83246392,1.08,68.55494387,0.23030303
200,0.4,2085.6,25.2,20,25.2,20,0.0526149,0,0.0003967,0,0.953295651,0,1.572927456,1.029090909,62.76515873,0.2
200,0.5,2074.4,32.8,27.8,32.8,27.8,0.084324968,0,0.0003954,0,0.906626363,0,1.39708575,1.040972222,63.02884256,0.202281746
200,0.6,2177.6,41.2,36.8,41.2,36.8,0.116326383,0,0.00045947,0,1.010002509,0,1.2700747,1.063922481,59.30227766,0.1095
200,0.7,2156.8,38.4,35,38.4,35,0.0794538,0,0.000462888,0,0.752243506,0,1.322137516,1.106400118,58.69773261,0.656681726
200,0.8,2101.2,42.2,35.8,42.2,35.8,0.144856023,0,0.000570201,0,1.207822327,0,1.421795073,1.080102564,56.60488821,0.185347985
200,0.9,2055.4,41.2,35.6,41.2,35.6,0.135605261,0,0.000780856,0,0.798752608,0,1.411256007,1.085718906,61.80236058,0.62757892
200,1,2059.2,48.8,41,48.8,41,0.11412615,0,0.000780553,0,0.874536042,0,1.272949806,1.148867244,59.2709974,0.574473304
200,2,2072.4,82.6,73.4,82.6,73.4,0.16587124,0,0.000881041,0,1.032026734,0,1.313233083,1.17403324,58.64026754,0.821172757
200,3,2107.6,130.2,114.4,130.2,114.4,0.49212912,0,0.001967208,0,1.641037444,0,1.156861016,1.284232812,56.34836227,1.274780544
200,4,2063,148,133.2,148,133.2,0.51238677,0,0.002217001,0,1.564010803,0,1.161254675,1.306788747,56.87140396,0.983172557
200,5,2095.6,193.8,170,193.8,170,0.482867955,0,0.003919071,0,1.616211462,0,1.200245334,1.320211384,58.0467212,1.099434268
200,6,2098.6,220.4,184.8,220.4,184.8,0.643881816,0,0.003689155,0,1.781382072,0,1.176996599,1.452944833,57.50295342,1.105827134
200,7,2165.4,297.2,236.8,297.2,236.8,0.766563882,0,0.004915652,0,2.132341674,0,1.215239826,1.576718103,53.6327564,0.761787618
200,8,2112.2,318.4,264,318.4,264,0.908492323,0,0.005738702,0,2.210655336,0,1.189683482,1.651637375,55.5807148,0.744190833
200,9,2108.8,357.6,286.6,357.6,286.6,1.132367588,0,0.007025426,0,2.5138613,0,1.228906661,1.710361173,57.32992834,0.681339621
200,10,2133,426.4,318.4,426.4,318.4,1.14320907,0,0.00703106,0,2.227867107,0,1.269153702,1.834431881,53.92385269,1.1240076
200,20,2055.6,722.8,437.2,722.8,437.2,1.933365986,0,0.015687423,0,3.43869805,0,1.644938149,2.154447448,51.42139411,1.080407312
200,30,2160,1076.6,527.6,1076.6,527.6,2.551118928,0,0.029295069,0,4.34992773,0,2.3372161,2.242150878,47.25713166,1.458815772
200,40,2047,1383.4,540.8,1383.4,540.8,3.603625149,0,0.092770477,0,5.736526536,0,7.158242454,2.326522308,37.2384875,1.806421919
200,50,2079.2,1543.8,553.2,1543.8,553.2,3.127947994,0,0.22499361,0,5.534378811,0,18.21424775,2.224837395,31.31901051,1.801202763
300,0.1,3088.6,14.8,11.8,14.8,11.8,0.004871243,0,6.62032E-05,0,0.304087302,0,2.1675,1.033333333,65.17609643,0.33
300,0.2,3125.8,22.6,18,22.6,18,0.033499695,0,0.000254331,0,0.778450707,0,1.853822816,1.021182266,55.14675744,0.707384565
300,0.3,3211.6,22,16.6,22,16.6,0.025368576,0,6.61813E-05,0,0.386331984,0,1.715870445,1.04,64.05945673,0.540606061
300,0.4,3222.8,30.4,26.6,30.4,26.6,0.021796925,0,0.000371374,0,0.593047989,0,1.535520949,1.034833576,59.89744076,0.881787146
300,0.5,3131.6,28.2,26.4,28.2,26.4,0.050690555,0,6.49984E-05,0,0.538180113,0,1.393166562,1.044170911,63.40846175,0.986468446
300,0.6,3130.4,34.2,30.8,34.2,30.8,0.039327147,0,0.000265076,0,0.770190483,0,1.414429037,1.073046262,56.94129159,1.171924329
300,0.7,3119.4,45.2,38.6,45.2,38.6,0.107639704,0,0.000392769,0,1.163036591,0,1.305079207,1.06555734,55.4946628,1.463447356
300,0.8,3203.8,41.2,36.6,41.2,36.6,0.049508375,0,0.000255336,0,0.68978355,0,1.397748918,1.066457544,61.62150418,2.282516
300,0.9,3137.4,45.6,39.2,45.6,39.2,0.080597595,0,0.000385649,0,1.221365796,0,1.271057434,1.055706872,57.27442192,2.106740897
300,1,3156,50.4,44,50.4,44,0.09972861,0,0.000564376,0,0.8317798,0,1.228807172,1.089291226,59.27829853,2.406627685
300,2,3262.4,98,87.6,98,87.6,0.231915223,0,0.000916415,0,1.167647381,0,1.213214718,1.160713763,55.8176987,3.603607878
300,3,3131.4,119,105.4,119,105.4,0.226095812,0,0.001416379,0,1.349485396,0,1.148951163,1.208792007,58.72732602,4.092359595
300,4,3119.8,135,123.6,135,123.6,0.283894697,0,0.00076383,0,1.282358486,0,1.108670639,1.360540081,60.24667244,6.737613935
300,5,3092.2,199,178.8,199,178.8,0.467402737,0,0.002195177,0,1.485576542,0,1.111670789,1.380500835,57.95463748,9.613658464
300,6,3129,230.4,208.2,230.4,208.2,0.503674336,0,0.002497688,0,1.617855348,0,1.127014291,1.383969219,57.51869478,7.879879482
300,7,3093,275.2,239.2,275.2,239.2,0.545696662,0,0.003379871,0,1.731659229,0,1.126713969,1.4998417,57.3893277,8.142246484
300,8,3122,291.6,262.2,291.6,262.2,0.678815972,0,0.00282309,0,1.795421557,0,1.138323123,1.59835919,56.43758285,15.92402637
300,9,3161,333.8,285.2,333.8,285.2,0.831664574,0,0.003935432,0,2.204884302,0,1.148825687,1.596113217,54.6458076,7.015919939
300,10,3113.6,341.2,297.8,341.2,297.8,0.700357762,0,0.003014231,0,1.815970361,0,1.162182246,1.614779647,57.53891291,10.84085597
300,20,3202,759.8,557.4,759.8,557.4,1.425970631,0,0.008762796,0,2.735670747,0,1.32200832,2.094255673,54.223269,8.929975685
300,30,3123.6,1140.4,693.8,1140.4,693.8,2.076115335,0,0.018883415,0,4.03943833,0,1.794565304,2.286645799,49.45562507,9.120709173
300,40,3167.2,1521.6,770.6,1521.6,770.6,2.902717209,0,0.029372702,0,5.244098484,0,2.341148359,2.535361869,47.20635108,15.51192361
300,50,3150.4,1893,828.4,1893,828.4,3.181836672,0,0.048962758,0,5.488251965,0,3.741716529,2.562191125,41.60539353,15.9365536
400,0.1,4283,16,12,16,12,0.008461197,0,0.000233331,0,0.529327388,0,1.647655147,1.011764706,67.63283374,1.034360411
400,0.2,4307,16.6,12.4,16.6,12.4,0.006032101,0,0.000136873,0,0.474358974,0,2.021538462,1,68.18233846,1.140730223
400,0.3,4197.6,16.2,12.8,16.2,12.8,0.00909824,0,0.000191997,0,0.495530493,0,1.570948204,1.023529412,70.11364077,1.800265369
400,0.4,4186,25.6,20.6,25.6,20.6,0.011517692,0,0.000143599,0,0.462046847,0,1.534016126,1.064102564,56.31266387,3.816483516
400,0.5,4151.4,31,27.8,31,27.8,0.085059603,0,0.000234599,0,1.056827655,0,1.453220652,1.063829787,58.06138968,3.07883965
400,0.6,4166.2,35.4,32.2,35.4,32.2,0.051435071,0,0.000470262,0,0.773411787,0,1.311908408,1.025451488,59.39279327,4.960207791
400,0.7,4232.8,37.8,33.8,37.8,33.8,0.092750737,0,0.000378861,0,0.757914863,0,1.419704185,1.035396051,56.37650047,4.245759132
400,0.8,4167.4,48.4,44,48.4,44,0.042673627,0,0.000571839,0,0.669938108,0,1.251547303,1.082081293,62.05763307,6.300110625
400,0.9,4241.4,52.2,47.2,52.2,47.2,0.137678449,0,0.000564159,0,1.16097431,0,1.24944339,1.058844502,56.99922654,6.345540037
400,1,4149.2,49.6,42.8,49.6,42.8,0.088662509,0,0.000477718,0,1.059345182,0,1.253918362,1.050759653,59.57067412,7.373105568
400,2,4107,99.2,93.2,99.2,93.2,0.133395716,0,0.000667154,0,1.318371915,0,1.205246614,1.136668755,57.05187732,12.18596582
400,3,4169,121.2,114.8,121.2,114.8,0.16384832,0,0.001448582,0,1.156776933,0,1.127233511,1.210686625,59.1495642,19.59511639
400,4,4115.6,160.2,153,160.2,153,0.251141949,0,0.001263323,0,1.28859107,0,1.124135881,1.271778995,58.17945612,18.22123268
400,5,4244.4,188.4,179.2,188.4,179.2,0.307402244,0,0.002603486,0,1.453704001,0,1.090003596,1.350778053,58.93671792,26.79976852
400,6,4103.2,249.2,234.8,249.2,234.8,0.616746825,0,0.002381042,0,1.853464149,0,1.114229505,1.44704494,57.39035552,26.0686848
400,7,4137,255.4,240.2,255.4,240.2,0.500319581,0,0.002067812,0,1.804045294,0,1.130405471,1.413063242,60.91803347,36.02148473
400,8,4170.6,327.2,307,327.2,307,0.792630351,0,0.002447934,0,2.296558431,0,1.108935873,1.543220785,55.98461609,30.71377426
400,9,4142.2,351.2,330.4,351.2,330.4,0.72250193,0,0.002584111,0,2.172239448,0,1.111915014,1.640799983,56.3832905,27.48189731
400,10,4134.2,384,358.2,384,358.2,0.557612329,0,0.002996428,0,1.743076327,0,1.136341839,1.500327144,57.44653654,36.61322283
400,20,4175.6,757.6,662.2,757.6,662.2,1.373952465,0,0.006420033,0,3.076553183,0,1.250948956,2.310944676,55.46366677,33.71202854
400,30,4201.6,1130.4,835.2,1130.4,835.2,1.874106111,0,0.010694681,0,3.586191168,0,1.41684238,2.399022551,52.58245633,27.99211243
400,40,4216.6,1521,978.4,1521,978.4,2.362560598,0,0.016592999,0,4.513098464,0,1.702268897,2.585591389,50.6731694,34.65163931
400,50,4319.2,1899.8,1186,1899.8,1186,2.715305504,0,0.021810854,0,4.986498929,0,1.984327716,2.868911729,48.53504665,41.13042329
500,0.1,5376.4,15.6,13,15.6,13,0.005346387,0,0.000112689,0,0.616839827,0,1.850599401,1.024666667,65.25761379,2.66
500,0.2,5235.8,19.6,16.2,19.6,16.2,0.023528982,0,0.000115178,0,0.626652333,0,1.689380475,1.041333333,61.24629954,6.790067488
500,0.3,5221.6,22,18.8,22,18.8,0.023799284,0,0.000110348,0,0.746210492,0,1.554884327,1.075054945,66.80002796,2.367399267
500,0.4,5292.4,25.2,20.6,25.2,20.6,0.030585452,0,0.000189807,0,1.072014652,0,1.377340659,1.01,55.6037959,3.181781377
500,0.5,5125.4,29.2,24.8,29.2,24.8,0.021455769,0,0.000237219,0,0.793909774,0,1.794360902,1.019512195,63.57159716,7.426419466
500,0.6,5234.6,30.6,27.2,30.6,27.2,0.033471176,0,0.000186349,0,0.707527402,0,1.390613583,1.087813677,61.99007244,5.579773113
500,0.7,5273.6,36.4,31.8,36.4,31.8,0.034251254,0,0.000340592,0,0.732604839,0,1.198003345,1.004545455,59.99183078,12.07153331
500,0.8,5214.6,43.8,39.6,43.8,39.6,0.11215672,0,0.000235277,0,1.284917144,0,1.15089552,1.04672712,54.38099332,10.87184877
500,0.9,5242.6,51.2,47.4,51.2,47.4,0.091099709,0,0.000303965,0,1.138827577,0,1.220392374,1.06727136,56.58451675,11.9295673
500,1,5350.2,54,49.2,54,49.2,0.073144627,0,0.000262822,0,1.441238247,0,1.304458719,1.065458708,54.4661949,13.27422447
500,2,5284,84.2,78.4,84.2,78.4,0.087507602,0,0.000566218,0,1.124553723,0,1.122788852,1.143512297,61.06107796,25.96173329
500,3,5291,126.6,120.8,126.6,120.8,0.168244974,0,0.000796067,0,1.216179654,0,1.159250594,1.174059265,60.36430465,39.95132534
500,4,5144.4,160.4,153.8,160.4,153.8,0.262380143,0,0.001202098,0,1.480534481,0,1.111896752,1.230145669,55.42158487,37.08434339
500,5,5180.6,200.4,191.4,200.4,191.4,0.23774769,0,0.001661135,0,1.280632546,0,1.098931894,1.269294835,58.72631597,41.97834157
500,6,5292.6,205.4,198.6,205.4,198.6,0.257760282,0,0.001444854,0,1.378179029,0,1.10327679,1.280049839,60.46675808,44.50068686
500,7,5126.2,259.6,247.8,259.6,247.8,0.444469887,0,0.001900168,0,1.900240368,0,1.141704681,1.400526588,57.55150187,42.75707058
500,8,5210.4,327,311.6,327,311.6,0.462299469,0,0.001982858,0,1.792612097,0,1.120321436,1.440572574,56.30792772,43.87058972
500,9,5439.4,350.6,334.8,350.6,334.8,0.446149066,0,0.002389222,0,1.620197682,0,1.10707042,1.424447951,56.7773255,48.71893295
500,10,5105.4,376,354.8,376,354.8,0.519071752,0,0.002698855,0,1.839249686,0,1.101961798,1.453554561,56.05146831,47.74820773
500,20,5347.8,753.6,688.8,753.6,688.8,0.893112956,0,0.005238844,0,2.030886397,0,1.181352578,1.775904993,55.19044852,56.36455655
500,30,5447,1162.2,1007.4,1162.2,1007.4,1.489445606,0,0.008814356,0,3.053710824,0,1.337083998,2.235011451,54.3944759,57.73253022
500,40,5228.8,1414.2,1188.8,1414.2,1188.8,1.911774675,0,0.010532043,0,3.816531554,0,1.409880601,2.571220027,52.31613978,51.01689435
500,50,5129,1781.8,1387.8,1781.8,1387.8,2.340842516,0,0.015706454,0,4.313173224,0,1.608903893,3.023566961,50.72437492,38.07452808
